-- MySQL dump 10.13  Distrib 8.0.31, for Win64 (x86_64)
--
-- Host: 127.0.0.1    Database: pbl5
-- ------------------------------------------------------
-- Server version	8.0.35

/*!40101 SET @OLD_CHARACTER_SET_CLIENT=@@CHARACTER_SET_CLIENT */;
/*!40101 SET @OLD_CHARACTER_SET_RESULTS=@@CHARACTER_SET_RESULTS */;
/*!40101 SET @OLD_COLLATION_CONNECTION=@@COLLATION_CONNECTION */;
/*!50503 SET NAMES utf8 */;
/*!40103 SET @OLD_TIME_ZONE=@@TIME_ZONE */;
/*!40103 SET TIME_ZONE='+00:00' */;
/*!40014 SET @OLD_UNIQUE_CHECKS=@@UNIQUE_CHECKS, UNIQUE_CHECKS=0 */;
/*!40014 SET @OLD_FOREIGN_KEY_CHECKS=@@FOREIGN_KEY_CHECKS, FOREIGN_KEY_CHECKS=0 */;
/*!40101 SET @OLD_SQL_MODE=@@SQL_MODE, SQL_MODE='NO_AUTO_VALUE_ON_ZERO' */;
/*!40111 SET @OLD_SQL_NOTES=@@SQL_NOTES, SQL_NOTES=0 */;

--
-- Table structure for table `grammar_lesson`
--

DROP TABLE IF EXISTS `grammar_lesson`;
/*!40101 SET @saved_cs_client     = @@character_set_client */;
/*!50503 SET character_set_client = utf8mb4 */;
CREATE TABLE `grammar_lesson` (
  `id` bigint NOT NULL AUTO_INCREMENT,
  `content` text NOT NULL,
  `lesson_name` varchar(255) NOT NULL,
  PRIMARY KEY (`id`)
) ENGINE=InnoDB AUTO_INCREMENT=7 DEFAULT CHARSET=utf8mb4 COLLATE=utf8mb4_0900_ai_ci;
/*!40101 SET character_set_client = @saved_cs_client */;

--
-- Dumping data for table `grammar_lesson`
--

LOCK TABLES `grammar_lesson` WRITE;
/*!40000 ALTER TABLE `grammar_lesson` DISABLE KEYS */;
INSERT INTO `grammar_lesson` VALUES (1,'# ? **Thì Hiện Tại Đơn (Present Simple Tense)**\r\n\r\n## 1. Định nghĩa\r\n**Thì Hiện Tại Đơn (Present Simple Tense)** dùng để diễn tả hành động hoặc sự việc xảy ra thường xuyên, theo thói quen, chân lý hiển nhiên hoặc sự thật vĩnh cửu.\r\n\r\n? **Ví dụ:**\r\n- The sun **rises** in the east. (Mặt trời mọc ở phía Đông.)\r\n- She **goes** to school every day. (Cô ấy đi học mỗi ngày.)\r\n\r\n---\r\n\r\n## 2. Công thức\r\n\r\n### ? **Câu khẳng định**\r\n> **S + V(s/es) + O** (với He/She/It/danh từ số ít)  \r\n> **S + V (nguyên thể) + O** (với I/You/We/They/danh từ số nhiều)\r\n\r\n? **Ví dụ:**\r\n- He **plays** soccer every weekend. (Anh ấy chơi bóng đá mỗi cuối tuần.)\r\n- They **work** in a big company. (Họ làm việc trong một công ty lớn.)\r\n\r\n### ? **Câu phủ định**\r\n> **S + do/does + not + V (nguyên thể) + O**\r\n\r\n? **Ví dụ:**\r\n- She **does not** like coffee. (Cô ấy không thích cà phê.)\r\n- We **do not** live in Hanoi. (Chúng tôi không sống ở Hà Nội.)\r\n\r\n### ? **Câu nghi vấn**\r\n> **Do/Does + S + V (nguyên thể) + O?**\r\n\r\n? **Ví dụ:**\r\n- **Do** you like ice cream? (Bạn có thích kem không?)\r\n- **Does** he play football? (Anh ấy có chơi bóng đá không?)\r\n\r\n---\r\n\r\n## 3. Cách dùng\r\n\r\n### 3.1. **Diễn tả thói quen hoặc hành động lặp đi lặp lại**\r\nThường đi kèm với các trạng từ: **always, often, usually, sometimes, rarely, never, every day, once a week**, ...\r\n\r\n? **Ví dụ:**\r\n- She **usually** gets up at 6 a.m. (Cô ấy thường dậy lúc 6 giờ sáng.)\r\n- I **go** to the gym twice a week. (Tôi đến phòng gym hai lần một tuần.)\r\n\r\n---\r\n\r\n### 3.2. **Diễn tả sự thật hiển nhiên hoặc chân lý**\r\n? **Ví dụ:**\r\n- The Earth **orbits** the Sun. (Trái đất quay quanh Mặt trời.)\r\n- Water **boils** at 100°C. (Nước sôi ở 100°C.)\r\n\r\n---\r\n\r\n### 3.3. **Diễn tả lịch trình cố định, thời gian biểu**\r\n? **Ví dụ:**\r\n- The train **leaves** at 7 p.m. (Chuyến tàu rời đi lúc 7 giờ tối.)\r\n- My class **starts** at 8 a.m. (Lớp học của tôi bắt đầu lúc 8 giờ sáng.)\r\n\r\n---\r\n\r\n## 4. Dấu hiệu nhận biết\r\nCác trạng từ chỉ tần suất hoặc thời gian thường gặp:\r\n\r\n? **Always, usually, often, sometimes, rarely, never**  \r\n? **Every day, every week, every month**  \r\n? **On Mondays, in the morning, at night**\r\n\r\n? **Ví dụ:**\r\n- I **always** drink coffee in the morning.  \r\n- The shop **closes** at 10 p.m. **every day**.\r\n\r\n---\r\n\r\n## 5. Video hướng dẫn  \r\n\r\n<iframe width=\"560\" height=\"315\" src=\"https://www.youtube.com/embed/q8jpjL0GPhk\" frameborder=\"0\" allow=\"accelerometer; autoplay; clipboard-write; encrypted-media; gyroscope; picture-in-picture\" allowfullscreen></iframe>\r\n\r\n---','Thì Hiện Tại Đơn'),(2,'# ? **Thì Hiện Tại Hoàn Thành (Present Perfect Tense)**\r\n\r\n## 1. Định nghĩa\r\n**Thì Hiện Tại Hoàn Thành (Present Perfect Tense)** dùng để diễn tả hành động **đã xảy ra trong quá khứ** nhưng **có liên quan đến hiện tại**, như kết quả, trải nghiệm hoặc kéo dài đến hiện tại.\r\n\r\n? **Ví dụ:**\r\n- I **have finished** my homework. (Tôi đã làm xong bài tập về nhà.)  \r\n- She **has lived** here for 10 years. (Cô ấy đã sống ở đây được 10 năm.)\r\n\r\n---\r\n\r\n## 2. Công thức\r\n\r\n### ? **Câu khẳng định**\r\n> **S + have/has + V<sub>pp</sub> + O**\r\n\r\n- **Has** dùng với **He/She/It**  \r\n- **Have** dùng với **I/You/We/They**\r\n\r\n? **Ví dụ:**\r\n- They **have visited** Da Nang twice. (Họ đã đến Đà Nẵng hai lần.)  \r\n- He **has written** three books. (Anh ấy đã viết ba cuốn sách.)\r\n\r\n### ? **Câu phủ định**\r\n> **S + have/has + not + V<sub>pp</sub> + O**\r\n\r\n? **Ví dụ:**\r\n- I **have not seen** that movie. (Tôi chưa xem bộ phim đó.)  \r\n- She **has not finished** her work. (Cô ấy chưa hoàn thành công việc.)\r\n\r\n### ? **Câu nghi vấn**\r\n> **Have/Has + S + V<sub>pp</sub> + O?**\r\n\r\n? **Ví dụ:**\r\n- **Have** you **ever been** to Japan? (Bạn đã từng đến Nhật chưa?)  \r\n- **Has** he **done** his homework? (Anh ấy đã làm bài tập chưa?)\r\n\r\n---\r\n\r\n## 3. Cách dùng\r\n\r\n### 3.1. **Diễn tả hành động xảy ra trong quá khứ và còn tiếp tục ở hiện tại**\r\n➡ Thường đi kèm với **for** và **since**.\r\n\r\n? **Ví dụ:**\r\n- I **have lived** in this city **for** 5 years. (Tôi đã sống ở thành phố này được 5 năm.)  \r\n- She **has worked** here **since** 2020. (Cô ấy đã làm việc ở đây từ năm 2020.)\r\n\r\n---\r\n\r\n### 3.2. **Diễn tả hành động đã xảy ra nhưng không rõ thời điểm**\r\n➡ Nhấn mạnh **kết quả** hoặc **trải nghiệm**.\r\n\r\n? **Ví dụ:**\r\n- We **have eaten** lunch. (Chúng tôi đã ăn trưa.)  \r\n- He **has lost** his keys. (Anh ấy đã làm mất chìa khóa.)\r\n\r\n---\r\n\r\n### 3.3. **Diễn tả trải nghiệm (đã từng/chưa từng)**\r\n➡ Thường dùng với **ever**, **never**.\r\n\r\n? **Ví dụ:**\r\n- I **have never tried** sushi. (Tôi chưa từng ăn sushi.)  \r\n- **Have** you **ever met** a celebrity? (Bạn đã từng gặp người nổi tiếng chưa?)\r\n\r\n---\r\n\r\n## 4. Dấu hiệu nhận biết\r\nCác từ/cụm từ thường đi kèm:\r\n\r\n? **Just**: vừa mới  \r\n? **Already**: đã, rồi  \r\n? **Yet**: chưa (dùng trong phủ định và nghi vấn)  \r\n? **Ever**: từng  \r\n? **Never**: chưa từng  \r\n? **Since** + mốc thời gian (since 2010, since last week)  \r\n? **For** + khoảng thời gian (for 2 years, for a long time)\r\n\r\n? **Ví dụ:**\r\n- She **has just arrived**. (Cô ấy vừa mới đến.)  \r\n- I **have already eaten**. (Tôi đã ăn rồi.)  \r\n- **Have** you done your homework **yet**? (Bạn đã làm bài tập chưa?)  \r\n- They **have lived** here **since** 2015.  \r\n- He **has worked** there **for** 3 months.\r\n\r\n---\r\n\r\n## 5. Video hướng dẫn  \r\n\r\n<iframe width=\"560\" height=\"315\" src=\"https://www.youtube.com/embed/dQiYjKYSH0w\" frameborder=\"0\" allow=\"accelerometer; autoplay; clipboard-write; encrypted-media; gyroscope; picture-in-picture\" allowfullscreen></iframe>\r\n\r\n---','Thì Hiện Tại Hoàn Thành'),(3,'# ? **Thì Hiện Tại Tiếp Diễn (Present Continuous Tense)**\r\n\r\n## 1. Định nghĩa\r\n**Thì Hiện Tại Tiếp Diễn (Present Continuous Tense)** dùng để diễn tả hành động **đang xảy ra ngay tại thời điểm nói**, hoặc hành động **xảy ra trong khoảng thời gian hiện tại** (chưa kết thúc), cũng có thể dùng cho **kế hoạch trong tương lai gần**.\r\n\r\n? **Ví dụ:**\r\n- I **am studying** English now. (Tôi đang học tiếng Anh ngay bây giờ.)  \r\n- She **is working** on a new project. (Cô ấy đang làm việc với một dự án mới.)\r\n\r\n---\r\n\r\n## 2. Công thức\r\n\r\n### ? **Câu khẳng định**\r\n> **S + am/is/are + V-ing**\r\n\r\n- **am** với **I**  \r\n- **is** với **He/She/It**  \r\n- **are** với **You/We/They**\r\n\r\n? **Ví dụ:**\r\n- He **is reading** a book. (Anh ấy đang đọc sách.)  \r\n- They **are playing** football. (Họ đang chơi bóng đá.)\r\n\r\n### ? **Câu phủ định**\r\n> **S + am/is/are + not + V-ing**\r\n\r\n? **Ví dụ:**\r\n- She **is not watching** TV. (Cô ấy không đang xem TV.)  \r\n- We **are not going** to school today. (Chúng tôi không đi học hôm nay.)\r\n\r\n### ? **Câu nghi vấn**\r\n> **Am/Is/Are + S + V-ing?**\r\n\r\n? **Ví dụ:**\r\n- **Are** you **doing** your homework? (Bạn đang làm bài tập à?)  \r\n- **Is** he **sleeping** now? (Anh ấy đang ngủ à?)\r\n\r\n---\r\n\r\n## 3. Cách dùng\r\n\r\n### 3.1. **Diễn tả hành động đang xảy ra ngay lúc nói**\r\n➡ Đây là cách dùng phổ biến nhất.\r\n\r\n? **Ví dụ:**\r\n- I **am talking** on the phone. (Tôi đang nói chuyện điện thoại.)  \r\n- They **are studying** for the exam. (Họ đang ôn thi.)\r\n\r\n---\r\n\r\n### 3.2. **Diễn tả hành động xảy ra xung quanh thời điểm nói (nhưng không nhất thiết đúng lúc nói)**\r\n➡ Nhấn mạnh quá trình đang diễn ra.\r\n\r\n? **Ví dụ:**\r\n- She **is working** on a new app these days. (Dạo này cô ấy đang làm ứng dụng mới.)  \r\n- We **are learning** about photosynthesis this week. (Tuần này chúng tôi học về quá trình quang hợp.)\r\n\r\n---\r\n\r\n### 3.3. **Diễn tả kế hoạch, dự định đã lên lịch trong tương lai gần**\r\n➡ Thường đi kèm với mốc thời gian cụ thể.\r\n\r\n? **Ví dụ:**\r\n- I **am meeting** my friend at 6 p.m. (Tôi sẽ gặp bạn lúc 6 giờ tối.)  \r\n- They **are flying** to Da Nang tomorrow. (Họ sẽ bay đến Đà Nẵng vào ngày mai.)\r\n\r\n---\r\n\r\n## 4. Dấu hiệu nhận biết\r\nCác từ và cụm từ thường gặp trong thì hiện tại tiếp diễn:\r\n\r\n? **Now**: bây giờ  \r\n? **Right now**: ngay lúc này  \r\n? **At the moment**: vào lúc này  \r\n? **At present**: hiện tại  \r\n? **Today, this week, this month**  \r\n? **Look!**, **Listen!** (Dấu hiệu hành động đang diễn ra)\r\n\r\n? **Ví dụ:**\r\n- Look! The baby **is sleeping**. (Nhìn kìa! Em bé đang ngủ.)  \r\n- I **am not working** this week. (Tuần này tôi không đi làm.)\r\n\r\n---\r\n\r\n## 5. Video hướng dẫn\r\n  \r\n<iframe width=\"560\" height=\"315\" src=\"https://www.youtube.com/embed/ZZtHS_NU-5g\" frameborder=\"0\" allow=\"accelerometer; autoplay; clipboard-write; encrypted-media; gyroscope; picture-in-picture\" allowfullscreen></iframe>\r\n\r\n---','Thì Hiện Tại Tiếp Diễn'),(4,'# ? **Thì Quá Khứ Đơn (Past Simple Tense)**\r\n\r\n## 1. Định nghĩa\r\n**Thì Quá Khứ Đơn (Past Simple Tense)** dùng để diễn tả **hành động đã xảy ra và kết thúc** trong quá khứ, tại một thời điểm xác định.\r\n\r\n? **Ví dụ:**\r\n- I **watched** a movie last night. (Tôi đã xem một bộ phim tối qua.)  \r\n- She **went** to Paris in 2020. (Cô ấy đã đến Paris vào năm 2020.)\r\n\r\n---\r\n\r\n## 2. Công thức\r\n\r\n### ? **Câu khẳng định**\r\n> **S + V₂/ed + O**  \r\n(*V₂ là động từ ở dạng quá khứ*)\r\n\r\n? **Ví dụ:**\r\n- He **played** soccer yesterday. (Anh ấy đã chơi bóng đá hôm qua.)  \r\n- We **visited** our grandparents last weekend. (Chúng tôi đã thăm ông bà cuối tuần trước.)\r\n\r\n### ? **Câu phủ định**\r\n> **S + did not + V (nguyên thể) + O**\r\n\r\n? **Ví dụ:**\r\n- She **did not go** to school yesterday. (Cô ấy đã không đi học hôm qua.)  \r\n- They **did not finish** the project. (Họ đã không hoàn thành dự án.)\r\n\r\n### ? **Câu nghi vấn**\r\n> **Did + S + V (nguyên thể) + O?**\r\n\r\n? **Ví dụ:**\r\n- **Did** you **see** that movie? (Bạn đã xem bộ phim đó chưa?)  \r\n- **Did** he **call** you last night? (Anh ấy đã gọi cho bạn tối qua à?)\r\n\r\n---\r\n\r\n## 3. Cách dùng\r\n\r\n### 3.1. **Diễn tả hành động xảy ra và kết thúc trong quá khứ**\r\n? **Ví dụ:**\r\n- I **bought** a new phone last week. (Tôi đã mua một chiếc điện thoại mới tuần trước.)  \r\n- They **moved** to Hanoi in 2015. (Họ đã chuyển đến Hà Nội vào năm 2015.)\r\n\r\n---\r\n\r\n### 3.2. **Diễn tả chuỗi hành động liên tiếp trong quá khứ**\r\n? **Ví dụ:**\r\n- He **woke up**, **brushed** his teeth, and **went** to work. (Anh ấy thức dậy, đánh răng và đi làm.)\r\n\r\n---\r\n\r\n### 3.3. **Diễn tả thói quen hoặc hành động lặp lại trong quá khứ**\r\n? **Ví dụ:**\r\n- When I was a child, I **played** in the garden every afternoon. (Khi tôi còn nhỏ, tôi thường chơi trong vườn mỗi buổi chiều.)\r\n\r\n---\r\n\r\n## 4. Dấu hiệu nhận biết\r\nCác trạng từ chỉ thời gian trong quá khứ:\r\n\r\n? **Yesterday, last night/week/month/year**  \r\n? **Ago** (2 days ago, a year ago, etc.)  \r\n? **In + mốc thời gian trong quá khứ** (in 1990, in March, ...)  \r\n? **When + mệnh đề quá khứ**\r\n\r\n? **Ví dụ:**\r\n- I **saw** him **yesterday**.  \r\n- She **graduated** **two years ago**.  \r\n- We **met** each other **in 2010**.\r\n\r\n---\r\n\r\n## 5. Video hướng dẫn\r\n  \r\n<iframe width=\"560\" height=\"315\" src=\"https://www.youtube.com/embed/lmCBxXztfEY\" frameborder=\"0\" allow=\"accelerometer; autoplay; clipboard-write; encrypted-media; gyroscope; picture-in-picture\" allowfullscreen></iframe>\r\n\r\n---','Thì Quá Khứ Đơn'),(5,'# ? **Thì Quá Khứ Tiếp Diễn (Past Continuous Tense)**\r\n\r\n## 1. Định nghĩa\r\n**Thì Quá Khứ Tiếp Diễn (Past Continuous Tense)** được sử dụng để diễn tả hành động đang xảy ra tại một thời điểm xác định trong quá khứ hoặc một hành động đang diễn ra thì bị một hành động khác xen vào.\r\n\r\n? **Ví dụ:**\r\n- At 8 p.m. yesterday, I **was watching** TV. (Lúc 8 giờ tối qua, tôi đang xem TV.)\r\n- We **were having** dinner when she called. (Chúng tôi đang ăn tối thì cô ấy gọi.)\r\n\r\n---\r\n\r\n## 2. Công thức\r\n\r\n### ? **Câu khẳng định**\r\n> **S + was/were + V-ing + O**\r\n\r\n- **Was** dùng với chủ ngữ số ít: He, She, It, I.  \r\n- **Were** dùng với chủ ngữ số nhiều: You, We, They.\r\n\r\n? **Ví dụ:**\r\n- She **was reading** a book at 9 a.m. (Cô ấy đang đọc sách lúc 9 giờ sáng.)\r\n- They **were playing** football in the park. (Họ đang chơi bóng đá trong công viên.)\r\n\r\n### ? **Câu phủ định**\r\n> **S + was/were + not + V-ing + O**\r\n\r\n- **Was not** = **Wasn\'t**  \r\n- **Were not** = **Weren\'t**\r\n\r\n? **Ví dụ:**\r\n- I **wasn\'t sleeping** at that time. (Tôi không đang ngủ vào lúc đó.)\r\n- They **weren\'t listening** to music. (Họ không đang nghe nhạc.)\r\n\r\n### ? **Câu nghi vấn**\r\n> **Was/Were + S + V-ing + O?**\r\n\r\n? **Ví dụ:**\r\n- **Were** you **watching** TV at 7 p.m.? (Bạn có đang xem TV lúc 7 giờ tối không?)\r\n- **Was** he **working** yesterday afternoon? (Anh ấy có đang làm việc chiều hôm qua không?)\r\n\r\n---\r\n\r\n## 3. Cách dùng\r\n\r\n### 3.1. **Diễn tả hành động đang xảy ra tại một thời điểm xác định trong quá khứ**\r\n? **Ví dụ:**\r\n- At 10 a.m. yesterday, she **was studying**. (Lúc 10 giờ sáng qua, cô ấy đang học bài.)\r\n\r\n---\r\n\r\n### 3.2. **Diễn tả hai hành động xảy ra đồng thời trong quá khứ**\r\n? **Ví dụ:**\r\n- While I **was cooking**, he **was reading** the newspaper. (Trong khi tôi đang nấu ăn, anh ấy đang đọc báo.)\r\n\r\n---\r\n\r\n### 3.3. **Diễn tả một hành động đang diễn ra thì bị một hành động khác xen vào**\r\n- Hành động đang diễn ra dùng thì Quá Khứ Tiếp Diễn.  \r\n- Hành động xen vào dùng thì Quá Khứ Đơn.\r\n\r\n? **Ví dụ:**\r\n- I **was walking** home when it **started** to rain. (Tôi đang đi bộ về nhà thì trời bắt đầu mưa.)\r\n\r\n---\r\n\r\n## 4. Dấu hiệu nhận biết\r\n\r\nCác cụm từ thường đi kèm với thì Quá Khứ Tiếp Diễn:\r\n\r\n? **At + giờ cụ thể + thời gian trong quá khứ** (At 9 p.m. yesterday)  \r\n? **While** (Trong khi)  \r\n? **When** (Khi)\r\n\r\n? **Ví dụ:**\r\n- At 8 o\'clock last night, they **were watching** a movie.  \r\n- She **was sleeping** when I **called** her.\r\n\r\n---\r\n\r\n## 5. Video hướng dẫn\r\n\r\n? **Xem video dưới đây để hiểu rõ hơn về thì Quá Khứ Tiếp Diễn:**\r\n\r\n<iframe width=\"560\" height=\"315\" src=\"https://www.youtube.com/embed/mCzSc4DBYjM\" frameborder=\"0\" allow=\"accelerometer; autoplay; clipboard-write; encrypted-media; gyroscope; picture-in-picture\" allowfullscreen></iframe>\r\n\r\n---\r\n\r\n## 6. Kết luận\r\n\r\n**Thì Quá Khứ Tiếp Diễn** rất quan trọng trong việc diễn tả các hành động đang diễn ra tại một thời điểm cụ thể trong quá khứ. Hãy nắm vững cấu trúc, cách dùng và dấu hiệu nhận biết để sử dụng thì này một cách chính xác. ?\r\n\r\n---','Thì Quá Khứ Tiếp Diễn'),(6,'# ? **Thì Tương Lai Đơn (Future Simple Tense)**\r\n\r\n## 1. Định nghĩa\r\n**Thì Tương Lai Đơn (Future Simple Tense)** dùng để diễn tả hành động sẽ xảy ra trong tương lai, không có kế hoạch hoặc quyết định trước thời điểm nói.\r\n\r\n? **Ví dụ:**\r\n- I **will call** you later. (Tôi sẽ gọi cho bạn sau.)\r\n- She **will travel** to France next month. (Cô ấy sẽ đi Pháp vào tháng tới.)\r\n\r\n---\r\n\r\n## 2. Công thức\r\n\r\n### ? **Câu khẳng định**\r\n> **S + will + V (nguyên thể) + O**\r\n\r\n? **Ví dụ:**\r\n- He **will come** back soon. (Anh ấy sẽ quay lại sớm.)\r\n- They **will finish** the project tomorrow. (Họ sẽ hoàn thành dự án vào ngày mai.)\r\n\r\n### ? **Câu phủ định**\r\n> **S + will not (won\'t) + V (nguyên thể) + O**\r\n\r\n? **Ví dụ:**\r\n- She **won\'t go** to the party. (Cô ấy sẽ không đi dự tiệc.)\r\n- We **won\'t be** late. (Chúng tôi sẽ không trễ.)\r\n\r\n### ? **Câu nghi vấn**\r\n> **Will + S + V (nguyên thể) + O?**\r\n\r\n? **Ví dụ:**\r\n- **Will** you **help** me? (Bạn sẽ giúp tôi chứ?)\r\n- **Will** they **attend** the meeting? (Họ sẽ tham dự cuộc họp chứ?)\r\n\r\n---\r\n\r\n## 3. Cách dùng\r\n\r\n### 3.1. **Diễn tả hành động xảy ra trong tương lai (không có kế hoạch trước)**\r\n? **Ví dụ:**\r\n- I think it **will rain** tomorrow. (Tôi nghĩ ngày mai sẽ mưa.)\r\n\r\n---\r\n\r\n### 3.2. **Diễn tả quyết định được đưa ra tại thời điểm nói**\r\n? **Ví dụ:**\r\n- I’m tired. I **will go** to bed now. (Tôi mệt rồi. Tôi sẽ đi ngủ bây giờ.)\r\n\r\n---\r\n\r\n### 3.3. **Diễn tả lời hứa, đề nghị, yêu cầu hoặc dự đoán**\r\n? **Ví dụ:**\r\n- Don’t worry, I **will help** you. (Đừng lo, tôi sẽ giúp bạn.)\r\n- He **won’t tell** anyone your secret. (Anh ấy sẽ không nói bí mật của bạn cho ai cả.)\r\n\r\n---\r\n\r\n## 4. Dấu hiệu nhận biết\r\n\r\nCác trạng từ, cụm từ thường dùng với thì Tương Lai Đơn:\r\n\r\n? **Tomorrow**  \r\n? **Next week/month/year**  \r\n? **In the future, soon, later**  \r\n? **In + khoảng thời gian** (in 2 days, in a few minutes)\r\n\r\n? **Ví dụ:**\r\n- I **will meet** him **tomorrow**.  \r\n- They **will move** to Da Nang **next year**.\r\n\r\n---\r\n\r\n## 5. Video hướng dẫn\r\n\r\n? **Xem video dưới đây để hiểu rõ hơn về thì Tương Lai Đơn:**\r\n\r\n<iframe width=\"560\" height=\"315\" src=\"https://www.youtube.com/embed/ziHWgJrmIS0\" frameborder=\"0\" allow=\"accelerometer; autoplay; clipboard-write; encrypted-media; gyroscope; picture-in-picture\" allowfullscreen></iframe>\r\n\r\n---\r\n\r\n## 6. Kết luận\r\n\r\n**Thì Tương Lai Đơn** là một thì cơ bản và thường xuyên được sử dụng trong giao tiếp hàng ngày. Nắm vững cách sử dụng thì này giúp bạn diễn đạt được các hành động, ý định, dự đoán trong tương lai một cách rõ ràng và chính xác. ✨\r\n\r\n---','Thì Tương Lai Đơn');
/*!40000 ALTER TABLE `grammar_lesson` ENABLE KEYS */;
UNLOCK TABLES;

--
-- Table structure for table `listening_exercise`
--

DROP TABLE IF EXISTS `listening_exercise`;
/*!40101 SET @saved_cs_client     = @@character_set_client */;
/*!50503 SET character_set_client = utf8mb4 */;
CREATE TABLE `listening_exercise` (
  `id` bigint NOT NULL AUTO_INCREMENT,
  `exercise_name` varchar(255) NOT NULL,
  PRIMARY KEY (`id`)
) ENGINE=InnoDB AUTO_INCREMENT=21 DEFAULT CHARSET=utf8mb4 COLLATE=utf8mb4_0900_ai_ci;
/*!40101 SET character_set_client = @saved_cs_client */;

--
-- Dumping data for table `listening_exercise`
--

LOCK TABLES `listening_exercise` WRITE;
/*!40000 ALTER TABLE `listening_exercise` DISABLE KEYS */;
INSERT INTO `listening_exercise` VALUES (1,'Test 1'),(2,'Test 2'),(3,'Test 3'),(4,'Test 4'),(5,'Test 5'),(6,'Test 1'),(7,'Test 2'),(8,'Test 3'),(9,'Test 4'),(10,'Test 5'),(11,'Test 1'),(12,'Test 2'),(13,'Test 3'),(14,'Test 4'),(15,'Test 5'),(16,'Test 1'),(17,'Test 2'),(18,'Test 3'),(19,'Test 4'),(20,'Test 5');
/*!40000 ALTER TABLE `listening_exercise` ENABLE KEYS */;
UNLOCK TABLES;

--
-- Table structure for table `mock_exam`
--

DROP TABLE IF EXISTS `mock_exam`;
/*!40101 SET @saved_cs_client     = @@character_set_client */;
/*!50503 SET character_set_client = utf8mb4 */;
CREATE TABLE `mock_exam` (
  `id` bigint NOT NULL AUTO_INCREMENT,
  `mock_exam_name` varchar(255) NOT NULL,
  PRIMARY KEY (`id`)
) ENGINE=InnoDB AUTO_INCREMENT=6 DEFAULT CHARSET=utf8mb4 COLLATE=utf8mb4_0900_ai_ci;
/*!40101 SET character_set_client = @saved_cs_client */;

--
-- Dumping data for table `mock_exam`
--

LOCK TABLES `mock_exam` WRITE;
/*!40000 ALTER TABLE `mock_exam` DISABLE KEYS */;
INSERT INTO `mock_exam` VALUES (1,'Mock Exam 1'),(2,'Mock Exam 2'),(3,'Mock Exam 3'),(4,'Mock Exam 4'),(5,'Mock Exam 5');
/*!40000 ALTER TABLE `mock_exam` ENABLE KEYS */;
UNLOCK TABLES;

--
-- Table structure for table `part1`
--

DROP TABLE IF EXISTS `part1`;
/*!40101 SET @saved_cs_client     = @@character_set_client */;
/*!50503 SET character_set_client = utf8mb4 */;
CREATE TABLE `part1` (
  `id` bigint NOT NULL AUTO_INCREMENT,
  `audio_url` varchar(255) NOT NULL,
  `correct_answer` varchar(1) NOT NULL,
  `explanation` text NOT NULL,
  `image_url` varchar(255) NOT NULL,
  `number` bigint NOT NULL,
  `option_a` varchar(255) NOT NULL,
  `option_b` varchar(255) NOT NULL,
  `option_c` varchar(255) NOT NULL,
  `option_d` varchar(255) NOT NULL,
  `listening_exercise_id` bigint DEFAULT NULL,
  `mock_exam_id` bigint DEFAULT NULL,
  PRIMARY KEY (`id`),
  KEY `FKr4un0ixr7srb8f9k8drp04c3t` (`listening_exercise_id`),
  KEY `FKqk1qensmp0w4ldggfrrnvkqrx` (`mock_exam_id`),
  CONSTRAINT `FKqk1qensmp0w4ldggfrrnvkqrx` FOREIGN KEY (`mock_exam_id`) REFERENCES `mock_exam` (`id`),
  CONSTRAINT `FKr4un0ixr7srb8f9k8drp04c3t` FOREIGN KEY (`listening_exercise_id`) REFERENCES `listening_exercise` (`id`)
) ENGINE=InnoDB AUTO_INCREMENT=56 DEFAULT CHARSET=utf8mb4 COLLATE=utf8mb4_0900_ai_ci;
/*!40101 SET character_set_client = @saved_cs_client */;

--
-- Dumping data for table `part1`
--

LOCK TABLES `part1` WRITE;
/*!40000 ALTER TABLE `part1` DISABLE KEYS */;
INSERT INTO `part1` VALUES (1,'/upload-dir/audio/20250517_074426_cau1.mp3','A','(A) Người đàn ông đang cầm một ít hải sản. \n\n(B) Người phụ nữ đang nướng cua. \n\n(C) Họ sợ cua. \n\n(D) Gia đình đang đi mua bữa sáng.','/upload-dir/image/20250517_074426_cau1.png',1,'(A)','(B)','(C)','(D)',1,NULL),(2,'/upload-dir/audio/20250517_074426_cau2.mp3','A','(A) Người phụ nữ đang nấu thịt xông khói. \n\n(B) Ngươi phụ nữ đang nướng bánh. \n\n(C) Người phụ nữ đang chuẩn bị bữa tối. \n\n(D) Người phụ nữ đang rán cá.','/upload-dir/image/20250517_074426_cau2.png',2,'(A)','(B)','(C)','(D)',1,NULL),(3,'/upload-dir/audio/20250517_074426_cau3.mp3','A','(A) Có một số bàn ghế ở ngoài trời.\n(B) Có một vài người đang ngồi ở bàn.\n(C) Có những chiếc ô nhựa trên bàn.\n(D) Có rất nhiều hoa trong vườn.','/upload-dir/image/20250517_074426_cau3.png',3,'(A)','(B)','(C)','(D)',1,NULL),(4,'/upload-dir/audio/20250517_074426_cau4.mp3','B','(A) Người đàn ông đang sử dụng tuốc nơ vít để đóng đinh vào khung tòa nhà.\n(B) Người đàn ông đang đóng cái gì đó vào khung tòa nhà.\n(C) Người đàn ông đang làm khung bằng tay.\n(D) Người đàn ông đang đeo kính bảo hộ.','/upload-dir/image/20250517_074426_cau4.png',4,'(A)','(B)','(C)','(D)',1,NULL),(5,'/upload-dir/audio/20250517_074426_cau5.mp3','D','(A) Họ đang nhìn nhau.\n(B) Người phụ nữ đang gõ máy tính.\n(C) Người đàn ông đang sử dụng máy tính.\n(D) Người đàn ông đang viết gì đó vào sổ ghi chú.','/upload-dir/image/20250517_074426_cau5.png',5,'(A)','(B)','(C)','(D)',1,NULL),(6,'/upload-dir/audio/20250517_074441_cau1.mp3','A','(A) Người phụ nữ đang nói chuyện điện thoại. \n\n(B) Người phụ nữ đang sử dụng điện thoại di động. \n\n(C) Người phụ nữ đang đánh máy tính. \n\n(D) Người phụ nữ đang viết vào sổ tay.','/upload-dir/image/20250517_074441_cau1.png',1,'(A)','(B)','(C)','(D)',2,NULL),(7,'/upload-dir/audio/20250517_074441_cau2.mp3','A','(A) The plane is docked at the airport.\n(B) There is luggage being put onto the plane.\n(C) There are many people boarding the plane.\n(D) There are maintenance workers fixing the plane.','/upload-dir/image/20250517_074441_cau2.png',2,'(A)','(B)','(C)','(D)',2,NULL),(8,'/upload-dir/audio/20250517_074441_cau3.mp3','A','(A) The woman is drinking a cup of coffee\n(B) The woman is listening to music.\n(C) The woman is talking on her cell phone.\n(D) The woman is looking at the newspaper.','/upload-dir/image/20250517_074441_cau3.png',3,'(A)','(B)','(C)','(D)',2,NULL),(9,'/upload-dir/audio/20250517_074441_cau4.mp3','B','(A) She is fixing the wheel on her bike.\n(B) She is changing the tire on her car.\n(C) She is putting oil into her car.\n(D) She is standing behind the windmill.','/upload-dir/image/20250517_074441_cau4.png',4,'(A)','(B)','(C)','(D)',2,NULL),(10,'/upload-dir/audio/20250517_074441_cau5.mp3','C','(A) They are very close to the chairlift.\n(B) They are making snow.\n(C) The people are skiing down the mountain.\n(D) All of the skiers are wearing helmets.','/upload-dir/image/20250517_074441_cau5.png',5,'(A)','(B)','(C)','(D)',2,NULL),(11,'/upload-dir/audio/20250517_074458_cau1.mp3','B','(A) The people are drinking glasses of juice.\n(B) She is giving a presentation about September’s sales figures.\n(C) All of the women are sitting down.\n(D) One of the women is giving a business presentation on a whiteboard.','/upload-dir/image/20250517_074458_cau1.png',1,'(A)','(B)','(C)','(D)',3,NULL),(12,'/upload-dir/audio/20250517_074458_cau2.mp3','D','(A) The men are adjusting headsets.\n(B) The women are wearing headsets.\n(C) The men are using a mouse with the laptop.\n(D) The women are talking to each other.','/upload-dir/image/20250517_074458_cau2.png',2,'(A)','(B)','(C)','(D)',3,NULL),(13,'/upload-dir/audio/20250517_074458_cau3.mp3','A','(A) Người đàn ông đang cầm một ít hải sản. \n\n(B) Người phụ nữ đang nướng cua. \n\n(C) Họ sợ cua. \n\n(D) Gia đình đang đi mua bữa sáng.','/upload-dir/image/20250517_074458_cau3.png',3,'(A)','(B)','(C)','(D)',3,NULL),(14,'/upload-dir/audio/20250517_074458_cau4.mp3','A','(A) Người phụ nữ đang nấu thịt xông khói. \n\n(B) Ngươi phụ nữ đang nướng bánh. \n\n(C) Người phụ nữ đang chuẩn bị bữa tối. \n\n(D) Người phụ nữ đang rán cá.','/upload-dir/image/20250517_074458_cau4.png',4,'(A)','(B)','(C)','(D)',3,NULL),(15,'/upload-dir/audio/20250517_074458_cau5.mp3','A','(A) Có một số bàn ghế ở ngoài trời.\n(B) Có một vài người đang ngồi ở bàn.\n(C) Có những chiếc ô nhựa trên bàn.\n(D) Có rất nhiều hoa trong vườn.','/upload-dir/image/20250517_074458_cau5.png',5,'(A)','(B)','(C)','(D)',3,NULL),(16,'/upload-dir/audio/20250517_074515_cau4.mp3','A','(A) Người đàn ông đang sử dụng tuốc nơ vít để đóng đinh vào khung tòa nhà.\n(B) Người đàn ông đang đóng cái gì đó vào khung tòa nhà.\n(C) Người đàn ông đang làm khung bằng tay.\n(D) Người đàn ông đang đeo kính bảo hộ.','/upload-dir/image/20250517_074515_cau4.png',1,'(A)','(B)','(C)','(D)',4,NULL),(17,'/upload-dir/audio/20250517_074515_cau5.mp3','A','(A) Họ đang nhìn nhau.\n(B) Người phụ nữ đang gõ máy tính.\n(C) Người đàn ông đang sử dụng máy tính.\n(D) Người đàn ông đang viết gì đó vào sổ ghi chú.','/upload-dir/image/20250517_074515_cau5.png',2,'(A)','(B)','(C)','(D)',4,NULL),(18,'/upload-dir/audio/20250517_074515_cau1.mp3','A','(A) Người phụ nữ đang nói chuyện điện thoại. \n\n(B) Người phụ nữ đang sử dụng điện thoại di động. \n\n(C) Người phụ nữ đang đánh máy tính. \n\n(D) Người phụ nữ đang viết vào sổ tay.','/upload-dir/image/20250517_074515_cau1.png',3,'(A)','(B)','(C)','(D)',4,NULL),(19,'/upload-dir/audio/20250517_074515_cau2.mp3','A','(A) The plane is docked at the airport.\n(B) There is luggage being put onto the plane.\n(C) There are many people boarding the plane.\n(D) There are maintenance workers fixing the plane.','/upload-dir/image/20250517_074515_cau2.png',4,'(A)','(B)','(C)','(D)',4,NULL),(20,'/upload-dir/audio/20250517_074515_cau3.mp3','A','(A) The woman is drinking a cup of coffee\n(B) The woman is listening to music.\n(C) The woman is talking on her cell phone.\n(D) The woman is looking at the newspaper.','/upload-dir/image/20250517_074515_cau3.png',5,'(A)','(B)','(C)','(D)',4,NULL),(21,'/upload-dir/audio/20250517_074533_cau4.mp3','B','(A) She is fixing the wheel on her bike.\n(B) She is changing the tire on her car.\n(C) She is putting oil into her car.\n(D) She is standing behind the windmill.','/upload-dir/image/20250517_074533_cau4.png',1,'(A)','(B)','(C)','(D)',5,NULL),(22,'/upload-dir/audio/20250517_074533_cau5.mp3','C','(A) They are very close to the chairlift.\n(B) They are making snow.\n(C) The people are skiing down the mountain.\n(D) All of the skiers are wearing helmets.','/upload-dir/image/20250517_074533_cau5.png',2,'(A)','(B)','(C)','(D)',5,NULL),(23,'/upload-dir/audio/20250517_074533_cau1.mp3','B','(A) The people are drinking glasses of juice.\n(B) She is giving a presentation about September’s sales figures.\n(C) All of the women are sitting down.\n(D) One of the women is giving a business presentation on a whiteboard.','/upload-dir/image/20250517_074533_cau1.png',3,'(A)','(B)','(C)','(D)',5,NULL),(24,'/upload-dir/audio/20250517_074533_cau2.mp3','D','(A) The men are adjusting headsets.\n(B) The women are wearing headsets.\n(C) The men are using a mouse with the laptop.\n(D) The women are talking to each other.','/upload-dir/image/20250517_074533_cau2.png',4,'(A)','(B)','(C)','(D)',5,NULL),(25,'/upload-dir/audio/20250517_074533_cau3.mp3','A','(A) Người đàn ông đang cầm một ít hải sản. \n\n(B) Người phụ nữ đang nướng cua. \n\n(C) Họ sợ cua. \n\n(D) Gia đình đang đi mua bữa sáng.','/upload-dir/image/20250517_074533_cau3.png',5,'(A)','(B)','(C)','(D)',5,NULL),(26,'/upload-dir/audio/20250517_075548_P1_cau1.mp3','A','(A) Người đàn ông đang cầm một ít hải sản. \n\n(B) Người phụ nữ đang nướng cua. \n\n(C) Họ sợ cua. \n\n(D) Gia đình đang đi mua bữa sáng.','/upload-dir/image/20250517_075548_P1_cau1.png',1,'(A)','(B)','(C)','(D)',NULL,1),(27,'/upload-dir/audio/20250517_075548_P1_cau2.mp3','A','(A) Người phụ nữ đang nấu thịt xông khói. \n\n(B) Ngươi phụ nữ đang nướng bánh. \n\n(C) Người phụ nữ đang chuẩn bị bữa tối. \n\n(D) Người phụ nữ đang rán cá.','/upload-dir/image/20250517_075548_P1_cau2.png',2,'(A)','(B)','(C)','(D)',NULL,1),(28,'/upload-dir/audio/20250517_075548_P1_cau3.mp3','A','(A) Có một số bàn ghế ở ngoài trời.\n(B) Có một vài người đang ngồi ở bàn.\n(C) Có những chiếc ô nhựa trên bàn.\n(D) Có rất nhiều hoa trong vườn.','/upload-dir/image/20250517_075548_P1_cau3.png',3,'(A)','(B)','(C)','(D)',NULL,1),(29,'/upload-dir/audio/20250517_075548_P1_cau4.mp3','B','(A) Người đàn ông đang sử dụng tuốc nơ vít để đóng đinh vào khung tòa nhà.\n(B) Người đàn ông đang đóng cái gì đó vào khung tòa nhà.\n(C) Người đàn ông đang làm khung bằng tay.\n(D) Người đàn ông đang đeo kính bảo hộ.','/upload-dir/image/20250517_075548_P1_cau4.png',4,'(A)','(B)','(C)','(D)',NULL,1),(30,'/upload-dir/audio/20250517_075548_P1_cau5.mp3','D','(A) Họ đang nhìn nhau.\n(B) Người phụ nữ đang gõ máy tính.\n(C) Người đàn ông đang sử dụng máy tính.\n(D) Người đàn ông đang viết gì đó vào sổ ghi chú.','/upload-dir/image/20250517_075548_P1_cau5.png',5,'(A)','(B)','(C)','(D)',NULL,1),(31,'/upload-dir/audio/20250517_075548_P1_cau6.mp3','D','(A) The men are adjusting headsets.\n(B) The women are wearing headsets.\n(C) The men are using a mouse with the laptop.\n(D) The women are talking to each other.','/upload-dir/image/20250517_075548_P1_cau6.png',6,'(A)','(B)','(C)','(D)',NULL,1),(32,'/upload-dir/audio/20250517_075654_P1_cau4.mp3','B','(A) She is fixing the wheel on her bike.\n(B) She is changing the tire on her car.\n(C) She is putting oil into her car.\n(D) She is standing behind the windmill.','/upload-dir/image/20250517_075654_P1_cau4.png',1,'(A)','(B)','(C)','(D)',NULL,2),(33,'/upload-dir/audio/20250517_075654_P1_cau5.mp3','C','(A) They are very close to the chairlift.\n(B) They are making snow.\n(C) The people are skiing down the mountain.\n(D) All of the skiers are wearing helmets.','/upload-dir/image/20250517_075654_P1_cau5.png',2,'(A)','(B)','(C)','(D)',NULL,2),(34,'/upload-dir/audio/20250517_075654_P1_cau1.mp3','B','(A) The people are drinking glasses of juice.\n(B) She is giving a presentation about September’s sales figures.\n(C) All of the women are sitting down.\n(D) One of the women is giving a business presentation on a whiteboard.','/upload-dir/image/20250517_075654_P1_cau1.png',3,'(A)','(B)','(C)','(D)',NULL,2),(35,'/upload-dir/audio/20250517_075654_P1_cau2.mp3','D','(A) The men are adjusting headsets.\n(B) The women are wearing headsets.\n(C) The men are using a mouse with the laptop.\n(D) The women are talking to each other.','/upload-dir/image/20250517_075654_P1_cau2.png',4,'(A)','(B)','(C)','(D)',NULL,2),(36,'/upload-dir/audio/20250517_075654_P1_cau3.mp3','A','(A) Người đàn ông đang cầm một ít hải sản. \n\n(B) Người phụ nữ đang nướng cua. \n\n(C) Họ sợ cua. \n\n(D) Gia đình đang đi mua bữa sáng.','/upload-dir/image/20250517_075654_P1_cau3.png',5,'(A)','(B)','(C)','(D)',NULL,2),(37,'/upload-dir/audio/20250517_075654_P1_cau6.mp3','D','(A) Họ đang nhìn nhau.\n(B) Người phụ nữ đang gõ máy tính.\n(C) Người đàn ông đang sử dụng máy tính.\n(D) Người đàn ông đang viết gì đó vào sổ ghi chú.','/upload-dir/image/20250517_075654_P1_cau6.png',6,'(A)','(B)','(C)','(D)',NULL,2),(38,'/upload-dir/audio/20250517_075806_P1_cau1.mp3','A','(A) Người đàn ông đang cầm một ít hải sản. \n\n(B) Người phụ nữ đang nướng cua. \n\n(C) Họ sợ cua. \n\n(D) Gia đình đang đi mua bữa sáng.','/upload-dir/image/20250517_075806_P1_cau1.png',1,'(A)','(B)','(C)','(D)',NULL,3),(39,'/upload-dir/audio/20250517_075806_P1_cau2.mp3','A','(A) Người phụ nữ đang nấu thịt xông khói. \n\n(B) Ngươi phụ nữ đang nướng bánh. \n\n(C) Người phụ nữ đang chuẩn bị bữa tối. \n\n(D) Người phụ nữ đang rán cá.','/upload-dir/image/20250517_075806_P1_cau2.png',2,'(A)','(B)','(C)','(D)',NULL,3),(40,'/upload-dir/audio/20250517_075806_P1_cau3.mp3','A','(A) Có một số bàn ghế ở ngoài trời.\n(B) Có một vài người đang ngồi ở bàn.\n(C) Có những chiếc ô nhựa trên bàn.\n(D) Có rất nhiều hoa trong vườn.','/upload-dir/image/20250517_075806_P1_cau3.png',3,'(A)','(B)','(C)','(D)',NULL,3),(41,'/upload-dir/audio/20250517_075806_P1_cau4.mp3','B','(A) Người đàn ông đang sử dụng tuốc nơ vít để đóng đinh vào khung tòa nhà.\n(B) Người đàn ông đang đóng cái gì đó vào khung tòa nhà.\n(C) Người đàn ông đang làm khung bằng tay.\n(D) Người đàn ông đang đeo kính bảo hộ.','/upload-dir/image/20250517_075806_P1_cau4.png',4,'(A)','(B)','(C)','(D)',NULL,3),(42,'/upload-dir/audio/20250517_075806_P1_cau5.mp3','D','(A) Họ đang nhìn nhau.\n(B) Người phụ nữ đang gõ máy tính.\n(C) Người đàn ông đang sử dụng máy tính.\n(D) Người đàn ông đang viết gì đó vào sổ ghi chú.','/upload-dir/image/20250517_075806_P1_cau5.png',5,'(A)','(B)','(C)','(D)',NULL,3),(43,'/upload-dir/audio/20250517_075806_P1_cau6.mp3','D','(A) The men are adjusting headsets.\n(B) The women are wearing headsets.\n(C) The men are using a mouse with the laptop.\n(D) The women are talking to each other.','/upload-dir/image/20250517_075806_P1_cau6.png',6,'(A)','(B)','(C)','(D)',NULL,3),(44,'/upload-dir/audio/20250517_075935_P1_cau1.mp3','A','(A) Người đàn ông đang cầm một ít hải sản. \n\n(B) Người phụ nữ đang nướng cua. \n\n(C) Họ sợ cua. \n\n(D) Gia đình đang đi mua bữa sáng.','/upload-dir/image/20250517_075935_P1_cau1.png',1,'(A)','(B)','(C)','(D)',NULL,4),(45,'/upload-dir/audio/20250517_075935_P1_cau2.mp3','A','(A) Người phụ nữ đang nấu thịt xông khói. \n\n(B) Ngươi phụ nữ đang nướng bánh. \n\n(C) Người phụ nữ đang chuẩn bị bữa tối. \n\n(D) Người phụ nữ đang rán cá.','/upload-dir/image/20250517_075935_P1_cau2.png',2,'(A)','(B)','(C)','(D)',NULL,4),(46,'/upload-dir/audio/20250517_075935_P1_cau3.mp3','A','(A) Có một số bàn ghế ở ngoài trời.\n(B) Có một vài người đang ngồi ở bàn.\n(C) Có những chiếc ô nhựa trên bàn.\n(D) Có rất nhiều hoa trong vườn.','/upload-dir/image/20250517_075935_P1_cau3.png',3,'(A)','(B)','(C)','(D)',NULL,4),(47,'/upload-dir/audio/20250517_075935_P1_cau4.mp3','B','(A) Người đàn ông đang sử dụng tuốc nơ vít để đóng đinh vào khung tòa nhà.\n(B) Người đàn ông đang đóng cái gì đó vào khung tòa nhà.\n(C) Người đàn ông đang làm khung bằng tay.\n(D) Người đàn ông đang đeo kính bảo hộ.','/upload-dir/image/20250517_075935_P1_cau4.png',4,'(A)','(B)','(C)','(D)',NULL,4),(48,'/upload-dir/audio/20250517_075935_P1_cau5.mp3','D','(A) Họ đang nhìn nhau.\n(B) Người phụ nữ đang gõ máy tính.\n(C) Người đàn ông đang sử dụng máy tính.\n(D) Người đàn ông đang viết gì đó vào sổ ghi chú.','/upload-dir/image/20250517_075935_P1_cau5.png',5,'(A)','(B)','(C)','(D)',NULL,4),(49,'/upload-dir/audio/20250517_075935_P1_cau6.mp3','D','(A) The men are adjusting headsets.\n(B) The women are wearing headsets.\n(C) The men are using a mouse with the laptop.\n(D) The women are talking to each other.','/upload-dir/image/20250517_075935_P1_cau6.png',6,'(A)','(B)','(C)','(D)',NULL,4),(50,'/upload-dir/audio/20250517_080055_P1_cau4.mp3','B','(A) She is fixing the wheel on her bike.\n(B) She is changing the tire on her car.\n(C) She is putting oil into her car.\n(D) She is standing behind the windmill.','/upload-dir/image/20250517_080055_P1_cau4.png',1,'(A)','(B)','(C)','(D)',NULL,5),(51,'/upload-dir/audio/20250517_080055_P1_cau5.mp3','C','(A) They are very close to the chairlift.\n(B) They are making snow.\n(C) The people are skiing down the mountain.\n(D) All of the skiers are wearing helmets.','/upload-dir/image/20250517_080055_P1_cau5.png',2,'(A)','(B)','(C)','(D)',NULL,5),(52,'/upload-dir/audio/20250517_080055_P1_cau1.mp3','B','(A) The people are drinking glasses of juice.\n(B) She is giving a presentation about September’s sales figures.\n(C) All of the women are sitting down.\n(D) One of the women is giving a business presentation on a whiteboard.','/upload-dir/image/20250517_080055_P1_cau1.png',3,'(A)','(B)','(C)','(D)',NULL,5),(53,'/upload-dir/audio/20250517_080055_P1_cau2.mp3','D','(A) The men are adjusting headsets.\n(B) The women are wearing headsets.\n(C) The men are using a mouse with the laptop.\n(D) The women are talking to each other.','/upload-dir/image/20250517_080055_P1_cau2.png',4,'(A)','(B)','(C)','(D)',NULL,5),(54,'/upload-dir/audio/20250517_080055_P1_cau3.mp3','A','(A) Người đàn ông đang cầm một ít hải sản. \n\n(B) Người phụ nữ đang nướng cua. \n\n(C) Họ sợ cua. \n\n(D) Gia đình đang đi mua bữa sáng.','/upload-dir/image/20250517_080055_P1_cau3.png',5,'(A)','(B)','(C)','(D)',NULL,5),(55,'/upload-dir/audio/20250517_080055_P1_cau6.mp3','D','(A) Họ đang nhìn nhau.\n(B) Người phụ nữ đang gõ máy tính.\n(C) Người đàn ông đang sử dụng máy tính.\n(D) Người đàn ông đang viết gì đó vào sổ ghi chú.','/upload-dir/image/20250517_080055_P1_cau6.png',6,'(A)','(B)','(C)','(D)',NULL,5);
/*!40000 ALTER TABLE `part1` ENABLE KEYS */;
UNLOCK TABLES;

--
-- Table structure for table `part2`
--

DROP TABLE IF EXISTS `part2`;
/*!40101 SET @saved_cs_client     = @@character_set_client */;
/*!50503 SET character_set_client = utf8mb4 */;
CREATE TABLE `part2` (
  `id` bigint NOT NULL AUTO_INCREMENT,
  `audio_url` varchar(255) NOT NULL,
  `correct_answer` varchar(1) NOT NULL,
  `explanation` text NOT NULL,
  `number` bigint NOT NULL,
  `option_a` varchar(255) NOT NULL,
  `option_b` varchar(255) NOT NULL,
  `option_c` varchar(255) NOT NULL,
  `listening_exercise_id` bigint DEFAULT NULL,
  `mock_exam_id` bigint DEFAULT NULL,
  PRIMARY KEY (`id`),
  KEY `FK7qy6y80vv2n6qainykdg9gyos` (`listening_exercise_id`),
  KEY `FKte049aug3q84xd51yx1rm786h` (`mock_exam_id`),
  CONSTRAINT `FK7qy6y80vv2n6qainykdg9gyos` FOREIGN KEY (`listening_exercise_id`) REFERENCES `listening_exercise` (`id`),
  CONSTRAINT `FKte049aug3q84xd51yx1rm786h` FOREIGN KEY (`mock_exam_id`) REFERENCES `mock_exam` (`id`)
) ENGINE=InnoDB AUTO_INCREMENT=151 DEFAULT CHARSET=utf8mb4 COLLATE=utf8mb4_0900_ai_ci;
/*!40101 SET character_set_client = @saved_cs_client */;

--
-- Dumping data for table `part2`
--

LOCK TABLES `part2` WRITE;
/*!40000 ALTER TABLE `part2` DISABLE KEYS */;
INSERT INTO `part2` VALUES (1,'/upload-dir/audio/20250517_074552_cau1.mp3','C','Chuyến tham quan bảo tàng thế nào?.\n(A) Cửa sổ hướng ra đường.\n(B) Giữa phố Williams và Đại lộ Keller.\n(C) Nó rất nhiều thông tin.',1,'(A)','(B)','(C)',6,NULL),(2,'/upload-dir/audio/20250517_074552_cau2.mp3','C','Máy pha cà phê mới này rất đắt tiền.\n(A) Anh ấy có nhiều kinh nghiệm quản lý.\n(B) Có kẹt giấy trong máy photocopy.\n(C) Đó là lý do tại sao cà phê có hương vị tuyệt vời.',2,'(A)','(B)','(C)',6,NULL),(3,'/upload-dir/audio/20250517_074552_cau3.mp3','A','Tại sao chúng ta không chụp ảnh nhóm?.\n(A) Chắc chắn rồi, hãy thực hiện theo các bước.\n(B) Một máy ảnh kỹ thuật số.\n(C) Vâng, cô ấy trông thật hấp dẫn trong bức ảnh này.',3,'(A)','(B)','(C)',6,NULL),(4,'/upload-dir/audio/20250517_074552_cau4.mp3','B','Thang máy đã được sửa chữa rồi phải không?.\n(A) Cô ấy làm việc ở tầng ba.\n(B) Vâng, nó đang hoạt động trở lại.\n(C) Đó không phải là những gì tôi thấy.',4,'(A)','(B)','(C)',6,NULL),(5,'/upload-dir/audio/20250517_074552_cau5.mp3','B','Tại sao tờ rơi không được chuẩn bị kịp thời cho sự kiện?.\n(A) Đó không phải tờ in thường.\n(B) Máy photocopy bị trục trặc.\n(C) Đó là lễ kỷ niệm 40 năm thành lập công ty.',5,'(A)','(B)','(C)',6,NULL),(6,'/upload-dir/audio/20250517_074606_cau1.mp3','C','Bạn có muốn mượn cuốn sách này khi tôi đọc xong không?.\n(A) Cô Watson sẽ dẫn đầu nhóm.\n(B) Tôi sẽ đặt bàn cho bữa tối.\n(C) Không, tôi sẽ lấy nó từ thư viện.',1,'(A)','(B)','(C)',7,NULL),(7,'/upload-dir/audio/20250517_074606_cau2.mp3','B','Bạn đã kê ghế trong phòng họp phải không?.\n(A) Tôi cần một cuốn sách tham khảo.\n(B) Có, tổng cộng 200 chỗ.\n(C) Không, tôi không thể tìm thấy địa chỉ e-mail.',2,'(A)','(B)','(C)',7,NULL),(8,'/upload-dir/audio/20250517_074606_cau3.mp3','A','Khi nào nên bật điều hòa?.\n(A) Khi nhiệt độ đạt tới 25 độ.\n(B) Tôi đồng ý với bạn.\n(C) Chúng sẽ được phát sóng trong khoảng một giờ nữa.',3,'(A)','(B)','(C)',7,NULL),(9,'/upload-dir/audio/20250517_074606_cau4.mp3','A','Chi phí thay thế cửa sổ là bao nhiêu?.\n(A) Tôi nghĩ nó chưa đến 60 đô la.\n(B) Trong một cửa hàng bách hóa.\n(C) Nó không khó chút nào.',4,'(A)','(B)','(C)',7,NULL),(10,'/upload-dir/audio/20250517_074606_cau5.mp3','B','Xe buýt này đi đến đâu?.\n(A) Bạn cần thẻ chuyển tuyến.\n(B) Trạm xe buýt ở đằng kia.\n(C) Xe buýt này đến trái tim em.',5,'(A)','(B)','(C)',7,NULL),(11,'/upload-dir/audio/20250517_074618_cau1.mp3','C','Tôi rất ấn tượng với giọng hát của Alex.\n(A) Tôi quên tên ca sĩ.\n(B) Buổi hòa nhạc ở đâu?\n(C) Vâng, anh ấy có một giọng hát tuyệt vời.',1,'(A)','(B)','(C)',8,NULL),(12,'/upload-dir/audio/20250517_074618_cau2.mp3','B','Bạn đã cân nhắc việc xây dựng một hàng rào chưa?.\n(A) Ngôi nhà đang được rao bán.\n(B) Vâng, chúng ta sẽ làm điều đó sau.\n(C) Nhận xét của anh ta gây ra sự xúc phạm.',2,'(A)','(B)','(C)',8,NULL),(13,'/upload-dir/audio/20250517_074618_cau3.mp3','B','Bạn đã giới thiệu bản thân với nhân viên mới chưa?.\n(A) Một hệ thống khen thưởng mới sẽ sớm được giới thiệu.\n(B) Không, hôm nay tôi quá bận.\n(C) Rất vui được gặp bạn.',3,'(A)','(B)','(C)',8,NULL),(14,'/upload-dir/audio/20250517_074618_cau4.mp3','A','Tại sao tối nay tàu điện ngầm ngừng chạy sớm?.\n(A) Bởi vì đó là ngày nghỉ lễ.\n(B) Hãy xuống ở ga tiếp theo.\n(C) Không, ngày mai tôi sẽ không chạy.',4,'(A)','(B)','(C)',8,NULL),(15,'/upload-dir/audio/20250517_074618_cau5.mp3','B','Lẽ ra bây giờ đồ ăn của chúng ta đã được phục vụ rồi sao?.\n(A) Nó rất ngon.\n(B) Vâng, dịch vụ tối nay khá chậm.\n(C) Tôi sẽ gọi mì cà chua.',5,'(A)','(B)','(C)',8,NULL),(16,'/upload-dir/audio/20250517_074630_cau1.mp3','C','Ai sẽ phát biểu tại lễ khai mạc tối nay?.\n(A) Hàng ghế trước.\n(B) Ông Gibson sẽ đóng cửa lại.\n(C) Một tiểu thuyết gia nổi tiếng.',1,'(A)','(B)','(C)',9,NULL),(17,'/upload-dir/audio/20250517_074630_cau2.mp3','B','Chỗ ngồi nào là của tôi?.\n(A) Đó là một chiếc ghế thoải mái.\n(B) Hãy ngồi ở bất cứ đâu.\n(C) Hãy ghi nhớ điều đó.',2,'(A)','(B)','(C)',9,NULL),(18,'/upload-dir/audio/20250517_074630_cau3.mp3','A','Bạn định ra ngoài ăn tối hay ở nhà?.\n(A) Tôi sẽ đặt hàng giao hàng.\n(B) Vui lòng mang theo hóa đơn.\n(C) Vào một thời điểm thuận tiện.',3,'(A)','(B)','(C)',9,NULL),(19,'/upload-dir/audio/20250517_074630_cau4.mp3','A','Bạn chưa nhận được tiền lương phải không?.\n(A) Không, chúng sẽ được nhận vào tuần tới.\n(B) Chắc chắn rồi, tôi sẽ gửi e-mail cho anh ấy.\n(C) Cô ấy muốn được thăng chức.',4,'(A)','(B)','(C)',9,NULL),(20,'/upload-dir/audio/20250517_074630_cau5.mp3','C','Chuyến dã ngoại của công ty được tổ chức ở đâu?.\n(A) Vào tháng Tư.\n(B) Đồ giải khát sẽ được cung cấp.\n(C) Tại một công viên cạnh hồ.',5,'(A)','(B)','(C)',9,NULL),(21,'/upload-dir/audio/20250517_074643_cau1.mp3','B','Ngày mai bạn có kiểm tra e-mail không?.\n(A) Nhìn vào phần đính kèm.\n(B) Thực ra, tôi đang đi nghỉ.\n(C) Chúng tôi chấp nhận tiền mặt hoặc séc.',1,'(A)','(B)','(C)',10,NULL),(22,'/upload-dir/audio/20250517_074643_cau2.mp3','C','Tôi không thể liên lạc được với George.\n(A) Làm ơn giữ máy.\n(B) Một số hộp trống.\n(C) Hãy thử gọi lại sau.',2,'(A)','(B)','(C)',10,NULL),(23,'/upload-dir/audio/20250517_074643_cau3.mp3','A','Bạn muốn làm việc cùng nhau hay riêng biệt?,\n(A) Thực ra, tôi thích làm việc một mình hơn.\n(B) Hãy thu thập dữ liệu của công ty.\n(C) Trước hôm thứ Sáu tới.',3,'(A)','(B)','(C)',10,NULL),(24,'/upload-dir/audio/20250517_074643_cau4.mp3','B','Hôm nay ai làm việc ở quầy lễ tân?.\n(A) Đó là một yêu cầu khó khăn.\n(B) Đó là Katie Miller.\n(C) Hãy dọn chỗ trên bàn làm việc của bạn.',4,'(A)','(B)','(C)',10,NULL),(25,'/upload-dir/audio/20250517_074643_cau5.mp3','A','Thế còn việc thuê một không gian rộng hơn để tổ chức bữa tiệc thì sao?.\n(A) Điều đó có thực sự cần thiết không?\n(B) Tôi đã trả lại thiết bị.\n(C) Tôi không phải là người thuê nhà.',5,'(A)','(B)','(C)',10,NULL),(26,'/upload-dir/audio/20250517_075548_P2_cau1.mp3','C','Chuyến tham quan bảo tàng thế nào?.\n(A) Cửa sổ hướng ra đường.\n(B) Giữa phố Williams và Đại lộ Keller.\n(C) Nó rất nhiều thông tin.',7,'(A)','(B)','(C)',NULL,1),(27,'/upload-dir/audio/20250517_075548_P2_cau2.mp3','C','Máy pha cà phê mới này rất đắt tiền.\n(A) Anh ấy có nhiều kinh nghiệm quản lý.\n(B) Có kẹt giấy trong máy photocopy.\n(C) Đó là lý do tại sao cà phê có hương vị tuyệt vời.',8,'(A)','(B)','(C)',NULL,1),(28,'/upload-dir/audio/20250517_075548_P2_cau3.mp3','A','Tại sao chúng ta không chụp ảnh nhóm?.\n(A) Chắc chắn rồi, hãy thực hiện theo các bước.\n(B) Một máy ảnh kỹ thuật số.\n(C) Vâng, cô ấy trông thật hấp dẫn trong bức ảnh này.',9,'(A)','(B)','(C)',NULL,1),(29,'/upload-dir/audio/20250517_075548_P2_cau4.mp3','B','Thang máy đã được sửa chữa rồi phải không?.\n(A) Cô ấy làm việc ở tầng ba.\n(B) Vâng, nó đang hoạt động trở lại.\n(C) Đó không phải là những gì tôi thấy.',10,'(A)','(B)','(C)',NULL,1),(30,'/upload-dir/audio/20250517_075548_P2_cau5.mp3','B','Tại sao tờ rơi không được chuẩn bị kịp thời cho sự kiện?.\n(A) Đó không phải tờ in thường.\n(B) Máy photocopy bị trục trặc.\n(C) Đó là lễ kỷ niệm 40 năm thành lập công ty.',11,'(A)','(B)','(C)',NULL,1),(31,'/upload-dir/audio/20250517_075548_P2_cau6.mp3','C','Bạn có muốn mượn cuốn sách này khi tôi đọc xong không?.\n(A) Cô Watson sẽ dẫn đầu nhóm.\n(B) Tôi sẽ đặt bàn cho bữa tối.\n(C) Không, tôi sẽ lấy nó từ thư viện.',12,'(A)','(B)','(C)',NULL,1),(32,'/upload-dir/audio/20250517_075548_P2_cau7.mp3','B','Bạn đã kê ghế trong phòng họp phải không?.\n(A) Tôi cần một cuốn sách tham khảo.\n(B) Có, tổng cộng 200 chỗ.\n(C) Không, tôi không thể tìm thấy địa chỉ e-mail.',13,'(A)','(B)','(C)',NULL,1),(33,'/upload-dir/audio/20250517_075548_P2_cau8.mp3','A','Khi nào nên bật điều hòa?.\n(A) Khi nhiệt độ đạt tới 25 độ.\n(B) Tôi đồng ý với bạn.\n(C) Chúng sẽ được phát sóng trong khoảng một giờ nữa.',14,'(A)','(B)','(C)',NULL,1),(34,'/upload-dir/audio/20250517_075548_P2_cau9.mp3','A','Chi phí thay thế cửa sổ là bao nhiêu?.\n(A) Tôi nghĩ nó chưa đến 60 đô la.\n(B) Trong một cửa hàng bách hóa.\n(C) Nó không khó chút nào.',15,'(A)','(B)','(C)',NULL,1),(35,'/upload-dir/audio/20250517_075548_P2_cau10.mp3','B','Xe buýt này đi đến đâu?.\n(A) Bạn cần thẻ chuyển tuyến.\n(B) Trạm xe buýt ở đằng kia.\n(C) Xe buýt này đến trái tim em.',16,'(A)','(B)','(C)',NULL,1),(36,'/upload-dir/audio/20250517_075548_P2_cau11.mp3','C','Tôi rất ấn tượng với giọng hát của Alex.\n(A) Tôi quên tên ca sĩ.\n(B) Buổi hòa nhạc ở đâu?\n(C) Vâng, anh ấy có một giọng hát tuyệt vời.',17,'(A)','(B)','(C)',NULL,1),(37,'/upload-dir/audio/20250517_075548_P2_cau12.mp3','B','Bạn đã cân nhắc việc xây dựng một hàng rào chưa?.\n(A) Ngôi nhà đang được rao bán.\n(B) Vâng, chúng ta sẽ làm điều đó sau.\n(C) Nhận xét của anh ta gây ra sự xúc phạm.',18,'(A)','(B)','(C)',NULL,1),(38,'/upload-dir/audio/20250517_075548_P2_cau13.mp3','B','Bạn đã giới thiệu bản thân với nhân viên mới chưa?.\n(A) Một hệ thống khen thưởng mới sẽ sớm được giới thiệu.\n(B) Không, hôm nay tôi quá bận.\n(C) Rất vui được gặp bạn.',19,'(A)','(B)','(C)',NULL,1),(39,'/upload-dir/audio/20250517_075548_P2_cau14.mp3','A','Tại sao tối nay tàu điện ngầm ngừng chạy sớm?.\n(A) Bởi vì đó là ngày nghỉ lễ.\n(B) Hãy xuống ở ga tiếp theo.\n(C) Không, ngày mai tôi sẽ không chạy.',20,'(A)','(B)','(C)',NULL,1),(40,'/upload-dir/audio/20250517_075548_P2_cau15.mp3','B','Lẽ ra bây giờ đồ ăn của chúng ta đã được phục vụ rồi sao?.\n(A) Nó rất ngon.\n(B) Vâng, dịch vụ tối nay khá chậm.\n(C) Tôi sẽ gọi mì cà chua.',21,'(A)','(B)','(C)',NULL,1),(41,'/upload-dir/audio/20250517_075548_P2_cau16.mp3','C','Ai sẽ phát biểu tại lễ khai mạc tối nay?.\n(A) Hàng ghế trước.\n(B) Ông Gibson sẽ đóng cửa lại.\n(C) Một tiểu thuyết gia nổi tiếng.',22,'(A)','(B)','(C)',NULL,1),(42,'/upload-dir/audio/20250517_075548_P2_cau17.mp3','B','Chỗ ngồi nào là của tôi?.\n(A) Đó là một chiếc ghế thoải mái.\n(B) Hãy ngồi ở bất cứ đâu.\n(C) Hãy ghi nhớ điều đó.',23,'(A)','(B)','(C)',NULL,1),(43,'/upload-dir/audio/20250517_075548_P2_cau18.mp3','A','Bạn định ra ngoài ăn tối hay ở nhà?.\n(A) Tôi sẽ đặt hàng giao hàng.\n(B) Vui lòng mang theo hóa đơn.\n(C) Vào một thời điểm thuận tiện.',24,'(A)','(B)','(C)',NULL,1),(44,'/upload-dir/audio/20250517_075548_P2_cau19.mp3','A','Bạn chưa nhận được tiền lương phải không?.\n(A) Không, chúng sẽ được nhận vào tuần tới.\n(B) Chắc chắn rồi, tôi sẽ gửi e-mail cho anh ấy.\n(C) Cô ấy muốn được thăng chức.',25,'(A)','(B)','(C)',NULL,1),(45,'/upload-dir/audio/20250517_075548_P2_cau20.mp3','C','Chuyến dã ngoại của công ty được tổ chức ở đâu?.\n(A) Vào tháng Tư.\n(B) Đồ giải khát sẽ được cung cấp.\n(C) Tại một công viên cạnh hồ.',26,'(A)','(B)','(C)',NULL,1),(46,'/upload-dir/audio/20250517_075548_P2_cau21.mp3','B','Ngày mai bạn có kiểm tra e-mail không?.\n(A) Nhìn vào phần đính kèm.\n(B) Thực ra, tôi đang đi nghỉ.\n(C) Chúng tôi chấp nhận tiền mặt hoặc séc.',27,'(A)','(B)','(C)',NULL,1),(47,'/upload-dir/audio/20250517_075548_P2_cau22.mp3','C','Tôi không thể liên lạc được với George.\n(A) Làm ơn giữ máy.\n(B) Một số hộp trống.\n(C) Hãy thử gọi lại sau.',28,'(A)','(B)','(C)',NULL,1),(48,'/upload-dir/audio/20250517_075548_P2_cau23.mp3','A','Bạn muốn làm việc cùng nhau hay riêng biệt?,\n(A) Thực ra, tôi thích làm việc một mình hơn.\n(B) Hãy thu thập dữ liệu của công ty.\n(C) Trước hôm thứ Sáu tới.',29,'(A)','(B)','(C)',NULL,1),(49,'/upload-dir/audio/20250517_075548_P2_cau24.mp3','B','Hôm nay ai làm việc ở quầy lễ tân?.\n(A) Đó là một yêu cầu khó khăn.\n(B) Đó là Katie Miller.\n(C) Hãy dọn chỗ trên bàn làm việc của bạn.',30,'(A)','(B)','(C)',NULL,1),(50,'/upload-dir/audio/20250517_075548_P2_cau25.mp3','A','Thế còn việc thuê một không gian rộng hơn để tổ chức bữa tiệc thì sao?.\n(A) Điều đó có thực sự cần thiết không?\n(B) Tôi đã trả lại thiết bị.\n(C) Tôi không phải là người thuê nhà.',31,'(A)','(B)','(C)',NULL,1),(51,'/upload-dir/audio/20250517_075654_P2_cau1.mp3','C','Ai sẽ phát biểu tại lễ khai mạc tối nay?.\n(A) Hàng ghế trước.\n(B) Ông Gibson sẽ đóng cửa lại.\n(C) Một tiểu thuyết gia nổi tiếng.',7,'(A)','(B)','(C)',NULL,2),(52,'/upload-dir/audio/20250517_075654_P2_cau2.mp3','B','Chỗ ngồi nào là của tôi?.\n(A) Đó là một chiếc ghế thoải mái.\n(B) Hãy ngồi ở bất cứ đâu.\n(C) Hãy ghi nhớ điều đó.',8,'(A)','(B)','(C)',NULL,2),(53,'/upload-dir/audio/20250517_075654_P2_cau3.mp3','A','Bạn định ra ngoài ăn tối hay ở nhà?.\n(A) Tôi sẽ đặt hàng giao hàng.\n(B) Vui lòng mang theo hóa đơn.\n(C) Vào một thời điểm thuận tiện.',9,'(A)','(B)','(C)',NULL,2),(54,'/upload-dir/audio/20250517_075654_P2_cau4.mp3','A','Bạn chưa nhận được tiền lương phải không?.\n(A) Không, chúng sẽ được nhận vào tuần tới.\n(B) Chắc chắn rồi, tôi sẽ gửi e-mail cho anh ấy.\n(C) Cô ấy muốn được thăng chức.',10,'(A)','(B)','(C)',NULL,2),(55,'/upload-dir/audio/20250517_075654_P2_cau5.mp3','C','Chuyến dã ngoại của công ty được tổ chức ở đâu?.\n(A) Vào tháng Tư.\n(B) Đồ giải khát sẽ được cung cấp.\n(C) Tại một công viên cạnh hồ.',11,'(A)','(B)','(C)',NULL,2),(56,'/upload-dir/audio/20250517_075654_P2_cau6.mp3','B','Ngày mai bạn có kiểm tra e-mail không?.\n(A) Nhìn vào phần đính kèm.\n(B) Thực ra, tôi đang đi nghỉ.\n(C) Chúng tôi chấp nhận tiền mặt hoặc séc.',12,'(A)','(B)','(C)',NULL,2),(57,'/upload-dir/audio/20250517_075654_P2_cau7.mp3','C','Tôi không thể liên lạc được với George.\n(A) Làm ơn giữ máy.\n(B) Một số hộp trống.\n(C) Hãy thử gọi lại sau.',13,'(A)','(B)','(C)',NULL,2),(58,'/upload-dir/audio/20250517_075654_P2_cau8.mp3','A','Bạn muốn làm việc cùng nhau hay riêng biệt?,\n(A) Thực ra, tôi thích làm việc một mình hơn.\n(B) Hãy thu thập dữ liệu của công ty.\n(C) Trước hôm thứ Sáu tới.',14,'(A)','(B)','(C)',NULL,2),(59,'/upload-dir/audio/20250517_075654_P2_cau9.mp3','B','Hôm nay ai làm việc ở quầy lễ tân?.\n(A) Đó là một yêu cầu khó khăn.\n(B) Đó là Katie Miller.\n(C) Hãy dọn chỗ trên bàn làm việc của bạn.',15,'(A)','(B)','(C)',NULL,2),(60,'/upload-dir/audio/20250517_075654_P2_cau10.mp3','A','Thế còn việc thuê một không gian rộng hơn để tổ chức bữa tiệc thì sao?.\n(A) Điều đó có thực sự cần thiết không?\n(B) Tôi đã trả lại thiết bị.\n(C) Tôi không phải là người thuê nhà.',16,'(A)','(B)','(C)',NULL,2),(61,'/upload-dir/audio/20250517_075654_P2_cau11.mp3','C','Tôi rất ấn tượng với giọng hát của Alex.\n(A) Tôi quên tên ca sĩ.\n(B) Buổi hòa nhạc ở đâu?\n(C) Vâng, anh ấy có một giọng hát tuyệt vời.',17,'(A)','(B)','(C)',NULL,2),(62,'/upload-dir/audio/20250517_075654_P2_cau12.mp3','B','Bạn đã cân nhắc việc xây dựng một hàng rào chưa?.\n(A) Ngôi nhà đang được rao bán.\n(B) Vâng, chúng ta sẽ làm điều đó sau.\n(C) Nhận xét của anh ta gây ra sự xúc phạm.',18,'(A)','(B)','(C)',NULL,2),(63,'/upload-dir/audio/20250517_075654_P2_cau13.mp3','B','Bạn đã giới thiệu bản thân với nhân viên mới chưa?.\n(A) Một hệ thống khen thưởng mới sẽ sớm được giới thiệu.\n(B) Không, hôm nay tôi quá bận.\n(C) Rất vui được gặp bạn.',19,'(A)','(B)','(C)',NULL,2),(64,'/upload-dir/audio/20250517_075654_P2_cau14.mp3','A','Tại sao tối nay tàu điện ngầm ngừng chạy sớm?.\n(A) Bởi vì đó là ngày nghỉ lễ.\n(B) Hãy xuống ở ga tiếp theo.\n(C) Không, ngày mai tôi sẽ không chạy.',20,'(A)','(B)','(C)',NULL,2),(65,'/upload-dir/audio/20250517_075654_P2_cau15.mp3','B','Lẽ ra bây giờ đồ ăn của chúng ta đã được phục vụ rồi sao?.\n(A) Nó rất ngon.\n(B) Vâng, dịch vụ tối nay khá chậm.\n(C) Tôi sẽ gọi mì cà chua.',21,'(A)','(B)','(C)',NULL,2),(66,'/upload-dir/audio/20250517_075654_P2_cau16.mp3','C','Bạn có muốn mượn cuốn sách này khi tôi đọc xong không?.\n(A) Cô Watson sẽ dẫn đầu nhóm.\n(B) Tôi sẽ đặt bàn cho bữa tối.\n(C) Không, tôi sẽ lấy nó từ thư viện.',22,'(A)','(B)','(C)',NULL,2),(67,'/upload-dir/audio/20250517_075654_P2_cau17.mp3','B','Bạn đã kê ghế trong phòng họp phải không?.\n(A) Tôi cần một cuốn sách tham khảo.\n(B) Có, tổng cộng 200 chỗ.\n(C) Không, tôi không thể tìm thấy địa chỉ e-mail.',23,'(A)','(B)','(C)',NULL,2),(68,'/upload-dir/audio/20250517_075654_P2_cau18.mp3','A','Khi nào nên bật điều hòa?.\n(A) Khi nhiệt độ đạt tới 25 độ.\n(B) Tôi đồng ý với bạn.\n(C) Chúng sẽ được phát sóng trong khoảng một giờ nữa.',24,'(A)','(B)','(C)',NULL,2),(69,'/upload-dir/audio/20250517_075654_P2_cau19.mp3','A','Chi phí thay thế cửa sổ là bao nhiêu?.\n(A) Tôi nghĩ nó chưa đến 60 đô la.\n(B) Trong một cửa hàng bách hóa.\n(C) Nó không khó chút nào.',25,'(A)','(B)','(C)',NULL,2),(70,'/upload-dir/audio/20250517_075654_P2_cau20.mp3','B','Xe buýt này đi đến đâu?.\n(A) Bạn cần thẻ chuyển tuyến.\n(B) Trạm xe buýt ở đằng kia.\n(C) Xe buýt này đến trái tim em.',26,'(A)','(B)','(C)',NULL,2),(71,'/upload-dir/audio/20250517_075654_P2_cau21.mp3','C','Chuyến tham quan bảo tàng thế nào?.\n(A) Cửa sổ hướng ra đường.\n(B) Giữa phố Williams và Đại lộ Keller.\n(C) Nó rất nhiều thông tin.',27,'(A)','(B)','(C)',NULL,2),(72,'/upload-dir/audio/20250517_075654_P2_cau22.mp3','C','Máy pha cà phê mới này rất đắt tiền.\n(A) Anh ấy có nhiều kinh nghiệm quản lý.\n(B) Có kẹt giấy trong máy photocopy.\n(C) Đó là lý do tại sao cà phê có hương vị tuyệt vời.',28,'(A)','(B)','(C)',NULL,2),(73,'/upload-dir/audio/20250517_075654_P2_cau23.mp3','A','Tại sao chúng ta không chụp ảnh nhóm?.\n(A) Chắc chắn rồi, hãy thực hiện theo các bước.\n(B) Một máy ảnh kỹ thuật số.\n(C) Vâng, cô ấy trông thật hấp dẫn trong bức ảnh này.',29,'(A)','(B)','(C)',NULL,2),(74,'/upload-dir/audio/20250517_075654_P2_cau24.mp3','B','Thang máy đã được sửa chữa rồi phải không?.\n(A) Cô ấy làm việc ở tầng ba.\n(B) Vâng, nó đang hoạt động trở lại.\n(C) Đó không phải là những gì tôi thấy.',30,'(A)','(B)','(C)',NULL,2),(75,'/upload-dir/audio/20250517_075654_P2_cau25.mp3','B','Tại sao tờ rơi không được chuẩn bị kịp thời cho sự kiện?.\n(A) Đó không phải tờ in thường.\n(B) Máy photocopy bị trục trặc.\n(C) Đó là lễ kỷ niệm 40 năm thành lập công ty.',31,'(A)','(B)','(C)',NULL,2),(76,'/upload-dir/audio/20250517_075806_P2_cau1.mp3','C','Chuyến tham quan bảo tàng thế nào?.\n(A) Cửa sổ hướng ra đường.\n(B) Giữa phố Williams và Đại lộ Keller.\n(C) Nó rất nhiều thông tin.',7,'(A)','(B)','(C)',NULL,3),(77,'/upload-dir/audio/20250517_075806_P2_cau2.mp3','C','Máy pha cà phê mới này rất đắt tiền.\n(A) Anh ấy có nhiều kinh nghiệm quản lý.\n(B) Có kẹt giấy trong máy photocopy.\n(C) Đó là lý do tại sao cà phê có hương vị tuyệt vời.',8,'(A)','(B)','(C)',NULL,3),(78,'/upload-dir/audio/20250517_075806_P2_cau3.mp3','A','Tại sao chúng ta không chụp ảnh nhóm?.\n(A) Chắc chắn rồi, hãy thực hiện theo các bước.\n(B) Một máy ảnh kỹ thuật số.\n(C) Vâng, cô ấy trông thật hấp dẫn trong bức ảnh này.',9,'(A)','(B)','(C)',NULL,3),(79,'/upload-dir/audio/20250517_075806_P2_cau4.mp3','B','Thang máy đã được sửa chữa rồi phải không?.\n(A) Cô ấy làm việc ở tầng ba.\n(B) Vâng, nó đang hoạt động trở lại.\n(C) Đó không phải là những gì tôi thấy.',10,'(A)','(B)','(C)',NULL,3),(80,'/upload-dir/audio/20250517_075806_P2_cau5.mp3','B','Tại sao tờ rơi không được chuẩn bị kịp thời cho sự kiện?.\n(A) Đó không phải tờ in thường.\n(B) Máy photocopy bị trục trặc.\n(C) Đó là lễ kỷ niệm 40 năm thành lập công ty.',11,'(A)','(B)','(C)',NULL,3),(81,'/upload-dir/audio/20250517_075806_P2_cau6.mp3','C','Bạn có muốn mượn cuốn sách này khi tôi đọc xong không?.\n(A) Cô Watson sẽ dẫn đầu nhóm.\n(B) Tôi sẽ đặt bàn cho bữa tối.\n(C) Không, tôi sẽ lấy nó từ thư viện.',12,'(A)','(B)','(C)',NULL,3),(82,'/upload-dir/audio/20250517_075806_P2_cau7.mp3','B','Bạn đã kê ghế trong phòng họp phải không?.\n(A) Tôi cần một cuốn sách tham khảo.\n(B) Có, tổng cộng 200 chỗ.\n(C) Không, tôi không thể tìm thấy địa chỉ e-mail.',13,'(A)','(B)','(C)',NULL,3),(83,'/upload-dir/audio/20250517_075806_P2_cau8.mp3','A','Khi nào nên bật điều hòa?.\n(A) Khi nhiệt độ đạt tới 25 độ.\n(B) Tôi đồng ý với bạn.\n(C) Chúng sẽ được phát sóng trong khoảng một giờ nữa.',14,'(A)','(B)','(C)',NULL,3),(84,'/upload-dir/audio/20250517_075806_P2_cau9.mp3','A','Chi phí thay thế cửa sổ là bao nhiêu?.\n(A) Tôi nghĩ nó chưa đến 60 đô la.\n(B) Trong một cửa hàng bách hóa.\n(C) Nó không khó chút nào.',15,'(A)','(B)','(C)',NULL,3),(85,'/upload-dir/audio/20250517_075806_P2_cau10.mp3','B','Xe buýt này đi đến đâu?.\n(A) Bạn cần thẻ chuyển tuyến.\n(B) Trạm xe buýt ở đằng kia.\n(C) Xe buýt này đến trái tim em.',16,'(A)','(B)','(C)',NULL,3),(86,'/upload-dir/audio/20250517_075806_P2_cau11.mp3','C','Tôi rất ấn tượng với giọng hát của Alex.\n(A) Tôi quên tên ca sĩ.\n(B) Buổi hòa nhạc ở đâu?\n(C) Vâng, anh ấy có một giọng hát tuyệt vời.',17,'(A)','(B)','(C)',NULL,3),(87,'/upload-dir/audio/20250517_075806_P2_cau12.mp3','B','Bạn đã cân nhắc việc xây dựng một hàng rào chưa?.\n(A) Ngôi nhà đang được rao bán.\n(B) Vâng, chúng ta sẽ làm điều đó sau.\n(C) Nhận xét của anh ta gây ra sự xúc phạm.',18,'(A)','(B)','(C)',NULL,3),(88,'/upload-dir/audio/20250517_075806_P2_cau13.mp3','B','Bạn đã giới thiệu bản thân với nhân viên mới chưa?.\n(A) Một hệ thống khen thưởng mới sẽ sớm được giới thiệu.\n(B) Không, hôm nay tôi quá bận.\n(C) Rất vui được gặp bạn.',19,'(A)','(B)','(C)',NULL,3),(89,'/upload-dir/audio/20250517_075806_P2_cau14.mp3','A','Tại sao tối nay tàu điện ngầm ngừng chạy sớm?.\n(A) Bởi vì đó là ngày nghỉ lễ.\n(B) Hãy xuống ở ga tiếp theo.\n(C) Không, ngày mai tôi sẽ không chạy.',20,'(A)','(B)','(C)',NULL,3),(90,'/upload-dir/audio/20250517_075806_P2_cau15.mp3','B','Lẽ ra bây giờ đồ ăn của chúng ta đã được phục vụ rồi sao?.\n(A) Nó rất ngon.\n(B) Vâng, dịch vụ tối nay khá chậm.\n(C) Tôi sẽ gọi mì cà chua.',21,'(A)','(B)','(C)',NULL,3),(91,'/upload-dir/audio/20250517_075806_P2_cau16.mp3','C','Ai sẽ phát biểu tại lễ khai mạc tối nay?.\n(A) Hàng ghế trước.\n(B) Ông Gibson sẽ đóng cửa lại.\n(C) Một tiểu thuyết gia nổi tiếng.',22,'(A)','(B)','(C)',NULL,3),(92,'/upload-dir/audio/20250517_075806_P2_cau17.mp3','B','Chỗ ngồi nào là của tôi?.\n(A) Đó là một chiếc ghế thoải mái.\n(B) Hãy ngồi ở bất cứ đâu.\n(C) Hãy ghi nhớ điều đó.',23,'(A)','(B)','(C)',NULL,3),(93,'/upload-dir/audio/20250517_075806_P2_cau18.mp3','A','Bạn định ra ngoài ăn tối hay ở nhà?.\n(A) Tôi sẽ đặt hàng giao hàng.\n(B) Vui lòng mang theo hóa đơn.\n(C) Vào một thời điểm thuận tiện.',24,'(A)','(B)','(C)',NULL,3),(94,'/upload-dir/audio/20250517_075806_P2_cau19.mp3','A','Bạn chưa nhận được tiền lương phải không?.\n(A) Không, chúng sẽ được nhận vào tuần tới.\n(B) Chắc chắn rồi, tôi sẽ gửi e-mail cho anh ấy.\n(C) Cô ấy muốn được thăng chức.',25,'(A)','(B)','(C)',NULL,3),(95,'/upload-dir/audio/20250517_075806_P2_cau20.mp3','C','Chuyến dã ngoại của công ty được tổ chức ở đâu?.\n(A) Vào tháng Tư.\n(B) Đồ giải khát sẽ được cung cấp.\n(C) Tại một công viên cạnh hồ.',26,'(A)','(B)','(C)',NULL,3),(96,'/upload-dir/audio/20250517_075806_P2_cau21.mp3','B','Ngày mai bạn có kiểm tra e-mail không?.\n(A) Nhìn vào phần đính kèm.\n(B) Thực ra, tôi đang đi nghỉ.\n(C) Chúng tôi chấp nhận tiền mặt hoặc séc.',27,'(A)','(B)','(C)',NULL,3),(97,'/upload-dir/audio/20250517_075806_P2_cau22.mp3','C','Tôi không thể liên lạc được với George.\n(A) Làm ơn giữ máy.\n(B) Một số hộp trống.\n(C) Hãy thử gọi lại sau.',28,'(A)','(B)','(C)',NULL,3),(98,'/upload-dir/audio/20250517_075806_P2_cau23.mp3','A','Bạn muốn làm việc cùng nhau hay riêng biệt?,\n(A) Thực ra, tôi thích làm việc một mình hơn.\n(B) Hãy thu thập dữ liệu của công ty.\n(C) Trước hôm thứ Sáu tới.',29,'(A)','(B)','(C)',NULL,3),(99,'/upload-dir/audio/20250517_075806_P2_cau24.mp3','B','Hôm nay ai làm việc ở quầy lễ tân?.\n(A) Đó là một yêu cầu khó khăn.\n(B) Đó là Katie Miller.\n(C) Hãy dọn chỗ trên bàn làm việc của bạn.',30,'(A)','(B)','(C)',NULL,3),(100,'/upload-dir/audio/20250517_075806_P2_cau25.mp3','A','Thế còn việc thuê một không gian rộng hơn để tổ chức bữa tiệc thì sao?.\n(A) Điều đó có thực sự cần thiết không?\n(B) Tôi đã trả lại thiết bị.\n(C) Tôi không phải là người thuê nhà.',31,'(A)','(B)','(C)',NULL,3),(101,'/upload-dir/audio/20250517_075935_P2_cau1.mp3','C','Chuyến tham quan bảo tàng thế nào?.\n(A) Cửa sổ hướng ra đường.\n(B) Giữa phố Williams và Đại lộ Keller.\n(C) Nó rất nhiều thông tin.',7,'(A)','(B)','(C)',NULL,4),(102,'/upload-dir/audio/20250517_075935_P2_cau2.mp3','C','Máy pha cà phê mới này rất đắt tiền.\n(A) Anh ấy có nhiều kinh nghiệm quản lý.\n(B) Có kẹt giấy trong máy photocopy.\n(C) Đó là lý do tại sao cà phê có hương vị tuyệt vời.',8,'(A)','(B)','(C)',NULL,4),(103,'/upload-dir/audio/20250517_075935_P2_cau3.mp3','A','Tại sao chúng ta không chụp ảnh nhóm?.\n(A) Chắc chắn rồi, hãy thực hiện theo các bước.\n(B) Một máy ảnh kỹ thuật số.\n(C) Vâng, cô ấy trông thật hấp dẫn trong bức ảnh này.',9,'(A)','(B)','(C)',NULL,4),(104,'/upload-dir/audio/20250517_075935_P2_cau4.mp3','B','Thang máy đã được sửa chữa rồi phải không?.\n(A) Cô ấy làm việc ở tầng ba.\n(B) Vâng, nó đang hoạt động trở lại.\n(C) Đó không phải là những gì tôi thấy.',10,'(A)','(B)','(C)',NULL,4),(105,'/upload-dir/audio/20250517_075935_P2_cau5.mp3','B','Tại sao tờ rơi không được chuẩn bị kịp thời cho sự kiện?.\n(A) Đó không phải tờ in thường.\n(B) Máy photocopy bị trục trặc.\n(C) Đó là lễ kỷ niệm 40 năm thành lập công ty.',11,'(A)','(B)','(C)',NULL,4),(106,'/upload-dir/audio/20250517_075935_P2_cau6.mp3','C','Bạn có muốn mượn cuốn sách này khi tôi đọc xong không?.\n(A) Cô Watson sẽ dẫn đầu nhóm.\n(B) Tôi sẽ đặt bàn cho bữa tối.\n(C) Không, tôi sẽ lấy nó từ thư viện.',12,'(A)','(B)','(C)',NULL,4),(107,'/upload-dir/audio/20250517_075935_P2_cau7.mp3','B','Bạn đã kê ghế trong phòng họp phải không?.\n(A) Tôi cần một cuốn sách tham khảo.\n(B) Có, tổng cộng 200 chỗ.\n(C) Không, tôi không thể tìm thấy địa chỉ e-mail.',13,'(A)','(B)','(C)',NULL,4),(108,'/upload-dir/audio/20250517_075935_P2_cau8.mp3','A','Khi nào nên bật điều hòa?.\n(A) Khi nhiệt độ đạt tới 25 độ.\n(B) Tôi đồng ý với bạn.\n(C) Chúng sẽ được phát sóng trong khoảng một giờ nữa.',14,'(A)','(B)','(C)',NULL,4),(109,'/upload-dir/audio/20250517_075935_P2_cau9.mp3','A','Chi phí thay thế cửa sổ là bao nhiêu?.\n(A) Tôi nghĩ nó chưa đến 60 đô la.\n(B) Trong một cửa hàng bách hóa.\n(C) Nó không khó chút nào.',15,'(A)','(B)','(C)',NULL,4),(110,'/upload-dir/audio/20250517_075935_P2_cau10.mp3','B','Xe buýt này đi đến đâu?.\n(A) Bạn cần thẻ chuyển tuyến.\n(B) Trạm xe buýt ở đằng kia.\n(C) Xe buýt này đến trái tim em.',16,'(A)','(B)','(C)',NULL,4),(111,'/upload-dir/audio/20250517_075935_P2_cau11.mp3','C','Tôi rất ấn tượng với giọng hát của Alex.\n(A) Tôi quên tên ca sĩ.\n(B) Buổi hòa nhạc ở đâu?\n(C) Vâng, anh ấy có một giọng hát tuyệt vời.',17,'(A)','(B)','(C)',NULL,4),(112,'/upload-dir/audio/20250517_075935_P2_cau12.mp3','B','Bạn đã cân nhắc việc xây dựng một hàng rào chưa?.\n(A) Ngôi nhà đang được rao bán.\n(B) Vâng, chúng ta sẽ làm điều đó sau.\n(C) Nhận xét của anh ta gây ra sự xúc phạm.',18,'(A)','(B)','(C)',NULL,4),(113,'/upload-dir/audio/20250517_075935_P2_cau13.mp3','B','Bạn đã giới thiệu bản thân với nhân viên mới chưa?.\n(A) Một hệ thống khen thưởng mới sẽ sớm được giới thiệu.\n(B) Không, hôm nay tôi quá bận.\n(C) Rất vui được gặp bạn.',19,'(A)','(B)','(C)',NULL,4),(114,'/upload-dir/audio/20250517_075935_P2_cau14.mp3','A','Tại sao tối nay tàu điện ngầm ngừng chạy sớm?.\n(A) Bởi vì đó là ngày nghỉ lễ.\n(B) Hãy xuống ở ga tiếp theo.\n(C) Không, ngày mai tôi sẽ không chạy.',20,'(A)','(B)','(C)',NULL,4),(115,'/upload-dir/audio/20250517_075935_P2_cau15.mp3','B','Lẽ ra bây giờ đồ ăn của chúng ta đã được phục vụ rồi sao?.\n(A) Nó rất ngon.\n(B) Vâng, dịch vụ tối nay khá chậm.\n(C) Tôi sẽ gọi mì cà chua.',21,'(A)','(B)','(C)',NULL,4),(116,'/upload-dir/audio/20250517_075935_P2_cau16.mp3','C','Ai sẽ phát biểu tại lễ khai mạc tối nay?.\n(A) Hàng ghế trước.\n(B) Ông Gibson sẽ đóng cửa lại.\n(C) Một tiểu thuyết gia nổi tiếng.',22,'(A)','(B)','(C)',NULL,4),(117,'/upload-dir/audio/20250517_075935_P2_cau17.mp3','B','Chỗ ngồi nào là của tôi?.\n(A) Đó là một chiếc ghế thoải mái.\n(B) Hãy ngồi ở bất cứ đâu.\n(C) Hãy ghi nhớ điều đó.',23,'(A)','(B)','(C)',NULL,4),(118,'/upload-dir/audio/20250517_075935_P2_cau18.mp3','A','Bạn định ra ngoài ăn tối hay ở nhà?.\n(A) Tôi sẽ đặt hàng giao hàng.\n(B) Vui lòng mang theo hóa đơn.\n(C) Vào một thời điểm thuận tiện.',24,'(A)','(B)','(C)',NULL,4),(119,'/upload-dir/audio/20250517_075935_P2_cau19.mp3','A','Bạn chưa nhận được tiền lương phải không?.\n(A) Không, chúng sẽ được nhận vào tuần tới.\n(B) Chắc chắn rồi, tôi sẽ gửi e-mail cho anh ấy.\n(C) Cô ấy muốn được thăng chức.',25,'(A)','(B)','(C)',NULL,4),(120,'/upload-dir/audio/20250517_075935_P2_cau20.mp3','C','Chuyến dã ngoại của công ty được tổ chức ở đâu?.\n(A) Vào tháng Tư.\n(B) Đồ giải khát sẽ được cung cấp.\n(C) Tại một công viên cạnh hồ.',26,'(A)','(B)','(C)',NULL,4),(121,'/upload-dir/audio/20250517_075935_P2_cau21.mp3','B','Ngày mai bạn có kiểm tra e-mail không?.\n(A) Nhìn vào phần đính kèm.\n(B) Thực ra, tôi đang đi nghỉ.\n(C) Chúng tôi chấp nhận tiền mặt hoặc séc.',27,'(A)','(B)','(C)',NULL,4),(122,'/upload-dir/audio/20250517_075935_P2_cau22.mp3','C','Tôi không thể liên lạc được với George.\n(A) Làm ơn giữ máy.\n(B) Một số hộp trống.\n(C) Hãy thử gọi lại sau.',28,'(A)','(B)','(C)',NULL,4),(123,'/upload-dir/audio/20250517_075935_P2_cau23.mp3','A','Bạn muốn làm việc cùng nhau hay riêng biệt?,\n(A) Thực ra, tôi thích làm việc một mình hơn.\n(B) Hãy thu thập dữ liệu của công ty.\n(C) Trước hôm thứ Sáu tới.',29,'(A)','(B)','(C)',NULL,4),(124,'/upload-dir/audio/20250517_075935_P2_cau24.mp3','B','Hôm nay ai làm việc ở quầy lễ tân?.\n(A) Đó là một yêu cầu khó khăn.\n(B) Đó là Katie Miller.\n(C) Hãy dọn chỗ trên bàn làm việc của bạn.',30,'(A)','(B)','(C)',NULL,4),(125,'/upload-dir/audio/20250517_075935_P2_cau25.mp3','A','Thế còn việc thuê một không gian rộng hơn để tổ chức bữa tiệc thì sao?.\n(A) Điều đó có thực sự cần thiết không?\n(B) Tôi đã trả lại thiết bị.\n(C) Tôi không phải là người thuê nhà.',31,'(A)','(B)','(C)',NULL,4),(126,'/upload-dir/audio/20250517_080055_P2_cau1.mp3','C','Ai sẽ phát biểu tại lễ khai mạc tối nay?.\n(A) Hàng ghế trước.\n(B) Ông Gibson sẽ đóng cửa lại.\n(C) Một tiểu thuyết gia nổi tiếng.',7,'(A)','(B)','(C)',NULL,5),(127,'/upload-dir/audio/20250517_080055_P2_cau2.mp3','B','Chỗ ngồi nào là của tôi?.\n(A) Đó là một chiếc ghế thoải mái.\n(B) Hãy ngồi ở bất cứ đâu.\n(C) Hãy ghi nhớ điều đó.',8,'(A)','(B)','(C)',NULL,5),(128,'/upload-dir/audio/20250517_080055_P2_cau3.mp3','A','Bạn định ra ngoài ăn tối hay ở nhà?.\n(A) Tôi sẽ đặt hàng giao hàng.\n(B) Vui lòng mang theo hóa đơn.\n(C) Vào một thời điểm thuận tiện.',9,'(A)','(B)','(C)',NULL,5),(129,'/upload-dir/audio/20250517_080055_P2_cau4.mp3','A','Bạn chưa nhận được tiền lương phải không?.\n(A) Không, chúng sẽ được nhận vào tuần tới.\n(B) Chắc chắn rồi, tôi sẽ gửi e-mail cho anh ấy.\n(C) Cô ấy muốn được thăng chức.',10,'(A)','(B)','(C)',NULL,5),(130,'/upload-dir/audio/20250517_080055_P2_cau5.mp3','C','Chuyến dã ngoại của công ty được tổ chức ở đâu?.\n(A) Vào tháng Tư.\n(B) Đồ giải khát sẽ được cung cấp.\n(C) Tại một công viên cạnh hồ.',11,'(A)','(B)','(C)',NULL,5),(131,'/upload-dir/audio/20250517_080055_P2_cau6.mp3','B','Ngày mai bạn có kiểm tra e-mail không?.\n(A) Nhìn vào phần đính kèm.\n(B) Thực ra, tôi đang đi nghỉ.\n(C) Chúng tôi chấp nhận tiền mặt hoặc séc.',12,'(A)','(B)','(C)',NULL,5),(132,'/upload-dir/audio/20250517_080055_P2_cau7.mp3','C','Tôi không thể liên lạc được với George.\n(A) Làm ơn giữ máy.\n(B) Một số hộp trống.\n(C) Hãy thử gọi lại sau.',13,'(A)','(B)','(C)',NULL,5),(133,'/upload-dir/audio/20250517_080055_P2_cau8.mp3','A','Bạn muốn làm việc cùng nhau hay riêng biệt?,\n(A) Thực ra, tôi thích làm việc một mình hơn.\n(B) Hãy thu thập dữ liệu của công ty.\n(C) Trước hôm thứ Sáu tới.',14,'(A)','(B)','(C)',NULL,5),(134,'/upload-dir/audio/20250517_080055_P2_cau9.mp3','B','Hôm nay ai làm việc ở quầy lễ tân?.\n(A) Đó là một yêu cầu khó khăn.\n(B) Đó là Katie Miller.\n(C) Hãy dọn chỗ trên bàn làm việc của bạn.',15,'(A)','(B)','(C)',NULL,5),(135,'/upload-dir/audio/20250517_080055_P2_cau10.mp3','A','Thế còn việc thuê một không gian rộng hơn để tổ chức bữa tiệc thì sao?.\n(A) Điều đó có thực sự cần thiết không?\n(B) Tôi đã trả lại thiết bị.\n(C) Tôi không phải là người thuê nhà.',16,'(A)','(B)','(C)',NULL,5),(136,'/upload-dir/audio/20250517_080055_P2_cau11.mp3','C','Tôi rất ấn tượng với giọng hát của Alex.\n(A) Tôi quên tên ca sĩ.\n(B) Buổi hòa nhạc ở đâu?\n(C) Vâng, anh ấy có một giọng hát tuyệt vời.',17,'(A)','(B)','(C)',NULL,5),(137,'/upload-dir/audio/20250517_080055_P2_cau12.mp3','B','Bạn đã cân nhắc việc xây dựng một hàng rào chưa?.\n(A) Ngôi nhà đang được rao bán.\n(B) Vâng, chúng ta sẽ làm điều đó sau.\n(C) Nhận xét của anh ta gây ra sự xúc phạm.',18,'(A)','(B)','(C)',NULL,5),(138,'/upload-dir/audio/20250517_080055_P2_cau13.mp3','B','Bạn đã giới thiệu bản thân với nhân viên mới chưa?.\n(A) Một hệ thống khen thưởng mới sẽ sớm được giới thiệu.\n(B) Không, hôm nay tôi quá bận.\n(C) Rất vui được gặp bạn.',19,'(A)','(B)','(C)',NULL,5),(139,'/upload-dir/audio/20250517_080055_P2_cau14.mp3','A','Tại sao tối nay tàu điện ngầm ngừng chạy sớm?.\n(A) Bởi vì đó là ngày nghỉ lễ.\n(B) Hãy xuống ở ga tiếp theo.\n(C) Không, ngày mai tôi sẽ không chạy.',20,'(A)','(B)','(C)',NULL,5),(140,'/upload-dir/audio/20250517_080055_P2_cau15.mp3','B','Lẽ ra bây giờ đồ ăn của chúng ta đã được phục vụ rồi sao?.\n(A) Nó rất ngon.\n(B) Vâng, dịch vụ tối nay khá chậm.\n(C) Tôi sẽ gọi mì cà chua.',21,'(A)','(B)','(C)',NULL,5),(141,'/upload-dir/audio/20250517_080055_P2_cau16.mp3','C','Bạn có muốn mượn cuốn sách này khi tôi đọc xong không?.\n(A) Cô Watson sẽ dẫn đầu nhóm.\n(B) Tôi sẽ đặt bàn cho bữa tối.\n(C) Không, tôi sẽ lấy nó từ thư viện.',22,'(A)','(B)','(C)',NULL,5),(142,'/upload-dir/audio/20250517_080055_P2_cau17.mp3','B','Bạn đã kê ghế trong phòng họp phải không?.\n(A) Tôi cần một cuốn sách tham khảo.\n(B) Có, tổng cộng 200 chỗ.\n(C) Không, tôi không thể tìm thấy địa chỉ e-mail.',23,'(A)','(B)','(C)',NULL,5),(143,'/upload-dir/audio/20250517_080055_P2_cau18.mp3','A','Khi nào nên bật điều hòa?.\n(A) Khi nhiệt độ đạt tới 25 độ.\n(B) Tôi đồng ý với bạn.\n(C) Chúng sẽ được phát sóng trong khoảng một giờ nữa.',24,'(A)','(B)','(C)',NULL,5),(144,'/upload-dir/audio/20250517_080055_P2_cau19.mp3','A','Chi phí thay thế cửa sổ là bao nhiêu?.\n(A) Tôi nghĩ nó chưa đến 60 đô la.\n(B) Trong một cửa hàng bách hóa.\n(C) Nó không khó chút nào.',25,'(A)','(B)','(C)',NULL,5),(145,'/upload-dir/audio/20250517_080055_P2_cau20.mp3','B','Xe buýt này đi đến đâu?.\n(A) Bạn cần thẻ chuyển tuyến.\n(B) Trạm xe buýt ở đằng kia.\n(C) Xe buýt này đến trái tim em.',26,'(A)','(B)','(C)',NULL,5),(146,'/upload-dir/audio/20250517_080055_P2_cau21.mp3','C','Chuyến tham quan bảo tàng thế nào?.\n(A) Cửa sổ hướng ra đường.\n(B) Giữa phố Williams và Đại lộ Keller.\n(C) Nó rất nhiều thông tin.',27,'(A)','(B)','(C)',NULL,5),(147,'/upload-dir/audio/20250517_080055_P2_cau22.mp3','C','Máy pha cà phê mới này rất đắt tiền.\n(A) Anh ấy có nhiều kinh nghiệm quản lý.\n(B) Có kẹt giấy trong máy photocopy.\n(C) Đó là lý do tại sao cà phê có hương vị tuyệt vời.',28,'(A)','(B)','(C)',NULL,5),(148,'/upload-dir/audio/20250517_080055_P2_cau23.mp3','A','Tại sao chúng ta không chụp ảnh nhóm?.\n(A) Chắc chắn rồi, hãy thực hiện theo các bước.\n(B) Một máy ảnh kỹ thuật số.\n(C) Vâng, cô ấy trông thật hấp dẫn trong bức ảnh này.',29,'(A)','(B)','(C)',NULL,5),(149,'/upload-dir/audio/20250517_080055_P2_cau24.mp3','B','Thang máy đã được sửa chữa rồi phải không?.\n(A) Cô ấy làm việc ở tầng ba.\n(B) Vâng, nó đang hoạt động trở lại.\n(C) Đó không phải là những gì tôi thấy.',30,'(A)','(B)','(C)',NULL,5),(150,'/upload-dir/audio/20250517_080055_P2_cau25.mp3','B','Tại sao tờ rơi không được chuẩn bị kịp thời cho sự kiện?.\n(A) Đó không phải tờ in thường.\n(B) Máy photocopy bị trục trặc.\n(C) Đó là lễ kỷ niệm 40 năm thành lập công ty.',31,'(A)','(B)','(C)',NULL,5);
/*!40000 ALTER TABLE `part2` ENABLE KEYS */;
UNLOCK TABLES;

--
-- Table structure for table `part3`
--

DROP TABLE IF EXISTS `part3`;
/*!40101 SET @saved_cs_client     = @@character_set_client */;
/*!50503 SET character_set_client = utf8mb4 */;
CREATE TABLE `part3` (
  `id` bigint NOT NULL AUTO_INCREMENT,
  `audio_url` varchar(255) NOT NULL,
  `listening_exercise_id` bigint DEFAULT NULL,
  `mock_exam_id` bigint DEFAULT NULL,
  PRIMARY KEY (`id`),
  KEY `FKyp6t3qvrfq8wljohct4rrgci` (`listening_exercise_id`),
  KEY `FK19fu4gqhsck8gmibw7u1ei7lw` (`mock_exam_id`),
  CONSTRAINT `FK19fu4gqhsck8gmibw7u1ei7lw` FOREIGN KEY (`mock_exam_id`) REFERENCES `mock_exam` (`id`),
  CONSTRAINT `FKyp6t3qvrfq8wljohct4rrgci` FOREIGN KEY (`listening_exercise_id`) REFERENCES `listening_exercise` (`id`)
) ENGINE=InnoDB AUTO_INCREMENT=71 DEFAULT CHARSET=utf8mb4 COLLATE=utf8mb4_0900_ai_ci;
/*!40101 SET character_set_client = @saved_cs_client */;

--
-- Dumping data for table `part3`
--

LOCK TABLES `part3` WRITE;
/*!40000 ALTER TABLE `part3` DISABLE KEYS */;
INSERT INTO `part3` VALUES (1,'/upload-dir/audio/20250517_074702_audio.mp3',11,NULL),(2,'/upload-dir/audio/20250517_074713_audio.mp3',12,NULL),(3,'/upload-dir/audio/20250517_074731_audio.mp3',13,NULL),(4,'/upload-dir/audio/20250517_074745_audio.mp3',14,NULL),(5,'/upload-dir/audio/20250517_074800_audio.mp3',15,NULL),(6,'/upload-dir/audio/20250517_075548_P3_1.mp3',NULL,1),(7,'/upload-dir/audio/20250517_075548_P3_2.mp3',NULL,1),(8,'/upload-dir/audio/20250517_075548_P3_3.mp3',NULL,1),(9,'/upload-dir/audio/20250517_075548_P3_4.mp3',NULL,1),(10,'/upload-dir/audio/20250517_075548_P3_5.mp3',NULL,1),(11,'/upload-dir/audio/20250517_075548_P3_6.mp3',NULL,1),(12,'/upload-dir/audio/20250517_075548_P3_7.mp3',NULL,1),(13,'/upload-dir/audio/20250517_075548_P3_8.mp3',NULL,1),(14,'/upload-dir/audio/20250517_075548_P3_9.mp3',NULL,1),(15,'/upload-dir/audio/20250517_075548_P3_10.mp3',NULL,1),(16,'/upload-dir/audio/20250517_075548_P3_11.mp3',NULL,1),(17,'/upload-dir/audio/20250517_075548_P3_12.mp3',NULL,1),(18,'/upload-dir/audio/20250517_075548_P3_13.mp3',NULL,1),(19,'/upload-dir/audio/20250517_075654_P3_1.mp3',NULL,2),(20,'/upload-dir/audio/20250517_075654_P3_2.mp3',NULL,2),(21,'/upload-dir/audio/20250517_075654_P3_3.mp3',NULL,2),(22,'/upload-dir/audio/20250517_075654_P3_4.mp3',NULL,2),(23,'/upload-dir/audio/20250517_075654_P3_5.mp3',NULL,2),(24,'/upload-dir/audio/20250517_075654_P3_6.mp3',NULL,2),(25,'/upload-dir/audio/20250517_075654_P3_7.mp3',NULL,2),(26,'/upload-dir/audio/20250517_075654_P3_8.mp3',NULL,2),(27,'/upload-dir/audio/20250517_075654_P3_9.mp3',NULL,2),(28,'/upload-dir/audio/20250517_075654_P3_10.mp3',NULL,2),(29,'/upload-dir/audio/20250517_075654_P3_11.mp3',NULL,2),(30,'/upload-dir/audio/20250517_075654_P3_12.mp3',NULL,2),(31,'/upload-dir/audio/20250517_075654_P3_13.mp3',NULL,2),(32,'/upload-dir/audio/20250517_075806_P3_1.mp3',NULL,3),(33,'/upload-dir/audio/20250517_075806_P3_2.mp3',NULL,3),(34,'/upload-dir/audio/20250517_075806_P3_3.mp3',NULL,3),(35,'/upload-dir/audio/20250517_075806_P3_4.mp3',NULL,3),(36,'/upload-dir/audio/20250517_075806_P3_5.mp3',NULL,3),(37,'/upload-dir/audio/20250517_075806_P3_6.mp3',NULL,3),(38,'/upload-dir/audio/20250517_075806_P3_7.mp3',NULL,3),(39,'/upload-dir/audio/20250517_075806_P3_8.mp3',NULL,3),(40,'/upload-dir/audio/20250517_075806_P3_9.mp3',NULL,3),(41,'/upload-dir/audio/20250517_075806_P3_10.mp3',NULL,3),(42,'/upload-dir/audio/20250517_075806_P3_11.mp3',NULL,3),(43,'/upload-dir/audio/20250517_075806_P3_12.mp3',NULL,3),(44,'/upload-dir/audio/20250517_075806_P3_13.mp3',NULL,3),(45,'/upload-dir/audio/20250517_075935_P3_1.mp3',NULL,4),(46,'/upload-dir/audio/20250517_075935_P3_2.mp3',NULL,4),(47,'/upload-dir/audio/20250517_075935_P3_3.mp3',NULL,4),(48,'/upload-dir/audio/20250517_075935_P3_4.mp3',NULL,4),(49,'/upload-dir/audio/20250517_075935_P3_5.mp3',NULL,4),(50,'/upload-dir/audio/20250517_075935_P3_6.mp3',NULL,4),(51,'/upload-dir/audio/20250517_075935_P3_7.mp3',NULL,4),(52,'/upload-dir/audio/20250517_075935_P3_8.mp3',NULL,4),(53,'/upload-dir/audio/20250517_075935_P3_9.mp3',NULL,4),(54,'/upload-dir/audio/20250517_075935_P3_10.mp3',NULL,4),(55,'/upload-dir/audio/20250517_075935_P3_11.mp3',NULL,4),(56,'/upload-dir/audio/20250517_075935_P3_12.mp3',NULL,4),(57,'/upload-dir/audio/20250517_075935_P3_13.mp3',NULL,4),(58,'/upload-dir/audio/20250517_080055_P3_1.mp3',NULL,5),(59,'/upload-dir/audio/20250517_080055_P3_2.mp3',NULL,5),(60,'/upload-dir/audio/20250517_080055_P3_3.mp3',NULL,5),(61,'/upload-dir/audio/20250517_080055_P3_4.mp3',NULL,5),(62,'/upload-dir/audio/20250517_080055_P3_5.mp3',NULL,5),(63,'/upload-dir/audio/20250517_080055_P3_6.mp3',NULL,5),(64,'/upload-dir/audio/20250517_080055_P3_7.mp3',NULL,5),(65,'/upload-dir/audio/20250517_080055_P3_8.mp3',NULL,5),(66,'/upload-dir/audio/20250517_080055_P3_9.mp3',NULL,5),(67,'/upload-dir/audio/20250517_080055_P3_10.mp3',NULL,5),(68,'/upload-dir/audio/20250517_080055_P3_11.mp3',NULL,5),(69,'/upload-dir/audio/20250517_080055_P3_12.mp3',NULL,5),(70,'/upload-dir/audio/20250517_080055_P3_13.mp3',NULL,5);
/*!40000 ALTER TABLE `part3` ENABLE KEYS */;
UNLOCK TABLES;

--
-- Table structure for table `part3_question`
--

DROP TABLE IF EXISTS `part3_question`;
/*!40101 SET @saved_cs_client     = @@character_set_client */;
/*!50503 SET character_set_client = utf8mb4 */;
CREATE TABLE `part3_question` (
  `id` bigint NOT NULL AUTO_INCREMENT,
  `correct_answer` varchar(255) NOT NULL,
  `explanation` text NOT NULL,
  `number` bigint NOT NULL,
  `option_a` varchar(255) NOT NULL,
  `option_b` varchar(255) NOT NULL,
  `option_c` varchar(255) NOT NULL,
  `option_d` varchar(255) NOT NULL,
  `question` text NOT NULL,
  `part3_id` bigint NOT NULL,
  PRIMARY KEY (`id`),
  KEY `FKafo45qxu6kpbq7f37dr1tbtyf` (`part3_id`),
  CONSTRAINT `FKafo45qxu6kpbq7f37dr1tbtyf` FOREIGN KEY (`part3_id`) REFERENCES `part3` (`id`)
) ENGINE=InnoDB AUTO_INCREMENT=211 DEFAULT CHARSET=utf8mb4 COLLATE=utf8mb4_0900_ai_ci;
/*!40101 SET character_set_client = @saved_cs_client */;

--
-- Dumping data for table `part3_question`
--

LOCK TABLES `part3_question` WRITE;
/*!40000 ALTER TABLE `part3_question` DISABLE KEYS */;
INSERT INTO `part3_question` VALUES (1,'A','Giải thích',1,'(A) Lecturer','(B) Editor','(C) Journalist','(D) Superintendent','What position is the man applying for?',1),(2,'B','Giải thích',2,'(A) His academic background','(B) His previous work experience','(C) His public popularity','(D) His eloquence','What makes the man qualified for the position?',1),(3,'C','Giải thích',3,'(A) Health insurance','(B) Flexible hours','(C) A lot of free time','(D) Regular incentives','What extra benefit does the woman mention?',1),(4,'A','Giải thích',1,'(A) Orders for office supplies','(B) Equipment for a conference','(C) The budget reports','(D) Their colleague','What are the speakers discussing?',2),(5,'C','Giải thích',2,'(A) To inform her of the business hours','(B) To let her know she can’t order anything','(C) To explain that the second order would be late','(D) To imply that new equipment can’t be ordered','Why does the man mention when the supply company closes?',2),(6,'D','Giải thích',3,'(A) Pay for the new order','(B) Order the supplies herself','(C) Cancel a meeting','(D) Speak to their colleague','What does the woman offer to do?',2),(7,'B','Giải thích',1,'(A) A training seminar','(B) The installation of a television','(C) The date of a presentation','(D) A software upgrade','What are the speakers mainly discussing?',3),(8,'A','Giải thích',2,'(A) The necessary tools are unavailable.','(B) The office is closed.','(C) The wall is too weak.','(D) The phone number was wrong.','What is the problem?',3),(9,'C','Giải thích',3,'(A) Order a replacement part','(B) Consult an instruction manual','(C) Contact the woman','(D) Fill out a work order','What most likely will the man do first tomorrow?',3),(10,'D','Giải thích',1,'(A) A shop owner','(B) A construction worker','(C) A local resident','(D) A market researcher','Who most likely is the man?',4),(11,'B','Giải thích',2,'(A) It was recently renovated.','(B) It has sufficient parking space.','(C) It is attracting many tourists.','(D) It is located outside of town.','What does the woman mention about the mall?',4),(12,'C','Giải thích',3,'(A) To purchase groceries','(B) To meet with her clients','(C) To buy clothing','(D) To deliver products','Why does the woman usually visit the mall?',4),(13,'C','Giải thích',1,'(A) Getting his camera fixed','(B) Receiving sick leave from work','(C) Preparing for a party','(D) Introducing a client','What is the man concerned about?',5),(14,'C','Giải thích',2,'(A) It offers better vacation time.','(B) It pays a higher salary.','(C) It matches his abilities.','(D) It provides health benefits.','According to the man, why does Greg like his new job?',5),(15,'D','Giải thích',3,'(A) Take a group photo','(B) Attend a Christmas party','(C) Contact Greg','(D) Send an e-mail attachment','What most likely will the woman do next?',5),(16,'A','Giải thích',32,'(A) Lecturer','(B) Editor','(C) Journalist','(D) Superintendent','What position is the man applying for?',6),(17,'B','Giải thích',33,'(A) His academic background','(B) His previous work experience','(C) His public popularity','(D) His eloquence','What makes the man qualified for the position?',6),(18,'C','Giải thích',34,'(A) Health insurance','(B) Flexible hours','(C) A lot of free time','(D) Regular incentives','What extra benefit does the woman mention?',6),(19,'A','Giải thích',35,'(A) Orders for office supplies','(B) Equipment for a conference','(C) The budget reports','(D) Their colleague','What are the speakers discussing?',7),(20,'C','Giải thích',36,'(A) To inform her of the business hours','(B) To let her know she can’t order anything','(C) To explain that the second order would be late','(D) To imply that new equipment can’t be ordered','Why does the man mention when the supply company closes?',7),(21,'D','Giải thích',37,'(A) Pay for the new order','(B) Order the supplies herself','(C) Cancel a meeting','(D) Speak to their colleague','What does the woman offer to do?',7),(22,'B','Giải thích',38,'(A) A training seminar','(B) The installation of a television','(C) The date of a presentation','(D) A software upgrade','What are the speakers mainly discussing?',8),(23,'A','Giải thích',39,'(A) The necessary tools are unavailable.','(B) The office is closed.','(C) The wall is too weak.','(D) The phone number was wrong.','What is the problem?',8),(24,'C','Giải thích',40,'(A) Order a replacement part','(B) Consult an instruction manual','(C) Contact the woman','(D) Fill out a work order','What most likely will the man do first tomorrow?',8),(25,'D','Giải thích',41,'(A) A shop owner','(B) A construction worker','(C) A local resident','(D) A market researcher','Who most likely is the man?',9),(26,'B','Giải thích',42,'(A) It was recently renovated.','(B) It has sufficient parking space.','(C) It is attracting many tourists.','(D) It is located outside of town.','What does the woman mention about the mall?',9),(27,'C','Giải thích',43,'(A) To purchase groceries','(B) To meet with her clients','(C) To buy clothing','(D) To deliver products','Why does the woman usually visit the mall?',9),(28,'C','Giải thích',44,'(A) Getting his camera fixed','(B) Receiving sick leave from work','(C) Preparing for a party','(D) Introducing a client','What is the man concerned about?',10),(29,'C','Giải thích',45,'(A) It offers better vacation time.','(B) It pays a higher salary.','(C) It matches his abilities.','(D) It provides health benefits.','According to the man, why does Greg like his new job?',10),(30,'D','Giải thích',46,'(A) Take a group photo','(B) Attend a Christmas party','(C) Contact Greg','(D) Send an e-mail attachment','What most likely will the woman do next?',10),(31,'D','Giải thích',47,'(A) Finishing a project on time','(B) Paying for his new mobile phone','(C) Repairing a piece of equipment','(D) Learning a new skill','What is the man concerned about?',11),(32,'D','Giải thích',48,'(A) At a repair shop','(B) At an electronics store','(C) At a marketing firm','(D) At a design company','Where do the speakers work?',11),(33,'A','Giải thích',49,'(A) Provide assistance','(B) Pay in cash','(C) Fill in for the man','(D) E-mail a user manual','What does the woman offer to do?',11),(34,'B','Giải thích',50,'(A) The plane tickets were not booked.','(B) A meeting had to be rescheduled.','(C) The meeting was a success.','(D) A deadline has been changed.','What is the problem?',12),(35,'C','Giải thích',51,'(A) The meeting in New York','(B) The meeting in Wisconsin','(C) The meeting in Washington','(D) The meeting in Westboro','Which part of the business trip will be postponed?',12),(36,'B','Giải thích',52,'(A) He thinks it is a bad idea.','(B) He agrees with the proposed solution.','(C) He wants to hear other ideas.','(D) He disagrees with the solution.','What does the man mean when he says “That’s not a bad idea”?',12),(37,'A','Giải thích',53,'(A) An interior renovation','(B) A product launch','(C) A luncheon reservation','(D) A budget proposal','What are the speakers mainly discussing?',13),(38,'C','Giải thích',54,'(A) It needs more lighting.','(B) It is quite cold.','(C) It is spacious.','(D) It is too loud.','What does the man say about the dining room?',13),(39,'B','Giải thích',55,'(A) Repaint the walls a brighter color','(B) Compensate guests who have reservations','(C) Draft a budget proposal','(D) Open a bank account','What does the man suggest the woman do?',13),(40,'A','Giải thích',56,'(A) Lecturer','(B) Editor','(C) Journalist','(D) Superintendent','What position is the man applying for?',14),(41,'B','Giải thích',57,'(A) His academic background','(B) His previous work experience','(C) His public popularity','(D) His eloquence','What makes the man qualified for the position?',14),(42,'C','Giải thích',58,'(A) Health insurance','(B) Flexible hours','(C) A lot of free time','(D) Regular incentives','What extra benefit does the woman mention?',14),(43,'A','Giải thích',59,'(A) Orders for office supplies','(B) Equipment for a conference','(C) The budget reports','(D) Their colleague','What are the speakers discussing?',15),(44,'C','Giải thích',60,'(A) To inform her of the business hours','(B) To let her know she can’t order anything','(C) To explain that the second order would be late','(D) To imply that new equipment can’t be ordered','Why does the man mention when the supply company closes?',15),(45,'D','Giải thích',61,'(A) Pay for the new order','(B) Order the supplies herself','(C) Cancel a meeting','(D) Speak to their colleague','What does the woman offer to do?',15),(46,'B','Giải thích',62,'(A) A training seminar','(B) The installation of a television','(C) The date of a presentation','(D) A software upgrade','What are the speakers mainly discussing?',16),(47,'A','Giải thích',63,'(A) The necessary tools are unavailable.','(B) The office is closed.','(C) The wall is too weak.','(D) The phone number was wrong.','What is the problem?',16),(48,'C','Giải thích',64,'(A) Order a replacement part','(B) Consult an instruction manual','(C) Contact the woman','(D) Fill out a work order','What most likely will the man do first tomorrow?',16),(49,'D','Giải thích',65,'(A) A shop owner','(B) A construction worker','(C) A local resident','(D) A market researcher','Who most likely is the man?',17),(50,'B','Giải thích',66,'(A) It was recently renovated.','(B) It has sufficient parking space.','(C) It is attracting many tourists.','(D) It is located outside of town.','What does the woman mention about the mall?',17),(51,'C','Giải thích',67,'(A) To purchase groceries','(B) To meet with her clients','(C) To buy clothing','(D) To deliver products','Why does the woman usually visit the mall?',17),(52,'C','Giải thích',68,'(A) Getting his camera fixed','(B) Receiving sick leave from work','(C) Preparing for a party','(D) Introducing a client','What is the man concerned about?',18),(53,'C','Giải thích',69,'(A) It offers better vacation time.','(B) It pays a higher salary.','(C) It matches his abilities.','(D) It provides health benefits.','According to the man, why does Greg like his new job?',18),(54,'D','Giải thích',70,'(A) Take a group photo','(B) Attend a Christmas party','(C) Contact Greg','(D) Send an e-mail attachment','What most likely will the woman do next?',18),(55,'A','Giải thích',32,'(A) Lecturer','(B) Editor','(C) Journalist','(D) Superintendent','What position is the man applying for?',19),(56,'B','Giải thích',33,'(A) His academic background','(B) His previous work experience','(C) His public popularity','(D) His eloquence','What makes the man qualified for the position?',19),(57,'C','Giải thích',34,'(A) Health insurance','(B) Flexible hours','(C) A lot of free time','(D) Regular incentives','What extra benefit does the woman mention?',19),(58,'A','Giải thích',35,'(A) Orders for office supplies','(B) Equipment for a conference','(C) The budget reports','(D) Their colleague','What are the speakers discussing?',20),(59,'C','Giải thích',36,'(A) To inform her of the business hours','(B) To let her know she can’t order anything','(C) To explain that the second order would be late','(D) To imply that new equipment can’t be ordered','Why does the man mention when the supply company closes?',20),(60,'D','Giải thích',37,'(A) Pay for the new order','(B) Order the supplies herself','(C) Cancel a meeting','(D) Speak to their colleague','What does the woman offer to do?',20),(61,'B','Giải thích',38,'(A) A training seminar','(B) The installation of a television','(C) The date of a presentation','(D) A software upgrade','What are the speakers mainly discussing?',21),(62,'A','Giải thích',39,'(A) The necessary tools are unavailable.','(B) The office is closed.','(C) The wall is too weak.','(D) The phone number was wrong.','What is the problem?',21),(63,'C','Giải thích',40,'(A) Order a replacement part','(B) Consult an instruction manual','(C) Contact the woman','(D) Fill out a work order','What most likely will the man do first tomorrow?',21),(64,'D','Giải thích',41,'(A) A shop owner','(B) A construction worker','(C) A local resident','(D) A market researcher','Who most likely is the man?',22),(65,'B','Giải thích',42,'(A) It was recently renovated.','(B) It has sufficient parking space.','(C) It is attracting many tourists.','(D) It is located outside of town.','What does the woman mention about the mall?',22),(66,'C','Giải thích',43,'(A) To purchase groceries','(B) To meet with her clients','(C) To buy clothing','(D) To deliver products','Why does the woman usually visit the mall?',22),(67,'C','Giải thích',44,'(A) Getting his camera fixed','(B) Receiving sick leave from work','(C) Preparing for a party','(D) Introducing a client','What is the man concerned about?',23),(68,'C','Giải thích',45,'(A) It offers better vacation time.','(B) It pays a higher salary.','(C) It matches his abilities.','(D) It provides health benefits.','According to the man, why does Greg like his new job?',23),(69,'D','Giải thích',46,'(A) Take a group photo','(B) Attend a Christmas party','(C) Contact Greg','(D) Send an e-mail attachment','What most likely will the woman do next?',23),(70,'D','Giải thích',47,'(A) Finishing a project on time','(B) Paying for his new mobile phone','(C) Repairing a piece of equipment','(D) Learning a new skill','What is the man concerned about?',24),(71,'D','Giải thích',48,'(A) At a repair shop','(B) At an electronics store','(C) At a marketing firm','(D) At a design company','Where do the speakers work?',24),(72,'A','Giải thích',49,'(A) Provide assistance','(B) Pay in cash','(C) Fill in for the man','(D) E-mail a user manual','What does the woman offer to do?',24),(73,'B','Giải thích',50,'(A) The plane tickets were not booked.','(B) A meeting had to be rescheduled.','(C) The meeting was a success.','(D) A deadline has been changed.','What is the problem?',25),(74,'C','Giải thích',51,'(A) The meeting in New York','(B) The meeting in Wisconsin','(C) The meeting in Washington','(D) The meeting in Westboro','Which part of the business trip will be postponed?',25),(75,'B','Giải thích',52,'(A) He thinks it is a bad idea.','(B) He agrees with the proposed solution.','(C) He wants to hear other ideas.','(D) He disagrees with the solution.','What does the man mean when he says “That’s not a bad idea”?',25),(76,'A','Giải thích',53,'(A) An interior renovation','(B) A product launch','(C) A luncheon reservation','(D) A budget proposal','What are the speakers mainly discussing?',26),(77,'C','Giải thích',54,'(A) It needs more lighting.','(B) It is quite cold.','(C) It is spacious.','(D) It is too loud.','What does the man say about the dining room?',26),(78,'B','Giải thích',55,'(A) Repaint the walls a brighter color','(B) Compensate guests who have reservations','(C) Draft a budget proposal','(D) Open a bank account','What does the man suggest the woman do?',26),(79,'A','Giải thích',56,'(A) Lecturer','(B) Editor','(C) Journalist','(D) Superintendent','What position is the man applying for?',27),(80,'B','Giải thích',57,'(A) His academic background','(B) His previous work experience','(C) His public popularity','(D) His eloquence','What makes the man qualified for the position?',27),(81,'C','Giải thích',58,'(A) Health insurance','(B) Flexible hours','(C) A lot of free time','(D) Regular incentives','What extra benefit does the woman mention?',27),(82,'A','Giải thích',59,'(A) Orders for office supplies','(B) Equipment for a conference','(C) The budget reports','(D) Their colleague','What are the speakers discussing?',28),(83,'C','Giải thích',60,'(A) To inform her of the business hours','(B) To let her know she can’t order anything','(C) To explain that the second order would be late','(D) To imply that new equipment can’t be ordered','Why does the man mention when the supply company closes?',28),(84,'D','Giải thích',61,'(A) Pay for the new order','(B) Order the supplies herself','(C) Cancel a meeting','(D) Speak to their colleague','What does the woman offer to do?',28),(85,'B','Giải thích',62,'(A) A training seminar','(B) The installation of a television','(C) The date of a presentation','(D) A software upgrade','What are the speakers mainly discussing?',29),(86,'A','Giải thích',63,'(A) The necessary tools are unavailable.','(B) The office is closed.','(C) The wall is too weak.','(D) The phone number was wrong.','What is the problem?',29),(87,'C','Giải thích',64,'(A) Order a replacement part','(B) Consult an instruction manual','(C) Contact the woman','(D) Fill out a work order','What most likely will the man do first tomorrow?',29),(88,'D','Giải thích',65,'(A) A shop owner','(B) A construction worker','(C) A local resident','(D) A market researcher','Who most likely is the man?',30),(89,'B','Giải thích',66,'(A) It was recently renovated.','(B) It has sufficient parking space.','(C) It is attracting many tourists.','(D) It is located outside of town.','What does the woman mention about the mall?',30),(90,'C','Giải thích',67,'(A) To purchase groceries','(B) To meet with her clients','(C) To buy clothing','(D) To deliver products','Why does the woman usually visit the mall?',30),(91,'C','Giải thích',68,'(A) Getting his camera fixed','(B) Receiving sick leave from work','(C) Preparing for a party','(D) Introducing a client','What is the man concerned about?',31),(92,'C','Giải thích',69,'(A) It offers better vacation time.','(B) It pays a higher salary.','(C) It matches his abilities.','(D) It provides health benefits.','According to the man, why does Greg like his new job?',31),(93,'D','Giải thích',70,'(A) Take a group photo','(B) Attend a Christmas party','(C) Contact Greg','(D) Send an e-mail attachment','What most likely will the woman do next?',31),(94,'A','Giải thích',32,'(A) Lecturer','(B) Editor','(C) Journalist','(D) Superintendent','What position is the man applying for?',32),(95,'B','Giải thích',33,'(A) His academic background','(B) His previous work experience','(C) His public popularity','(D) His eloquence','What makes the man qualified for the position?',32),(96,'C','Giải thích',34,'(A) Health insurance','(B) Flexible hours','(C) A lot of free time','(D) Regular incentives','What extra benefit does the woman mention?',32),(97,'A','Giải thích',35,'(A) Orders for office supplies','(B) Equipment for a conference','(C) The budget reports','(D) Their colleague','What are the speakers discussing?',33),(98,'C','Giải thích',36,'(A) To inform her of the business hours','(B) To let her know she can’t order anything','(C) To explain that the second order would be late','(D) To imply that new equipment can’t be ordered','Why does the man mention when the supply company closes?',33),(99,'D','Giải thích',37,'(A) Pay for the new order','(B) Order the supplies herself','(C) Cancel a meeting','(D) Speak to their colleague','What does the woman offer to do?',33),(100,'B','Giải thích',38,'(A) A training seminar','(B) The installation of a television','(C) The date of a presentation','(D) A software upgrade','What are the speakers mainly discussing?',34),(101,'A','Giải thích',39,'(A) The necessary tools are unavailable.','(B) The office is closed.','(C) The wall is too weak.','(D) The phone number was wrong.','What is the problem?',34),(102,'C','Giải thích',40,'(A) Order a replacement part','(B) Consult an instruction manual','(C) Contact the woman','(D) Fill out a work order','What most likely will the man do first tomorrow?',34),(103,'D','Giải thích',41,'(A) A shop owner','(B) A construction worker','(C) A local resident','(D) A market researcher','Who most likely is the man?',35),(104,'B','Giải thích',42,'(A) It was recently renovated.','(B) It has sufficient parking space.','(C) It is attracting many tourists.','(D) It is located outside of town.','What does the woman mention about the mall?',35),(105,'C','Giải thích',43,'(A) To purchase groceries','(B) To meet with her clients','(C) To buy clothing','(D) To deliver products','Why does the woman usually visit the mall?',35),(106,'C','Giải thích',44,'(A) Getting his camera fixed','(B) Receiving sick leave from work','(C) Preparing for a party','(D) Introducing a client','What is the man concerned about?',36),(107,'C','Giải thích',45,'(A) It offers better vacation time.','(B) It pays a higher salary.','(C) It matches his abilities.','(D) It provides health benefits.','According to the man, why does Greg like his new job?',36),(108,'D','Giải thích',46,'(A) Take a group photo','(B) Attend a Christmas party','(C) Contact Greg','(D) Send an e-mail attachment','What most likely will the woman do next?',36),(109,'D','Giải thích',47,'(A) Finishing a project on time','(B) Paying for his new mobile phone','(C) Repairing a piece of equipment','(D) Learning a new skill','What is the man concerned about?',37),(110,'D','Giải thích',48,'(A) At a repair shop','(B) At an electronics store','(C) At a marketing firm','(D) At a design company','Where do the speakers work?',37),(111,'A','Giải thích',49,'(A) Provide assistance','(B) Pay in cash','(C) Fill in for the man','(D) E-mail a user manual','What does the woman offer to do?',37),(112,'B','Giải thích',50,'(A) The plane tickets were not booked.','(B) A meeting had to be rescheduled.','(C) The meeting was a success.','(D) A deadline has been changed.','What is the problem?',38),(113,'C','Giải thích',51,'(A) The meeting in New York','(B) The meeting in Wisconsin','(C) The meeting in Washington','(D) The meeting in Westboro','Which part of the business trip will be postponed?',38),(114,'B','Giải thích',52,'(A) He thinks it is a bad idea.','(B) He agrees with the proposed solution.','(C) He wants to hear other ideas.','(D) He disagrees with the solution.','What does the man mean when he says “That’s not a bad idea”?',38),(115,'A','Giải thích',53,'(A) An interior renovation','(B) A product launch','(C) A luncheon reservation','(D) A budget proposal','What are the speakers mainly discussing?',39),(116,'C','Giải thích',54,'(A) It needs more lighting.','(B) It is quite cold.','(C) It is spacious.','(D) It is too loud.','What does the man say about the dining room?',39),(117,'B','Giải thích',55,'(A) Repaint the walls a brighter color','(B) Compensate guests who have reservations','(C) Draft a budget proposal','(D) Open a bank account','What does the man suggest the woman do?',39),(118,'A','Giải thích',56,'(A) Lecturer','(B) Editor','(C) Journalist','(D) Superintendent','What position is the man applying for?',40),(119,'B','Giải thích',57,'(A) His academic background','(B) His previous work experience','(C) His public popularity','(D) His eloquence','What makes the man qualified for the position?',40),(120,'C','Giải thích',58,'(A) Health insurance','(B) Flexible hours','(C) A lot of free time','(D) Regular incentives','What extra benefit does the woman mention?',40),(121,'A','Giải thích',59,'(A) Orders for office supplies','(B) Equipment for a conference','(C) The budget reports','(D) Their colleague','What are the speakers discussing?',41),(122,'C','Giải thích',60,'(A) To inform her of the business hours','(B) To let her know she can’t order anything','(C) To explain that the second order would be late','(D) To imply that new equipment can’t be ordered','Why does the man mention when the supply company closes?',41),(123,'D','Giải thích',61,'(A) Pay for the new order','(B) Order the supplies herself','(C) Cancel a meeting','(D) Speak to their colleague','What does the woman offer to do?',41),(124,'B','Giải thích',62,'(A) A training seminar','(B) The installation of a television','(C) The date of a presentation','(D) A software upgrade','What are the speakers mainly discussing?',42),(125,'A','Giải thích',63,'(A) The necessary tools are unavailable.','(B) The office is closed.','(C) The wall is too weak.','(D) The phone number was wrong.','What is the problem?',42),(126,'C','Giải thích',64,'(A) Order a replacement part','(B) Consult an instruction manual','(C) Contact the woman','(D) Fill out a work order','What most likely will the man do first tomorrow?',42),(127,'D','Giải thích',65,'(A) A shop owner','(B) A construction worker','(C) A local resident','(D) A market researcher','Who most likely is the man?',43),(128,'B','Giải thích',66,'(A) It was recently renovated.','(B) It has sufficient parking space.','(C) It is attracting many tourists.','(D) It is located outside of town.','What does the woman mention about the mall?',43),(129,'C','Giải thích',67,'(A) To purchase groceries','(B) To meet with her clients','(C) To buy clothing','(D) To deliver products','Why does the woman usually visit the mall?',43),(130,'C','Giải thích',68,'(A) Getting his camera fixed','(B) Receiving sick leave from work','(C) Preparing for a party','(D) Introducing a client','What is the man concerned about?',44),(131,'C','Giải thích',69,'(A) It offers better vacation time.','(B) It pays a higher salary.','(C) It matches his abilities.','(D) It provides health benefits.','According to the man, why does Greg like his new job?',44),(132,'D','Giải thích',70,'(A) Take a group photo','(B) Attend a Christmas party','(C) Contact Greg','(D) Send an e-mail attachment','What most likely will the woman do next?',44),(133,'A','Giải thích',32,'(A) Lecturer','(B) Editor','(C) Journalist','(D) Superintendent','What position is the man applying for?',45),(134,'B','Giải thích',33,'(A) His academic background','(B) His previous work experience','(C) His public popularity','(D) His eloquence','What makes the man qualified for the position?',45),(135,'C','Giải thích',34,'(A) Health insurance','(B) Flexible hours','(C) A lot of free time','(D) Regular incentives','What extra benefit does the woman mention?',45),(136,'A','Giải thích',35,'(A) Orders for office supplies','(B) Equipment for a conference','(C) The budget reports','(D) Their colleague','What are the speakers discussing?',46),(137,'C','Giải thích',36,'(A) To inform her of the business hours','(B) To let her know she can’t order anything','(C) To explain that the second order would be late','(D) To imply that new equipment can’t be ordered','Why does the man mention when the supply company closes?',46),(138,'D','Giải thích',37,'(A) Pay for the new order','(B) Order the supplies herself','(C) Cancel a meeting','(D) Speak to their colleague','What does the woman offer to do?',46),(139,'B','Giải thích',38,'(A) A training seminar','(B) The installation of a television','(C) The date of a presentation','(D) A software upgrade','What are the speakers mainly discussing?',47),(140,'A','Giải thích',39,'(A) The necessary tools are unavailable.','(B) The office is closed.','(C) The wall is too weak.','(D) The phone number was wrong.','What is the problem?',47),(141,'C','Giải thích',40,'(A) Order a replacement part','(B) Consult an instruction manual','(C) Contact the woman','(D) Fill out a work order','What most likely will the man do first tomorrow?',47),(142,'D','Giải thích',41,'(A) A shop owner','(B) A construction worker','(C) A local resident','(D) A market researcher','Who most likely is the man?',48),(143,'B','Giải thích',42,'(A) It was recently renovated.','(B) It has sufficient parking space.','(C) It is attracting many tourists.','(D) It is located outside of town.','What does the woman mention about the mall?',48),(144,'C','Giải thích',43,'(A) To purchase groceries','(B) To meet with her clients','(C) To buy clothing','(D) To deliver products','Why does the woman usually visit the mall?',48),(145,'C','Giải thích',44,'(A) Getting his camera fixed','(B) Receiving sick leave from work','(C) Preparing for a party','(D) Introducing a client','What is the man concerned about?',49),(146,'C','Giải thích',45,'(A) It offers better vacation time.','(B) It pays a higher salary.','(C) It matches his abilities.','(D) It provides health benefits.','According to the man, why does Greg like his new job?',49),(147,'D','Giải thích',46,'(A) Take a group photo','(B) Attend a Christmas party','(C) Contact Greg','(D) Send an e-mail attachment','What most likely will the woman do next?',49),(148,'D','Giải thích',47,'(A) Finishing a project on time','(B) Paying for his new mobile phone','(C) Repairing a piece of equipment','(D) Learning a new skill','What is the man concerned about?',50),(149,'D','Giải thích',48,'(A) At a repair shop','(B) At an electronics store','(C) At a marketing firm','(D) At a design company','Where do the speakers work?',50),(150,'A','Giải thích',49,'(A) Provide assistance','(B) Pay in cash','(C) Fill in for the man','(D) E-mail a user manual','What does the woman offer to do?',50),(151,'B','Giải thích',50,'(A) The plane tickets were not booked.','(B) A meeting had to be rescheduled.','(C) The meeting was a success.','(D) A deadline has been changed.','What is the problem?',51),(152,'C','Giải thích',51,'(A) The meeting in New York','(B) The meeting in Wisconsin','(C) The meeting in Washington','(D) The meeting in Westboro','Which part of the business trip will be postponed?',51),(153,'B','Giải thích',52,'(A) He thinks it is a bad idea.','(B) He agrees with the proposed solution.','(C) He wants to hear other ideas.','(D) He disagrees with the solution.','What does the man mean when he says “That’s not a bad idea”?',51),(154,'A','Giải thích',53,'(A) An interior renovation','(B) A product launch','(C) A luncheon reservation','(D) A budget proposal','What are the speakers mainly discussing?',52),(155,'C','Giải thích',54,'(A) It needs more lighting.','(B) It is quite cold.','(C) It is spacious.','(D) It is too loud.','What does the man say about the dining room?',52),(156,'B','Giải thích',55,'(A) Repaint the walls a brighter color','(B) Compensate guests who have reservations','(C) Draft a budget proposal','(D) Open a bank account','What does the man suggest the woman do?',52),(157,'A','Giải thích',56,'(A) Lecturer','(B) Editor','(C) Journalist','(D) Superintendent','What position is the man applying for?',53),(158,'B','Giải thích',57,'(A) His academic background','(B) His previous work experience','(C) His public popularity','(D) His eloquence','What makes the man qualified for the position?',53),(159,'C','Giải thích',58,'(A) Health insurance','(B) Flexible hours','(C) A lot of free time','(D) Regular incentives','What extra benefit does the woman mention?',53),(160,'A','Giải thích',59,'(A) Orders for office supplies','(B) Equipment for a conference','(C) The budget reports','(D) Their colleague','What are the speakers discussing?',54),(161,'C','Giải thích',60,'(A) To inform her of the business hours','(B) To let her know she can’t order anything','(C) To explain that the second order would be late','(D) To imply that new equipment can’t be ordered','Why does the man mention when the supply company closes?',54),(162,'D','Giải thích',61,'(A) Pay for the new order','(B) Order the supplies herself','(C) Cancel a meeting','(D) Speak to their colleague','What does the woman offer to do?',54),(163,'B','Giải thích',62,'(A) A training seminar','(B) The installation of a television','(C) The date of a presentation','(D) A software upgrade','What are the speakers mainly discussing?',55),(164,'A','Giải thích',63,'(A) The necessary tools are unavailable.','(B) The office is closed.','(C) The wall is too weak.','(D) The phone number was wrong.','What is the problem?',55),(165,'C','Giải thích',64,'(A) Order a replacement part','(B) Consult an instruction manual','(C) Contact the woman','(D) Fill out a work order','What most likely will the man do first tomorrow?',55),(166,'D','Giải thích',65,'(A) A shop owner','(B) A construction worker','(C) A local resident','(D) A market researcher','Who most likely is the man?',56),(167,'B','Giải thích',66,'(A) It was recently renovated.','(B) It has sufficient parking space.','(C) It is attracting many tourists.','(D) It is located outside of town.','What does the woman mention about the mall?',56),(168,'C','Giải thích',67,'(A) To purchase groceries','(B) To meet with her clients','(C) To buy clothing','(D) To deliver products','Why does the woman usually visit the mall?',56),(169,'C','Giải thích',68,'(A) Getting his camera fixed','(B) Receiving sick leave from work','(C) Preparing for a party','(D) Introducing a client','What is the man concerned about?',57),(170,'C','Giải thích',69,'(A) It offers better vacation time.','(B) It pays a higher salary.','(C) It matches his abilities.','(D) It provides health benefits.','According to the man, why does Greg like his new job?',57),(171,'D','Giải thích',70,'(A) Take a group photo','(B) Attend a Christmas party','(C) Contact Greg','(D) Send an e-mail attachment','What most likely will the woman do next?',57),(172,'A','Giải thích',32,'(A) Lecturer','(B) Editor','(C) Journalist','(D) Superintendent','What position is the man applying for?',58),(173,'B','Giải thích',33,'(A) His academic background','(B) His previous work experience','(C) His public popularity','(D) His eloquence','What makes the man qualified for the position?',58),(174,'C','Giải thích',34,'(A) Health insurance','(B) Flexible hours','(C) A lot of free time','(D) Regular incentives','What extra benefit does the woman mention?',58),(175,'A','Giải thích',35,'(A) Orders for office supplies','(B) Equipment for a conference','(C) The budget reports','(D) Their colleague','What are the speakers discussing?',59),(176,'C','Giải thích',36,'(A) To inform her of the business hours','(B) To let her know she can’t order anything','(C) To explain that the second order would be late','(D) To imply that new equipment can’t be ordered','Why does the man mention when the supply company closes?',59),(177,'D','Giải thích',37,'(A) Pay for the new order','(B) Order the supplies herself','(C) Cancel a meeting','(D) Speak to their colleague','What does the woman offer to do?',59),(178,'B','Giải thích',38,'(A) A training seminar','(B) The installation of a television','(C) The date of a presentation','(D) A software upgrade','What are the speakers mainly discussing?',60),(179,'A','Giải thích',39,'(A) The necessary tools are unavailable.','(B) The office is closed.','(C) The wall is too weak.','(D) The phone number was wrong.','What is the problem?',60),(180,'C','Giải thích',40,'(A) Order a replacement part','(B) Consult an instruction manual','(C) Contact the woman','(D) Fill out a work order','What most likely will the man do first tomorrow?',60),(181,'D','Giải thích',41,'(A) A shop owner','(B) A construction worker','(C) A local resident','(D) A market researcher','Who most likely is the man?',61),(182,'B','Giải thích',42,'(A) It was recently renovated.','(B) It has sufficient parking space.','(C) It is attracting many tourists.','(D) It is located outside of town.','What does the woman mention about the mall?',61),(183,'C','Giải thích',43,'(A) To purchase groceries','(B) To meet with her clients','(C) To buy clothing','(D) To deliver products','Why does the woman usually visit the mall?',61),(184,'C','Giải thích',44,'(A) Getting his camera fixed','(B) Receiving sick leave from work','(C) Preparing for a party','(D) Introducing a client','What is the man concerned about?',62),(185,'C','Giải thích',45,'(A) It offers better vacation time.','(B) It pays a higher salary.','(C) It matches his abilities.','(D) It provides health benefits.','According to the man, why does Greg like his new job?',62),(186,'D','Giải thích',46,'(A) Take a group photo','(B) Attend a Christmas party','(C) Contact Greg','(D) Send an e-mail attachment','What most likely will the woman do next?',62),(187,'D','Giải thích',47,'(A) Finishing a project on time','(B) Paying for his new mobile phone','(C) Repairing a piece of equipment','(D) Learning a new skill','What is the man concerned about?',63),(188,'D','Giải thích',48,'(A) At a repair shop','(B) At an electronics store','(C) At a marketing firm','(D) At a design company','Where do the speakers work?',63),(189,'A','Giải thích',49,'(A) Provide assistance','(B) Pay in cash','(C) Fill in for the man','(D) E-mail a user manual','What does the woman offer to do?',63),(190,'B','Giải thích',50,'(A) The plane tickets were not booked.','(B) A meeting had to be rescheduled.','(C) The meeting was a success.','(D) A deadline has been changed.','What is the problem?',64),(191,'C','Giải thích',51,'(A) The meeting in New York','(B) The meeting in Wisconsin','(C) The meeting in Washington','(D) The meeting in Westboro','Which part of the business trip will be postponed?',64),(192,'B','Giải thích',52,'(A) He thinks it is a bad idea.','(B) He agrees with the proposed solution.','(C) He wants to hear other ideas.','(D) He disagrees with the solution.','What does the man mean when he says “That’s not a bad idea”?',64),(193,'A','Giải thích',53,'(A) An interior renovation','(B) A product launch','(C) A luncheon reservation','(D) A budget proposal','What are the speakers mainly discussing?',65),(194,'C','Giải thích',54,'(A) It needs more lighting.','(B) It is quite cold.','(C) It is spacious.','(D) It is too loud.','What does the man say about the dining room?',65),(195,'B','Giải thích',55,'(A) Repaint the walls a brighter color','(B) Compensate guests who have reservations','(C) Draft a budget proposal','(D) Open a bank account','What does the man suggest the woman do?',65),(196,'A','Giải thích',56,'(A) Lecturer','(B) Editor','(C) Journalist','(D) Superintendent','What position is the man applying for?',66),(197,'B','Giải thích',57,'(A) His academic background','(B) His previous work experience','(C) His public popularity','(D) His eloquence','What makes the man qualified for the position?',66),(198,'C','Giải thích',58,'(A) Health insurance','(B) Flexible hours','(C) A lot of free time','(D) Regular incentives','What extra benefit does the woman mention?',66),(199,'A','Giải thích',59,'(A) Orders for office supplies','(B) Equipment for a conference','(C) The budget reports','(D) Their colleague','What are the speakers discussing?',67),(200,'C','Giải thích',60,'(A) To inform her of the business hours','(B) To let her know she can’t order anything','(C) To explain that the second order would be late','(D) To imply that new equipment can’t be ordered','Why does the man mention when the supply company closes?',67),(201,'D','Giải thích',61,'(A) Pay for the new order','(B) Order the supplies herself','(C) Cancel a meeting','(D) Speak to their colleague','What does the woman offer to do?',67),(202,'B','Giải thích',62,'(A) A training seminar','(B) The installation of a television','(C) The date of a presentation','(D) A software upgrade','What are the speakers mainly discussing?',68),(203,'A','Giải thích',63,'(A) The necessary tools are unavailable.','(B) The office is closed.','(C) The wall is too weak.','(D) The phone number was wrong.','What is the problem?',68),(204,'C','Giải thích',64,'(A) Order a replacement part','(B) Consult an instruction manual','(C) Contact the woman','(D) Fill out a work order','What most likely will the man do first tomorrow?',68),(205,'D','Giải thích',65,'(A) A shop owner','(B) A construction worker','(C) A local resident','(D) A market researcher','Who most likely is the man?',69),(206,'B','Giải thích',66,'(A) It was recently renovated.','(B) It has sufficient parking space.','(C) It is attracting many tourists.','(D) It is located outside of town.','What does the woman mention about the mall?',69),(207,'C','Giải thích',67,'(A) To purchase groceries','(B) To meet with her clients','(C) To buy clothing','(D) To deliver products','Why does the woman usually visit the mall?',69),(208,'C','Giải thích',68,'(A) Getting his camera fixed','(B) Receiving sick leave from work','(C) Preparing for a party','(D) Introducing a client','What is the man concerned about?',70),(209,'C','Giải thích',69,'(A) It offers better vacation time.','(B) It pays a higher salary.','(C) It matches his abilities.','(D) It provides health benefits.','According to the man, why does Greg like his new job?',70),(210,'D','Giải thích',70,'(A) Take a group photo','(B) Attend a Christmas party','(C) Contact Greg','(D) Send an e-mail attachment','What most likely will the woman do next?',70);
/*!40000 ALTER TABLE `part3_question` ENABLE KEYS */;
UNLOCK TABLES;

--
-- Table structure for table `part4`
--

DROP TABLE IF EXISTS `part4`;
/*!40101 SET @saved_cs_client     = @@character_set_client */;
/*!50503 SET character_set_client = utf8mb4 */;
CREATE TABLE `part4` (
  `id` bigint NOT NULL AUTO_INCREMENT,
  `audio_url` varchar(255) NOT NULL,
  `listening_exercise_id` bigint DEFAULT NULL,
  `mock_exam_id` bigint DEFAULT NULL,
  PRIMARY KEY (`id`),
  KEY `FKj2y737fi0vonn71psa1a0l0wq` (`listening_exercise_id`),
  KEY `FK9t8mebwiqgp1qhiv5by76962x` (`mock_exam_id`),
  CONSTRAINT `FK9t8mebwiqgp1qhiv5by76962x` FOREIGN KEY (`mock_exam_id`) REFERENCES `mock_exam` (`id`),
  CONSTRAINT `FKj2y737fi0vonn71psa1a0l0wq` FOREIGN KEY (`listening_exercise_id`) REFERENCES `listening_exercise` (`id`)
) ENGINE=InnoDB AUTO_INCREMENT=56 DEFAULT CHARSET=utf8mb4 COLLATE=utf8mb4_0900_ai_ci;
/*!40101 SET character_set_client = @saved_cs_client */;

--
-- Dumping data for table `part4`
--

LOCK TABLES `part4` WRITE;
/*!40000 ALTER TABLE `part4` DISABLE KEYS */;
INSERT INTO `part4` VALUES (1,'/upload-dir/audio/20250517_074828_audio.mp3',16,NULL),(2,'/upload-dir/audio/20250517_074841_audio.mp3',17,NULL),(3,'/upload-dir/audio/20250517_074852_audio.mp3',18,NULL),(4,'/upload-dir/audio/20250517_074907_audio.mp3',19,NULL),(5,'/upload-dir/audio/20250517_074919_audio.mp3',20,NULL),(6,'/upload-dir/audio/20250517_075548_P4_1.mp3',NULL,1),(7,'/upload-dir/audio/20250517_075548_P4_2.mp3',NULL,1),(8,'/upload-dir/audio/20250517_075548_P4_3.mp3',NULL,1),(9,'/upload-dir/audio/20250517_075548_P4_4.mp3',NULL,1),(10,'/upload-dir/audio/20250517_075548_P4_5.mp3',NULL,1),(11,'/upload-dir/audio/20250517_075548_P4_6.mp3',NULL,1),(12,'/upload-dir/audio/20250517_075548_P4_7.mp3',NULL,1),(13,'/upload-dir/audio/20250517_075548_P4_8.mp3',NULL,1),(14,'/upload-dir/audio/20250517_075548_P4_9.mp3',NULL,1),(15,'/upload-dir/audio/20250517_075548_P4_10.mp3',NULL,1),(16,'/upload-dir/audio/20250517_075654_P4_1.mp3',NULL,2),(17,'/upload-dir/audio/20250517_075654_P4_2.mp3',NULL,2),(18,'/upload-dir/audio/20250517_075654_P4_3.mp3',NULL,2),(19,'/upload-dir/audio/20250517_075654_P4_4.mp3',NULL,2),(20,'/upload-dir/audio/20250517_075654_P4_5.mp3',NULL,2),(21,'/upload-dir/audio/20250517_075654_P4_6.mp3',NULL,2),(22,'/upload-dir/audio/20250517_075654_P4_7.mp3',NULL,2),(23,'/upload-dir/audio/20250517_075654_P4_8.mp3',NULL,2),(24,'/upload-dir/audio/20250517_075654_P4_9.mp3',NULL,2),(25,'/upload-dir/audio/20250517_075654_P4_10.mp3',NULL,2),(26,'/upload-dir/audio/20250517_075806_P4_1.mp3',NULL,3),(27,'/upload-dir/audio/20250517_075806_P4_2.mp3',NULL,3),(28,'/upload-dir/audio/20250517_075806_P4_3.mp3',NULL,3),(29,'/upload-dir/audio/20250517_075806_P4_4.mp3',NULL,3),(30,'/upload-dir/audio/20250517_075806_P4_5.mp3',NULL,3),(31,'/upload-dir/audio/20250517_075806_P4_6.mp3',NULL,3),(32,'/upload-dir/audio/20250517_075806_P4_7.mp3',NULL,3),(33,'/upload-dir/audio/20250517_075806_P4_8.mp3',NULL,3),(34,'/upload-dir/audio/20250517_075806_P4_9.mp3',NULL,3),(35,'/upload-dir/audio/20250517_075806_P4_10.mp3',NULL,3),(36,'/upload-dir/audio/20250517_075935_P4_1.mp3',NULL,4),(37,'/upload-dir/audio/20250517_075935_P4_2.mp3',NULL,4),(38,'/upload-dir/audio/20250517_075935_P4_3.mp3',NULL,4),(39,'/upload-dir/audio/20250517_075935_P4_4.mp3',NULL,4),(40,'/upload-dir/audio/20250517_075935_P4_5.mp3',NULL,4),(41,'/upload-dir/audio/20250517_075935_P4_6.mp3',NULL,4),(42,'/upload-dir/audio/20250517_075935_P4_7.mp3',NULL,4),(43,'/upload-dir/audio/20250517_075935_P4_8.mp3',NULL,4),(44,'/upload-dir/audio/20250517_075935_P4_9.mp3',NULL,4),(45,'/upload-dir/audio/20250517_075935_P4_10.mp3',NULL,4),(46,'/upload-dir/audio/20250517_080055_P4_1.mp3',NULL,5),(47,'/upload-dir/audio/20250517_080055_P4_2.mp3',NULL,5),(48,'/upload-dir/audio/20250517_080055_P4_3.mp3',NULL,5),(49,'/upload-dir/audio/20250517_080055_P4_4.mp3',NULL,5),(50,'/upload-dir/audio/20250517_080055_P4_5.mp3',NULL,5),(51,'/upload-dir/audio/20250517_080055_P4_6.mp3',NULL,5),(52,'/upload-dir/audio/20250517_080055_P4_7.mp3',NULL,5),(53,'/upload-dir/audio/20250517_080055_P4_8.mp3',NULL,5),(54,'/upload-dir/audio/20250517_080055_P4_9.mp3',NULL,5),(55,'/upload-dir/audio/20250517_080055_P4_10.mp3',NULL,5);
/*!40000 ALTER TABLE `part4` ENABLE KEYS */;
UNLOCK TABLES;

--
-- Table structure for table `part4_question`
--

DROP TABLE IF EXISTS `part4_question`;
/*!40101 SET @saved_cs_client     = @@character_set_client */;
/*!50503 SET character_set_client = utf8mb4 */;
CREATE TABLE `part4_question` (
  `id` bigint NOT NULL AUTO_INCREMENT,
  `correct_answer` varchar(255) NOT NULL,
  `explanation` text NOT NULL,
  `number` bigint NOT NULL,
  `option_a` varchar(255) NOT NULL,
  `option_b` varchar(255) NOT NULL,
  `option_c` varchar(255) NOT NULL,
  `option_d` varchar(255) NOT NULL,
  `question` text NOT NULL,
  `part4_id` bigint NOT NULL,
  PRIMARY KEY (`id`),
  KEY `FKancopar58rinns8xy1yueyw15` (`part4_id`),
  CONSTRAINT `FKancopar58rinns8xy1yueyw15` FOREIGN KEY (`part4_id`) REFERENCES `part4` (`id`)
) ENGINE=InnoDB AUTO_INCREMENT=166 DEFAULT CHARSET=utf8mb4 COLLATE=utf8mb4_0900_ai_ci;
/*!40101 SET character_set_client = @saved_cs_client */;

--
-- Dumping data for table `part4_question`
--

LOCK TABLES `part4_question` WRITE;
/*!40000 ALTER TABLE `part4_question` DISABLE KEYS */;
INSERT INTO `part4_question` VALUES (1,'C','Q1 Amy, it is your responsibility to check that the store is clean and well-stocked for customers before we open for the day. Q2 Most importantly, I would like you to make sure that the proper price tags are displayed in front of their corresponding products. Customers get really confused and upset when the price of a product is displayed incorrectly. Q3 In the case that a customer ever does get displeased, please let me know right away so I can come and deal with the problem in person.',1,'(A) At a theater','(B) At a car dealership','(C) At a retail store','(D) At a library','Where most likely does the speaker work?',1),(2,'A','',2,'(A) Accurate prices','(B) Sales figures','(C) Business hours','(D) Name tags','What is the listener asked to double-check?',1),(3,'D','',3,'(A) If an employee is late for work','(B) If a technical problem occurs','(C) If an item is out of stock','(D) If a customer is dissatisfied','When should the listener contact the speaker?',1),(4,'A','Q1 The town of Dayton is excited to announce the opening of a new community center. The center provides daytime activities for kids and adults of all ages. Q2 For the grand opening, the local band Summer Heat, led by Jim Neilson, will perform a show in half an hour. Q3 Afterwards, attendees are encouraged to fill out a survey meant to judge the needs of local citizens. Thank you.\n\nHighlightNote',1,'(A) An opening of a public building','(B) A commemorative statue','(C) A singing contest','(D) A survey result','What is the announcement about?',2),(5,'C','',2,'(A) A mayor','(B) An instructor','(C) A musician','(D) An architect','Who is Jim Neilson?',2),(6,'B','',3,'(A) Reserve seats in advance','(B) Complete a survey','(C) Subscribe to a newsletter','(D) Contribute to a fundraiser','What are attendees asked to do?',2),(7,'B','Good morning, everyone. Q1 Welcome to a test screening of our pilot for a new daytime sitcom entitled Once Upon a Romance. Your participation in this focus group is essential for assessing audience reception. Q2 This television show is meant to appeal to middle- aged housewives, and that is why you have all been selected. Q3 After watching the pilot, we will take you to a meeting room where we will conduct an in-depth interview that will help us gather your feedback and responses. Thank you again for your cooperation.',1,'(A) A scholar','(B) A producer','(C) A pilot','(D) A programmer','Who most likely is the speaker?',3),(8,'C','',2,'(A) Potential investors','(B) Actors','(C) Housewives','(D) University students','Who are the listeners?',3),(9,'D','',3,'(A) Participate in a raffle','(B) Watch a video','(C) Enroll in a class','(D) Attend an interview','What will the listeners do in a meeting room?',3),(10,'D','Q1 This is a reminder that legendary soccer player Tommy Durant will be signing autographs at Dave’s Sport Shop at 1:00 P.M. tomorrow. Q2 You are encouraged to bring your own items, such as clothes or books, for Mr. Durant to autograph. Also at this time, parents will be able to sign their children up for a summer soccer camp that will be run by Tommy Durant. Q3 The camp is limited to twenty children, so anyone who is interested should sign up early.',1,'(A) To announce the results of a soccer match','(B) To promote a store\'s grand opening','(C) To advertise a new product','(D) To inform the listeners of a special event','What is the purpose of the broadcast?',4),(11,'C','',2,'(A) Wearing comfortable clothing','(B) Exercising on a regular basis','(C) Bringing personal belongings','(D) Booking a ticket in advance','What does the speaker suggest doing?',4),(12,'C','',3,'(A) It is free of charge.','(B) It will last three months.','(C) It has a restricted number of participants.','(D) It will be sponsored by Dave\'s Sport Shop.','What does the speaker say about the summer camp?',4),(13,'A','As I’m sure everyone is aware, Q1 we have recently merged with another company that is located in India. Now that we have become an international corporation, Q3 we will be sending a lot of our most vital data through unsecure email systems. According to the IT department, this is unavoidable. Unfortunately, this means we have to be very careful with what data we send through e-mail. This afternoon, everyone must attend a seminar explaining the new procedures for what data can be sent via e-mail. The rest will be sent using secure air mail. If you don’t come to the meeting then I will have to explain the same thing over and over again and Q2 my schedule is too tight to do that. So, everyone should come to the 1st floor meeting room at 2:30 P.M.',1,'(A) They have merged with another company.','(B) They are manufacturing a new product.','(C) They are creating new policies.','(D) They had record profits.','What does the speaker mention about her company?',5),(14,'D','',2,'(A) Because the email is secure.','(B) To sign a new contract','(C) She needs some help.','(D) She doesn’t have time to do it.','Why does the woman say, “my schedule is too tight to do that”?',5),(15,'C','',3,'(A) Portfolios','(B) Contract forms','(C) Vital data','(D) Building plans','What will they be sending a lot of?',5),(16,'C','Giải thích',71,'(A) At a theater','(B) At a car dealership','(C) At a retail store','(D) At a library','Where most likely does the speaker work?',6),(17,'A','Giải thích',72,'(A) Accurate prices','(B) Sales figures','(C) Business hours','(D) Name tags','What is the listener asked to double-check?',6),(18,'D','Giải thích',73,'(A) If an employee is late for work','(B) If a technical problem occurs','(C) If an item is out of stock','(D) If a customer is dissatisfied','When should the listener contact the speaker?',6),(19,'A','Giải thích',74,'(A) An opening of a public building','(B) A commemorative statue','(C) A singing contest','(D) A survey result','What is the announcement about?',7),(20,'C','Giải thích',75,'(A) A mayor','(B) An instructor','(C) A musician','(D) An architect','Who is Jim Neilson?',7),(21,'B','Giải thích',76,'(A) Reserve seats in advance','(B) Complete a survey','(C) Subscribe to a newsletter','(D) Contribute to a fundraiser','What are attendees asked to do?',7),(22,'B','Giải thích',77,'(A) A scholar','(B) A producer','(C) A pilot','(D) A programmer','Who most likely is the speaker?',8),(23,'C','Giải thích',78,'(A) Potential investors','(B) Actors','(C) Housewives','(D) University students','Who are the listeners?',8),(24,'D','Giải thích',79,'(A) Participate in a raffle','(B) Watch a video','(C) Enroll in a class','(D) Attend an interview','What will the listeners do in a meeting room?',8),(25,'D','Giải thích',80,'(A) To announce the results of a soccer match','(B) To promote a store\'s grand opening','(C) To advertise a new product','(D) To inform the listeners of a special event','What is the purpose of the broadcast?',9),(26,'C','Giải thích',81,'(A) Wearing comfortable clothing','(B) Exercising on a regular basis','(C) Bringing personal belongings','(D) Booking a ticket in advance','What does the speaker suggest doing?',9),(27,'C','Giải thích',82,'(A) It is free of charge.','(B) It will last three months.','(C) It has a restricted number of participants.','(D) It will be sponsored by Dave\'s Sport Shop.','What does the speaker say about the summer camp?',9),(28,'A','Giải thích',83,'(A) They have merged with another company.','(B) They are manufacturing a new product.','(C) They are creating new policies.','(D) They had record profits.','What does the speaker mention about her company?',10),(29,'D','Giải thích',84,'(A) Because the email is secure.','(B) To sign a new contract','(C) She needs some help.','(D) She doesn’t have time to do it.','Why does the woman say, “my schedule is too tight to do that”?',10),(30,'C','Giải thích',85,'(A) Portfolios','(B) Contract forms','(C) Vital data','(D) Building plans','What will they be sending a lot of?',10),(31,'D','Giải thích',86,'(A) The evolution of man','(B) A love story about a man and woman','(C) An action movie','(D) It’s theme is magic and illusion.','What is “The Tempest” about?',11),(32,'A','Giải thích',87,'(A) To suggest that they are impressive','(B) To recommend that you join them','(C) To explain why they are here','(D) To excuse a poor performance','Why does the speaker say, “Remember, last year the Bromley Actors Guild won first place at this event”?',11),(33,'B','Giải thích',88,'(A) Dinner and drinks','(B) Question time with the actors','(C) DVDs will be sold.','(D) The actors will sign autographs','What will most likely happen after the film screening?',11),(34,'A','Giải thích',89,'(A) Cell phone cases and selfie sticks','(B) Cell phones and MP3 players','(C) Selfie sticks and headphones','(D) Software programs','What type of products are being discussed?',12),(35,'C','Giải thích',90,'(A) To ask for assistance','(B) To offer help','(C) To suggest a change','(D) To create some new products','Why does the speaker say, “I wonder if the cost is too high compared to the other products on the market\"?',12),(36,'D','Giải thích',91,'(A) Review safety policy','(B) Attend a seminar','(C) Go back to work','(D) Have a conference call','What will the listeners most likely do after lunch?',12),(37,'B','Giải thích',92,'(A) A carpenter','(B) A store manager','(C) A furniture designer','(D) A bank teller','Who is the message probably for?',13),(38,'D','Giải thích',93,'(A) When he used a dressing room','(B) When he visited a bookstore','(C) When he presented his ID card','(D) When he tried some furniture','According to the speaker, when does he think he lost his wallet?',13),(39,'C','Giải thích',94,'(A) Replace an item','(B) Call the police','(C) Go to a store again','(D) Stop by the listener\'s home','What does the speaker plan to do?',13),(40,'C','Giải thích',95,'(A) At a theater','(B) At a car dealership','(C) At a retail store','(D) At a library','Where most likely does the speaker work?',14),(41,'A','Giải thích',96,'(A) Accurate prices','(B) Sales figures','(C) Business hours','(D) Name tags','What is the listener asked to double-check?',14),(42,'D','Giải thích',97,'(A) If an employee is late for work','(B) If a technical problem occurs','(C) If an item is out of stock','(D) If a customer is dissatisfied','When should the listener contact the speaker?',14),(43,'A','Giải thích',98,'(A) An opening of a public building','(B) A commemorative statue','(C) A singing contest','(D) A survey result','What is the announcement about?',15),(44,'C','Giải thích',99,'(A) A mayor','(B) An instructor','(C) A musician','(D) An architect','Who is Jim Neilson?',15),(45,'B','Giải thích',100,'(A) Reserve seats in advance','(B) Complete a survey','(C) Subscribe to a newsletter','(D) Contribute to a fundraiser','What are attendees asked to do?',15),(46,'C','Giải thích',71,'(A) At a theater','(B) At a car dealership','(C) At a retail store','(D) At a library','Where most likely does the speaker work?',16),(47,'A','Giải thích',72,'(A) Accurate prices','(B) Sales figures','(C) Business hours','(D) Name tags','What is the listener asked to double-check?',16),(48,'D','Giải thích',73,'(A) If an employee is late for work','(B) If a technical problem occurs','(C) If an item is out of stock','(D) If a customer is dissatisfied','When should the listener contact the speaker?',16),(49,'A','Giải thích',74,'(A) An opening of a public building','(B) A commemorative statue','(C) A singing contest','(D) A survey result','What is the announcement about?',17),(50,'C','Giải thích',75,'(A) A mayor','(B) An instructor','(C) A musician','(D) An architect','Who is Jim Neilson?',17),(51,'B','Giải thích',76,'(A) Reserve seats in advance','(B) Complete a survey','(C) Subscribe to a newsletter','(D) Contribute to a fundraiser','What are attendees asked to do?',17),(52,'B','Giải thích',77,'(A) A scholar','(B) A producer','(C) A pilot','(D) A programmer','Who most likely is the speaker?',18),(53,'C','Giải thích',78,'(A) Potential investors','(B) Actors','(C) Housewives','(D) University students','Who are the listeners?',18),(54,'D','Giải thích',79,'(A) Participate in a raffle','(B) Watch a video','(C) Enroll in a class','(D) Attend an interview','What will the listeners do in a meeting room?',18),(55,'D','Giải thích',80,'(A) To announce the results of a soccer match','(B) To promote a store\'s grand opening','(C) To advertise a new product','(D) To inform the listeners of a special event','What is the purpose of the broadcast?',19),(56,'C','Giải thích',81,'(A) Wearing comfortable clothing','(B) Exercising on a regular basis','(C) Bringing personal belongings','(D) Booking a ticket in advance','What does the speaker suggest doing?',19),(57,'C','Giải thích',82,'(A) It is free of charge.','(B) It will last three months.','(C) It has a restricted number of participants.','(D) It will be sponsored by Dave\'s Sport Shop.','What does the speaker say about the summer camp?',19),(58,'A','Giải thích',83,'(A) They have merged with another company.','(B) They are manufacturing a new product.','(C) They are creating new policies.','(D) They had record profits.','What does the speaker mention about her company?',20),(59,'D','Giải thích',84,'(A) Because the email is secure.','(B) To sign a new contract','(C) She needs some help.','(D) She doesn’t have time to do it.','Why does the woman say, “my schedule is too tight to do that”?',20),(60,'C','Giải thích',85,'(A) Portfolios','(B) Contract forms','(C) Vital data','(D) Building plans','What will they be sending a lot of?',20),(61,'D','Giải thích',86,'(A) The evolution of man','(B) A love story about a man and woman','(C) An action movie','(D) It’s theme is magic and illusion.','What is “The Tempest” about?',21),(62,'A','Giải thích',87,'(A) To suggest that they are impressive','(B) To recommend that you join them','(C) To explain why they are here','(D) To excuse a poor performance','Why does the speaker say, “Remember, last year the Bromley Actors Guild won first place at this event”?',21),(63,'B','Giải thích',88,'(A) Dinner and drinks','(B) Question time with the actors','(C) DVDs will be sold.','(D) The actors will sign autographs','What will most likely happen after the film screening?',21),(64,'A','Giải thích',89,'(A) Cell phone cases and selfie sticks','(B) Cell phones and MP3 players','(C) Selfie sticks and headphones','(D) Software programs','What type of products are being discussed?',22),(65,'C','Giải thích',90,'(A) To ask for assistance','(B) To offer help','(C) To suggest a change','(D) To create some new products','Why does the speaker say, “I wonder if the cost is too high compared to the other products on the market\"?',22),(66,'D','Giải thích',91,'(A) Review safety policy','(B) Attend a seminar','(C) Go back to work','(D) Have a conference call','What will the listeners most likely do after lunch?',22),(67,'B','Giải thích',92,'(A) A carpenter','(B) A store manager','(C) A furniture designer','(D) A bank teller','Who is the message probably for?',23),(68,'D','Giải thích',93,'(A) When he used a dressing room','(B) When he visited a bookstore','(C) When he presented his ID card','(D) When he tried some furniture','According to the speaker, when does he think he lost his wallet?',23),(69,'C','Giải thích',94,'(A) Replace an item','(B) Call the police','(C) Go to a store again','(D) Stop by the listener\'s home','What does the speaker plan to do?',23),(70,'C','Giải thích',95,'(A) At a theater','(B) At a car dealership','(C) At a retail store','(D) At a library','Where most likely does the speaker work?',24),(71,'A','Giải thích',96,'(A) Accurate prices','(B) Sales figures','(C) Business hours','(D) Name tags','What is the listener asked to double-check?',24),(72,'D','Giải thích',97,'(A) If an employee is late for work','(B) If a technical problem occurs','(C) If an item is out of stock','(D) If a customer is dissatisfied','When should the listener contact the speaker?',24),(73,'A','Giải thích',98,'(A) An opening of a public building','(B) A commemorative statue','(C) A singing contest','(D) A survey result','What is the announcement about?',25),(74,'C','Giải thích',99,'(A) A mayor','(B) An instructor','(C) A musician','(D) An architect','Who is Jim Neilson?',25),(75,'B','Giải thích',100,'(A) Reserve seats in advance','(B) Complete a survey','(C) Subscribe to a newsletter','(D) Contribute to a fundraiser','What are attendees asked to do?',25),(76,'C','Giải thích',71,'(A) At a theater','(B) At a car dealership','(C) At a retail store','(D) At a library','Where most likely does the speaker work?',26),(77,'A','Giải thích',72,'(A) Accurate prices','(B) Sales figures','(C) Business hours','(D) Name tags','What is the listener asked to double-check?',26),(78,'D','Giải thích',73,'(A) If an employee is late for work','(B) If a technical problem occurs','(C) If an item is out of stock','(D) If a customer is dissatisfied','When should the listener contact the speaker?',26),(79,'A','Giải thích',74,'(A) An opening of a public building','(B) A commemorative statue','(C) A singing contest','(D) A survey result','What is the announcement about?',27),(80,'C','Giải thích',75,'(A) A mayor','(B) An instructor','(C) A musician','(D) An architect','Who is Jim Neilson?',27),(81,'B','Giải thích',76,'(A) Reserve seats in advance','(B) Complete a survey','(C) Subscribe to a newsletter','(D) Contribute to a fundraiser','What are attendees asked to do?',27),(82,'B','Giải thích',77,'(A) A scholar','(B) A producer','(C) A pilot','(D) A programmer','Who most likely is the speaker?',28),(83,'C','Giải thích',78,'(A) Potential investors','(B) Actors','(C) Housewives','(D) University students','Who are the listeners?',28),(84,'D','Giải thích',79,'(A) Participate in a raffle','(B) Watch a video','(C) Enroll in a class','(D) Attend an interview','What will the listeners do in a meeting room?',28),(85,'D','Giải thích',80,'(A) To announce the results of a soccer match','(B) To promote a store\'s grand opening','(C) To advertise a new product','(D) To inform the listeners of a special event','What is the purpose of the broadcast?',29),(86,'C','Giải thích',81,'(A) Wearing comfortable clothing','(B) Exercising on a regular basis','(C) Bringing personal belongings','(D) Booking a ticket in advance','What does the speaker suggest doing?',29),(87,'C','Giải thích',82,'(A) It is free of charge.','(B) It will last three months.','(C) It has a restricted number of participants.','(D) It will be sponsored by Dave\'s Sport Shop.','What does the speaker say about the summer camp?',29),(88,'A','Giải thích',83,'(A) They have merged with another company.','(B) They are manufacturing a new product.','(C) They are creating new policies.','(D) They had record profits.','What does the speaker mention about her company?',30),(89,'D','Giải thích',84,'(A) Because the email is secure.','(B) To sign a new contract','(C) She needs some help.','(D) She doesn’t have time to do it.','Why does the woman say, “my schedule is too tight to do that”?',30),(90,'C','Giải thích',85,'(A) Portfolios','(B) Contract forms','(C) Vital data','(D) Building plans','What will they be sending a lot of?',30),(91,'D','Giải thích',86,'(A) The evolution of man','(B) A love story about a man and woman','(C) An action movie','(D) It’s theme is magic and illusion.','What is “The Tempest” about?',31),(92,'A','Giải thích',87,'(A) To suggest that they are impressive','(B) To recommend that you join them','(C) To explain why they are here','(D) To excuse a poor performance','Why does the speaker say, “Remember, last year the Bromley Actors Guild won first place at this event”?',31),(93,'B','Giải thích',88,'(A) Dinner and drinks','(B) Question time with the actors','(C) DVDs will be sold.','(D) The actors will sign autographs','What will most likely happen after the film screening?',31),(94,'A','Giải thích',89,'(A) Cell phone cases and selfie sticks','(B) Cell phones and MP3 players','(C) Selfie sticks and headphones','(D) Software programs','What type of products are being discussed?',32),(95,'C','Giải thích',90,'(A) To ask for assistance','(B) To offer help','(C) To suggest a change','(D) To create some new products','Why does the speaker say, “I wonder if the cost is too high compared to the other products on the market\"?',32),(96,'D','Giải thích',91,'(A) Review safety policy','(B) Attend a seminar','(C) Go back to work','(D) Have a conference call','What will the listeners most likely do after lunch?',32),(97,'B','Giải thích',92,'(A) A carpenter','(B) A store manager','(C) A furniture designer','(D) A bank teller','Who is the message probably for?',33),(98,'D','Giải thích',93,'(A) When he used a dressing room','(B) When he visited a bookstore','(C) When he presented his ID card','(D) When he tried some furniture','According to the speaker, when does he think he lost his wallet?',33),(99,'C','Giải thích',94,'(A) Replace an item','(B) Call the police','(C) Go to a store again','(D) Stop by the listener\'s home','What does the speaker plan to do?',33),(100,'C','Giải thích',95,'(A) At a theater','(B) At a car dealership','(C) At a retail store','(D) At a library','Where most likely does the speaker work?',34),(101,'A','Giải thích',96,'(A) Accurate prices','(B) Sales figures','(C) Business hours','(D) Name tags','What is the listener asked to double-check?',34),(102,'D','Giải thích',97,'(A) If an employee is late for work','(B) If a technical problem occurs','(C) If an item is out of stock','(D) If a customer is dissatisfied','When should the listener contact the speaker?',34),(103,'A','Giải thích',98,'(A) An opening of a public building','(B) A commemorative statue','(C) A singing contest','(D) A survey result','What is the announcement about?',35),(104,'C','Giải thích',99,'(A) A mayor','(B) An instructor','(C) A musician','(D) An architect','Who is Jim Neilson?',35),(105,'B','Giải thích',100,'(A) Reserve seats in advance','(B) Complete a survey','(C) Subscribe to a newsletter','(D) Contribute to a fundraiser','What are attendees asked to do?',35),(106,'C','Giải thích',71,'(A) At a theater','(B) At a car dealership','(C) At a retail store','(D) At a library','Where most likely does the speaker work?',36),(107,'A','Giải thích',72,'(A) Accurate prices','(B) Sales figures','(C) Business hours','(D) Name tags','What is the listener asked to double-check?',36),(108,'D','Giải thích',73,'(A) If an employee is late for work','(B) If a technical problem occurs','(C) If an item is out of stock','(D) If a customer is dissatisfied','When should the listener contact the speaker?',36),(109,'A','Giải thích',74,'(A) An opening of a public building','(B) A commemorative statue','(C) A singing contest','(D) A survey result','What is the announcement about?',37),(110,'C','Giải thích',75,'(A) A mayor','(B) An instructor','(C) A musician','(D) An architect','Who is Jim Neilson?',37),(111,'B','Giải thích',76,'(A) Reserve seats in advance','(B) Complete a survey','(C) Subscribe to a newsletter','(D) Contribute to a fundraiser','What are attendees asked to do?',37),(112,'B','Giải thích',77,'(A) A scholar','(B) A producer','(C) A pilot','(D) A programmer','Who most likely is the speaker?',38),(113,'C','Giải thích',78,'(A) Potential investors','(B) Actors','(C) Housewives','(D) University students','Who are the listeners?',38),(114,'D','Giải thích',79,'(A) Participate in a raffle','(B) Watch a video','(C) Enroll in a class','(D) Attend an interview','What will the listeners do in a meeting room?',38),(115,'D','Giải thích',80,'(A) To announce the results of a soccer match','(B) To promote a store\'s grand opening','(C) To advertise a new product','(D) To inform the listeners of a special event','What is the purpose of the broadcast?',39),(116,'C','Giải thích',81,'(A) Wearing comfortable clothing','(B) Exercising on a regular basis','(C) Bringing personal belongings','(D) Booking a ticket in advance','What does the speaker suggest doing?',39),(117,'C','Giải thích',82,'(A) It is free of charge.','(B) It will last three months.','(C) It has a restricted number of participants.','(D) It will be sponsored by Dave\'s Sport Shop.','What does the speaker say about the summer camp?',39),(118,'A','Giải thích',83,'(A) They have merged with another company.','(B) They are manufacturing a new product.','(C) They are creating new policies.','(D) They had record profits.','What does the speaker mention about her company?',40),(119,'D','Giải thích',84,'(A) Because the email is secure.','(B) To sign a new contract','(C) She needs some help.','(D) She doesn’t have time to do it.','Why does the woman say, “my schedule is too tight to do that”?',40),(120,'C','Giải thích',85,'(A) Portfolios','(B) Contract forms','(C) Vital data','(D) Building plans','What will they be sending a lot of?',40),(121,'D','Giải thích',86,'(A) The evolution of man','(B) A love story about a man and woman','(C) An action movie','(D) It’s theme is magic and illusion.','What is “The Tempest” about?',41),(122,'A','Giải thích',87,'(A) To suggest that they are impressive','(B) To recommend that you join them','(C) To explain why they are here','(D) To excuse a poor performance','Why does the speaker say, “Remember, last year the Bromley Actors Guild won first place at this event”?',41),(123,'B','Giải thích',88,'(A) Dinner and drinks','(B) Question time with the actors','(C) DVDs will be sold.','(D) The actors will sign autographs','What will most likely happen after the film screening?',41),(124,'A','Giải thích',89,'(A) Cell phone cases and selfie sticks','(B) Cell phones and MP3 players','(C) Selfie sticks and headphones','(D) Software programs','What type of products are being discussed?',42),(125,'C','Giải thích',90,'(A) To ask for assistance','(B) To offer help','(C) To suggest a change','(D) To create some new products','Why does the speaker say, “I wonder if the cost is too high compared to the other products on the market\"?',42),(126,'D','Giải thích',91,'(A) Review safety policy','(B) Attend a seminar','(C) Go back to work','(D) Have a conference call','What will the listeners most likely do after lunch?',42),(127,'B','Giải thích',92,'(A) A carpenter','(B) A store manager','(C) A furniture designer','(D) A bank teller','Who is the message probably for?',43),(128,'D','Giải thích',93,'(A) When he used a dressing room','(B) When he visited a bookstore','(C) When he presented his ID card','(D) When he tried some furniture','According to the speaker, when does he think he lost his wallet?',43),(129,'C','Giải thích',94,'(A) Replace an item','(B) Call the police','(C) Go to a store again','(D) Stop by the listener\'s home','What does the speaker plan to do?',43),(130,'C','Giải thích',95,'(A) At a theater','(B) At a car dealership','(C) At a retail store','(D) At a library','Where most likely does the speaker work?',44),(131,'A','Giải thích',96,'(A) Accurate prices','(B) Sales figures','(C) Business hours','(D) Name tags','What is the listener asked to double-check?',44),(132,'D','Giải thích',97,'(A) If an employee is late for work','(B) If a technical problem occurs','(C) If an item is out of stock','(D) If a customer is dissatisfied','When should the listener contact the speaker?',44),(133,'A','Giải thích',98,'(A) An opening of a public building','(B) A commemorative statue','(C) A singing contest','(D) A survey result','What is the announcement about?',45),(134,'C','Giải thích',99,'(A) A mayor','(B) An instructor','(C) A musician','(D) An architect','Who is Jim Neilson?',45),(135,'B','Giải thích',100,'(A) Reserve seats in advance','(B) Complete a survey','(C) Subscribe to a newsletter','(D) Contribute to a fundraiser','What are attendees asked to do?',45),(136,'C','Giải thích',71,'(A) At a theater','(B) At a car dealership','(C) At a retail store','(D) At a library','Where most likely does the speaker work?',46),(137,'A','Giải thích',72,'(A) Accurate prices','(B) Sales figures','(C) Business hours','(D) Name tags','What is the listener asked to double-check?',46),(138,'D','Giải thích',73,'(A) If an employee is late for work','(B) If a technical problem occurs','(C) If an item is out of stock','(D) If a customer is dissatisfied','When should the listener contact the speaker?',46),(139,'A','Giải thích',74,'(A) An opening of a public building','(B) A commemorative statue','(C) A singing contest','(D) A survey result','What is the announcement about?',47),(140,'C','Giải thích',75,'(A) A mayor','(B) An instructor','(C) A musician','(D) An architect','Who is Jim Neilson?',47),(141,'B','Giải thích',76,'(A) Reserve seats in advance','(B) Complete a survey','(C) Subscribe to a newsletter','(D) Contribute to a fundraiser','What are attendees asked to do?',47),(142,'B','Giải thích',77,'(A) A scholar','(B) A producer','(C) A pilot','(D) A programmer','Who most likely is the speaker?',48),(143,'C','Giải thích',78,'(A) Potential investors','(B) Actors','(C) Housewives','(D) University students','Who are the listeners?',48),(144,'D','Giải thích',79,'(A) Participate in a raffle','(B) Watch a video','(C) Enroll in a class','(D) Attend an interview','What will the listeners do in a meeting room?',48),(145,'D','Giải thích',80,'(A) To announce the results of a soccer match','(B) To promote a store\'s grand opening','(C) To advertise a new product','(D) To inform the listeners of a special event','What is the purpose of the broadcast?',49),(146,'C','Giải thích',81,'(A) Wearing comfortable clothing','(B) Exercising on a regular basis','(C) Bringing personal belongings','(D) Booking a ticket in advance','What does the speaker suggest doing?',49),(147,'C','Giải thích',82,'(A) It is free of charge.','(B) It will last three months.','(C) It has a restricted number of participants.','(D) It will be sponsored by Dave\'s Sport Shop.','What does the speaker say about the summer camp?',49),(148,'A','Giải thích',83,'(A) They have merged with another company.','(B) They are manufacturing a new product.','(C) They are creating new policies.','(D) They had record profits.','What does the speaker mention about her company?',50),(149,'D','Giải thích',84,'(A) Because the email is secure.','(B) To sign a new contract','(C) She needs some help.','(D) She doesn’t have time to do it.','Why does the woman say, “my schedule is too tight to do that”?',50),(150,'C','Giải thích',85,'(A) Portfolios','(B) Contract forms','(C) Vital data','(D) Building plans','What will they be sending a lot of?',50),(151,'D','Giải thích',86,'(A) The evolution of man','(B) A love story about a man and woman','(C) An action movie','(D) It’s theme is magic and illusion.','What is “The Tempest” about?',51),(152,'A','Giải thích',87,'(A) To suggest that they are impressive','(B) To recommend that you join them','(C) To explain why they are here','(D) To excuse a poor performance','Why does the speaker say, “Remember, last year the Bromley Actors Guild won first place at this event”?',51),(153,'B','Giải thích',88,'(A) Dinner and drinks','(B) Question time with the actors','(C) DVDs will be sold.','(D) The actors will sign autographs','What will most likely happen after the film screening?',51),(154,'A','Giải thích',89,'(A) Cell phone cases and selfie sticks','(B) Cell phones and MP3 players','(C) Selfie sticks and headphones','(D) Software programs','What type of products are being discussed?',52),(155,'C','Giải thích',90,'(A) To ask for assistance','(B) To offer help','(C) To suggest a change','(D) To create some new products','Why does the speaker say, “I wonder if the cost is too high compared to the other products on the market\"?',52),(156,'D','Giải thích',91,'(A) Review safety policy','(B) Attend a seminar','(C) Go back to work','(D) Have a conference call','What will the listeners most likely do after lunch?',52),(157,'B','Giải thích',92,'(A) A carpenter','(B) A store manager','(C) A furniture designer','(D) A bank teller','Who is the message probably for?',53),(158,'D','Giải thích',93,'(A) When he used a dressing room','(B) When he visited a bookstore','(C) When he presented his ID card','(D) When he tried some furniture','According to the speaker, when does he think he lost his wallet?',53),(159,'C','Giải thích',94,'(A) Replace an item','(B) Call the police','(C) Go to a store again','(D) Stop by the listener\'s home','What does the speaker plan to do?',53),(160,'C','Giải thích',95,'(A) At a theater','(B) At a car dealership','(C) At a retail store','(D) At a library','Where most likely does the speaker work?',54),(161,'A','Giải thích',96,'(A) Accurate prices','(B) Sales figures','(C) Business hours','(D) Name tags','What is the listener asked to double-check?',54),(162,'D','Giải thích',97,'(A) If an employee is late for work','(B) If a technical problem occurs','(C) If an item is out of stock','(D) If a customer is dissatisfied','When should the listener contact the speaker?',54),(163,'A','Giải thích',98,'(A) An opening of a public building','(B) A commemorative statue','(C) A singing contest','(D) A survey result','What is the announcement about?',55),(164,'C','Giải thích',99,'(A) A mayor','(B) An instructor','(C) A musician','(D) An architect','Who is Jim Neilson?',55),(165,'B','Giải thích',100,'(A) Reserve seats in advance','(B) Complete a survey','(C) Subscribe to a newsletter','(D) Contribute to a fundraiser','What are attendees asked to do?',55);
/*!40000 ALTER TABLE `part4_question` ENABLE KEYS */;
UNLOCK TABLES;

--
-- Table structure for table `part5`
--

DROP TABLE IF EXISTS `part5`;
/*!40101 SET @saved_cs_client     = @@character_set_client */;
/*!50503 SET character_set_client = utf8mb4 */;
CREATE TABLE `part5` (
  `id` bigint NOT NULL AUTO_INCREMENT,
  `correct_answer` varchar(1) NOT NULL,
  `explanation` text NOT NULL,
  `number` bigint NOT NULL,
  `option_a` varchar(255) NOT NULL,
  `option_b` varchar(255) NOT NULL,
  `option_c` varchar(255) NOT NULL,
  `option_d` varchar(255) NOT NULL,
  `question` text NOT NULL,
  `grammar_lesson` bigint DEFAULT NULL,
  `mock_exam_id` bigint DEFAULT NULL,
  `reading_exercise_id` bigint DEFAULT NULL,
  PRIMARY KEY (`id`),
  KEY `FKp11c1xt3m5r69glxjiq3dnmc9` (`grammar_lesson`),
  KEY `FKplvex7h3bh12u9bfunmbkhr03` (`mock_exam_id`),
  KEY `FK4c95h0v0u6o28q5fjkohn55d7` (`reading_exercise_id`),
  CONSTRAINT `FK4c95h0v0u6o28q5fjkohn55d7` FOREIGN KEY (`reading_exercise_id`) REFERENCES `reading_exercise` (`id`),
  CONSTRAINT `FKp11c1xt3m5r69glxjiq3dnmc9` FOREIGN KEY (`grammar_lesson`) REFERENCES `grammar_lesson` (`id`),
  CONSTRAINT `FKplvex7h3bh12u9bfunmbkhr03` FOREIGN KEY (`mock_exam_id`) REFERENCES `mock_exam` (`id`)
) ENGINE=InnoDB AUTO_INCREMENT=233 DEFAULT CHARSET=utf8mb4 COLLATE=utf8mb4_0900_ai_ci;
/*!40101 SET character_set_client = @saved_cs_client */;

--
-- Dumping data for table `part5`
--

LOCK TABLES `part5` WRITE;
/*!40000 ALTER TABLE `part5` DISABLE KEYS */;
INSERT INTO `part5` VALUES (1,'C','Dùng \"does\" với chủ ngữ số ít (your father), sau \"does\" động từ giữ nguyên là \"get\".',1,'(A) does / gets','(B) do / get','(C) does / get','(D) do / gets','What time ___ your father usually ___ home from work?',1,NULL,NULL),(2,'B','Chủ ngữ \"She\" là ngôi thứ ba số ít nên động từ thêm -s → \"goes\".',2,'(A) go','(B) goes','(C) going','(D) gone','She ___ to school by bus every day.',1,NULL,NULL),(3,'C','\"Do you\" đúng ngữ pháp thì hiện tại đơn với chủ ngữ số nhiều hoặc ngôi thứ nhất/thứ hai.',3,'(A) Does','(B) Are','(C) Do','(D) Is','___ you like coffee?',1,NULL,NULL),(4,'B','\"They\" là số nhiều nên dùng \"live\" (không thêm -s).',4,'(A) lives','(B) live','(C) living','(D) lived','They ___ in an apartment near the park.',1,NULL,NULL),(5,'B','\"My mother\" là ngôi thứ ba số ít → \"has\".',5,'(A) have','(B) has','(C) having','(D) had','My mother ___ breakfast at 6:30 every morning.',1,NULL,NULL),(6,'B','Diễn tả chân lý → thì hiện tại đơn, \"The sun\" là số ít → \"rises / sets\".',6,'(A) rise / set','(B) rises / sets','(C) rose / set','(D) rising / setting','The sun ___ in the east and ___ in the west.',1,NULL,NULL),(7,'A','\"He\" là ngôi thứ ba số ít → động từ thêm -s → \"plays\".',7,'(A) plays','(B) play','(C) playing','(D) played','He usually ___ tennis on the weekend.',1,NULL,NULL),(8,'B','Câu hỏi thì hiện tại đơn với ngôi thứ ba số ít → dùng \"Does\", động từ chính giữ nguyên dạng → \"work\".',8,'(A) Is','(B) Does','(C) Do','(D) Are','___ your brother work in this company?',1,NULL,NULL),(9,'C','Hiện tại hoàn thành dùng \"have/has + V3\", chủ ngữ \"I\" → dùng \"have\", động từ quá khứ phân từ là \"finished\".',1,'(A) finish','(B) finished','(C) have finished','(D) has finished','I ___ my homework already.',2,NULL,NULL),(10,'A','\"She\" là ngôi thứ ba số ít → dùng \"has\", \"gone\" là quá khứ phân từ của \"go\".',2,'(A) has gone','(B) have gone','(C) went','(D) goes','She ___ to Japan three times.',2,NULL,NULL),(11,'B','\"We\" → dùng \"have\", \"seen\" là quá khứ phân từ của \"see\".',3,'(A) saw','(B) have seen','(C) seen','(D) see','We ___ this movie before.',2,NULL,NULL),(12,'C','Câu hỏi với \"you\" ở hiện tại hoàn thành → dùng \"Have\".',4,'(A) Do','(B) Did','(C) Have','(D) Has','___ you ever eaten sushi?',2,NULL,NULL),(13,'A','\"He\" → dùng \"has\", \"closed\" là dạng quá khứ phân từ.',5,'(A) has / closed','(B) have / closed','(C) has / close','(D) have / close','He ___ just ___ the door.',2,NULL,NULL),(14,'B','\"They\" → dùng \"have\", \"since 2015\" là dấu hiệu của thì hiện tại hoàn thành → \"have lived\".',6,'(A) live','(B) have lived','(C) has lived','(D) lived','They ___ in New York since 2015.',2,NULL,NULL),(15,'B','\"She\" → dùng \"has\", \"been\" là quá khứ phân từ của \"be\", \"never\" đi kèm thì hiện tại hoàn thành.',7,'(A) have / been','(B) has / been','(C) has / be','(D) have / gone','She ___ never ___ to the USA.',2,NULL,NULL),(16,'D','\"They\" → dùng \"Have\", \"yet\" là dấu hiệu của thì hiện tại hoàn thành trong câu nghi vấn.',8,'(A) Has','(B) Did','(C) Are','(D) Have','___ they finished their work yet?',2,NULL,NULL),(17,'B','\"Now\" là dấu hiệu của hiện tại tiếp diễn → dùng \"is\" với \"She\" và động từ thêm -ing: \"listening\".',1,'(A) listens','(B) is listening','(C) listen','(D) has listened','She ___ to music now.',3,NULL,NULL),(18,'B','\"At the moment\" → hiện tại tiếp diễn. \"You\" → dùng \"are\", \"doing\" là V-ing của \"do\".',2,'(A) do / do','(B) are / doing','(C) did / do','(D) is / doing','What ___ you ___ at the moment?',3,NULL,NULL),(19,'C','\"They\" → dùng \"are\", động từ \"play\" thành \"playing\".',3,'(A) play','(B) plays','(C) are playing','(D) is playing','They ___ football in the yard.',3,NULL,NULL),(20,'B','\"Look!\" → dấu hiệu hiện tại tiếp diễn. \"The children\" → số nhiều → dùng \"are playing\".',4,'(A) play','(B) are playing','(C) have played','(D) playing','Look! The children ___ in the garden.',3,NULL,NULL),(21,'B','\"I\" → dùng \"am\", \"go\" → \"going\". \"Now\" → hiện tại tiếp diễn.',5,'(A) go','(B) am going','(C) have gone','(D) goes','I ___ to school now.',3,NULL,NULL),(22,'C','\"It\" → dùng \"is\", \"rain\" → \"raining\". Dạng câu miêu tả hành động đang xảy ra.',6,'(A) rain','(B) rains','(C) is raining','(D) are raining','It ___ heavily outside.',3,NULL,NULL),(23,'A','\"He\" → dùng \"is\", \"watch\" → \"watching\". Hành động đang diễn ra.',7,'(A) is watching','(B) are watching','(C) watches','(D) watch','He ___ TV in the living room.',3,NULL,NULL),(24,'B','\"The boys\" → số nhiều → dùng \"are\", \"play\" → \"playing\". \"At the moment\" là dấu hiệu thì hiện tại tiếp diễn.',8,'(A) plays','(B) are playing','(C) is playing','(D) played','The boys ___ soccer at the moment.',3,NULL,NULL),(25,'B','\"Yesterday\" → dấu hiệu quá khứ đơn. \"Go\" ở quá khứ là \"went\".',1,'(A) go','(B) went','(C) goes','(D) going','She ___ to the market yesterday.',4,NULL,NULL),(26,'C','\"Last weekend\" → thì quá khứ đơn. \"Play\" → quá khứ là \"played\".',2,'(A) plays','(B) are playing','(C) played','(D) play','They ___ football last weekend.',4,NULL,NULL),(27,'B','\"Last night\" → thì quá khứ. \"Have\" → quá khứ là \"had\".',3,'(A) have','(B) had','(C) has','(D) having','We ___ dinner at 7 p.m. last night.',4,NULL,NULL),(28,'B','\"He\" → dùng \"was\" ở quá khứ. \"Yesterday morning\" là dấu hiệu thì quá khứ đơn.',4,'(A) is','(B) was','(C) were','(D) be','He ___ late for school yesterday morning.',4,NULL,NULL),(29,'C','\"Last night\" → quá khứ đơn. \"Go\" → quá khứ là \"went\".',5,'(A) go','(B) goes','(C) went','(D) going','I ___ to bed early last night.',4,NULL,NULL),(30,'B','Hành động đã xảy ra → quá khứ đơn. \"Leave\" → quá khứ là \"left\".',6,'(A) leaves','(B) left','(C) is leaving','(D) leave','The train ___ at 8 p.m.',4,NULL,NULL),(31,'B','Câu hỏi ở quá khứ dùng \"did\", động từ chính giữ nguyên → \"watch\".',7,'(A) do / watch','(B) did / watch','(C) does / watch','(D) did / watched','When ___ you ___ the movie?',4,NULL,NULL),(32,'B','\"Buy\" → quá khứ là \"bought\". Dùng thì quá khứ đơn cho hành động đã xảy ra.',8,'(A) buy','(B) bought','(C) buys','(D) buying','She ___ a new dress for the party.',4,NULL,NULL),(33,'A','\"When I called her\" → dấu hiệu hành động đang diễn ra trong quá khứ. Dùng \"was\" cho \"she\".',1,'(A) was','(B) is','(C) were','(D) be','She ___ reading a book when I called her.',5,NULL,NULL),(34,'C','\"Yesterday\" → dấu hiệu quá khứ. Dùng \"were\" cho \"they\".',2,'(A) was','(B) is','(C) were','(D) are','They ___ playing football at 10 a.m. yesterday.',5,NULL,NULL),(35,'A','\"When the power went out\" → dấu hiệu hành động xảy ra đồng thời trong quá khứ. Dùng \"were\" cho \"we\".',3,'(A) were','(B) was','(C) are','(D) be','We ___ watching a movie when the power went out.',5,NULL,NULL),(36,'A','\"When I saw him\" → hành động đang xảy ra trong quá khứ, dùng \"was\" cho \"he\".',4,'(A) was','(B) were','(C) is','(D) was being','He ___ eating lunch when I saw him.',5,NULL,NULL),(37,'B','\"When you called me\" → dấu hiệu quá khứ. Dùng \"was\" cho \"I\".',5,'(A) were','(B) was','(C) am','(D) was being','I ___ studying when you called me.',5,NULL,NULL),(38,'D','\"Last night\" → dấu hiệu quá khứ. Dùng \"were not\" cho \"they\".',6,'(A) is','(B) are','(C) were','(D) were not','They ___ not working at 9 p.m. last night.',5,NULL,NULL),(39,'A','Câu hỏi về hành động đang diễn ra trong quá khứ, dùng \"was\" cho \"you\".',7,'(A) was / doing','(B) were / do','(C) did / do','(D) are / doing','What ___ you ___ when I called you?',5,NULL,NULL),(40,'B','\"When it started raining\" → dấu hiệu hành động đang xảy ra trong quá khứ, dùng \"was\" cho \"I\".',8,'(A) were','(B) was','(C) am','(D) was being','I ___ waiting for the bus when it started raining.',5,NULL,NULL),(41,'D','\"Yesterday\" → dấu hiệu quá khứ. Dùng \"was not\" cho \"he\".',9,'(A) was','(B) were','(C) is','(D) was not','He ___ not playing video games at 3 p.m. yesterday.',5,NULL,NULL),(42,'A','\"When it started to rain\" → dấu hiệu hành động đang diễn ra trong quá khứ, dùng \"were\" cho \"we\".',10,'(A) were','(B) was','(C) are','(D) were being','We ___ walking in the park when it started to rain.',5,NULL,NULL),(43,'A','\"Tomorrow\" → dấu hiệu tương lai. Dùng \"will\" cho hành động sẽ xảy ra trong tương lai.',1,'(A) will','(B) would','(C) is','(D) be','She ___ go to the market tomorrow.',6,NULL,NULL),(44,'A','\"Next weekend\" → dấu hiệu tương lai. Dùng \"will\" cho hành động trong tương lai.',2,'(A) will','(B) are','(C) played','(D) plays','They ___ play football next weekend.',6,NULL,NULL),(45,'A','\"Tonight\" → dấu hiệu tương lai. Dùng \"will\" cho hành động sẽ xảy ra trong tương lai.',3,'(A) will','(B) is','(C) have','(D) will be','We ___ have dinner at 7 p.m. tonight.',6,NULL,NULL),(46,'C','\"Tomorrow morning\" → dấu hiệu tương lai. Dùng \"will be\" cho hành động tương lai của \"he\".',4,'(A) will','(B) would','(C) will be','(D) is','He ___ be late for school tomorrow morning.',6,NULL,NULL),(47,'A','\"Tonight\" → dấu hiệu tương lai. Dùng \"will\" cho hành động sẽ xảy ra trong tương lai.',5,'(A) will','(B) would','(C) will be','(D) going','I ___ go to bed early tonight.',6,NULL,NULL),(48,'A','Hành động sẽ xảy ra trong tương lai. Dùng \"will\" cho \"leave\".',6,'(A) will','(B) leaves','(C) is leaving','(D) leave','The train ___ leave at 8 p.m.',6,NULL,NULL),(49,'A','Câu hỏi về hành động trong tương lai. Dùng \"will\" và \"watch\" cho hành động tương lai.',7,'(A) will / watch','(B) will / watched','(C) does / watch','(D) will / be watching','When ___ you ___ the movie?',6,NULL,NULL),(50,'A','\"Tomorrow\" → dấu hiệu tương lai. Dùng \"will\" cho hành động tương lai.',8,'(A) will','(B) buys','(C) bought','(D) is buying','She ___ buy a new dress for the party tomorrow.',6,NULL,NULL),(51,'A','Hành động tương lai chắc chắn xảy ra. Dùng \"will\" cho \"help\".',9,'(A) will','(B) is','(C) would','(D) am','I ___ help you with your homework later.',6,NULL,NULL),(52,'A','\"Tomorrow\" → dấu hiệu tương lai. Dùng \"will not\" cho phủ định.',10,'(A) will not','(B) are not','(C) did not','(D) would not','They ___ not go to the party tomorrow.',6,NULL,NULL),(53,'A','explanation',1,'(A) notify','(B) agree','(C) generate','(D) perform','The library staff posted signs to _____ patrons of the upcoming closure for renovations.',NULL,NULL,1),(54,'C','explanation',2,'(A) him','(B) himself','(C) his','(D) he','The artist sent _____ best pieces to the gallery to be reviewed by the owner',NULL,NULL,1),(55,'A','explanation',3,'(A) will employ','(B) to employ','(C) has been employed','(D) employ','Ms. Morgan recruited the individuals that the company _____ for the next three months.',NULL,NULL,1),(56,'A','explanation',4,'(A) treatment','(B) treat','(C) treated','(D) treating','The free clinic was founded by a group of doctors to give_____for various medical conditions.',NULL,NULL,1),(57,'D','explanation',5,'(A) obstructs','(B) obstructed','(C) obstruction','(D) obstructing','For optimal safety on the road, avoid _____ the view of the rear window and side-view mirrors.',NULL,NULL,1),(58,'B','explanation',1,'(A) In addition to','(B) The fact that','(C) As long as','(D) In keeping with','_____ sales of junk food have been steadily declining indicates that consumers are becoming more health-conscious.',NULL,NULL,2),(59,'C','explanation',2,'(A) himself','(B) he','(C) who','(D) which','Mr. Ross, _____is repainting the interior of the lobby, was recommended by a friend of the building manager.',NULL,NULL,2),(60,'A','explanation',3,'(A) mechanically','(B) mechanic','(C) mechanism','(D) mechanical','The sprinklers for the lawn’s irrigation system are _____controlled.',NULL,NULL,2),(61,'C','explanation',4,'(A) rarely','(B) tiredly','(C) openly','(D) highly','We would like to discuss this problem honestly and _____ at the next staff meeting.',NULL,NULL,2),(62,'C','explanation',5,'(A) cooperative','(B) visible','(C) essential','(D) alternative','Having proper ventilation throughout the building is _____ for protecting the health and well-being of the workers.',NULL,NULL,2),(63,'A','explanation',1,'(A) Now','(B) For','(C) As','(D) Though','_____ that the insulation has been replaced, the building is much more energy-efficient.',NULL,NULL,3),(64,'C','explanation',2,'(A) courteously','(B) initially','(C) periodically','(D) physically','The guidelines for the monthly publication are _____revised to adapt to the changing readers.',NULL,NULL,3),(65,'C','explanation',3,'(A) Then','(B) So that','(C) Before','(D) Whereas','_____Mr. Williams addressed the audience, he showed a brief video about the engine he had designed.',NULL,NULL,3),(66,'D','explanation',4,'(A) with','(B) at','(C) like','(B) at','Participants in the walking tour should gather_____ 533 Bates Road on Saturday morning.',NULL,NULL,3),(67,'B','explanation',5,'(A) strategy','(B) strategically','(C) strategies','(D) strategic','The company _____ lowered its prices to outsell its competitors and attract more customers.',NULL,NULL,3),(68,'A','explanation',1,'(A) necessitate','(B) necessarily','(C) necessary','(D) necessity','During the peak season, it is _____ to hire additional workers for the weekend shifts.',NULL,NULL,4),(69,'D','explanation',2,'(A) relevance','(B) relevantly','(C) more relevantly','(D) relevant','The figures that accompany the financial statement should be _____ to the spending category.',NULL,NULL,4),(70,'A','explanation',3,'(A) Anyone','(B) Whenever','(C) Other','(D) Fewer','_____ seeking a position at Tulare Designs must submit a portfolio of previous work.',NULL,NULL,4),(71,'A','explanation',4,'(A) In spite of','(B) Even if','(C) Whether','(D) Given that','_____ an ankle injury, the baseball player participated in the last game of the season.',NULL,NULL,4),(72,'C','explanation',5,'(A) more important','(B) importantly','(C) importance','(D) important','The company started to recognize the increasing _____ of using resources responsibly.',NULL,NULL,4),(73,'A','explanation',1,'(A) After','(B) Until','(C) Below','(D) Like','_____ restructuring several departments within the company, the majority of the problems with miscommunication have disappeared.',NULL,NULL,5),(74,'A','explanation',2,'(A) legal','(B) legalize','(C) legally','(D) legalizes','The governmental department used to provide financial aid, but now it offers _____ services only.',NULL,NULL,5),(75,'B','explanation',3,'(A) expressive','(B) reliable','(C) partial','(D) extreme','Mr. Sims needs a more _____ vehicle for commuting from his suburban home to his office downtown.',NULL,NULL,5),(76,'B','explanation',4,'(A) experience','(B) growth','(C) formula','(D) incentive','The contractor had a fifteen-percent _____ in his business after advertising in the local newspaper.',NULL,NULL,5),(77,'D','explanation',5,'(A) accessorized','(B) accessorize','(C) accessorizes','(D) accessories','The upscale boutique Jane’s Closet is known for selling the most stylish _____ for young professionals.',NULL,NULL,5),(78,'A','explanation',1,'(A) soon','(B) very','(C) that','(D) still','The store’s manager plans to put the new merchandise on display _____ to promote the line of fall fashions.',NULL,NULL,6),(79,'D','explanation',2,'(A) proceeds','(B) perspectives','(C) installments','(D) stages','The riskiest _____ of the development of new medications are the trials with human subjects.',NULL,NULL,6),(80,'C','explanation',3,'(A) quote','(B) graduation','(C) request','(D) dispute','At the guest’s _____ , an extra set of towels and complimentary soaps were brought to the room.',NULL,NULL,6),(81,'B','explanation',4,'(A) yet','(B) just','(C) few','(D) still','The building owner purchased the property _____ three months ago, but she has already spent a great deal of money on renovations.',NULL,NULL,6),(82,'B','explanation',5,'(A) fix','(B) write','(C) send','(D) direct','When filling out the order form, please _____ your address clearly to prevent delays.',NULL,NULL,6),(83,'A','notify: thông báo chính thức cho ai đó về điều gì đó\r\nagree: có cùng ý kiến\r\ngenerate: gây ra sự tồn tại của một cái gì đó\r\nperform: thực hiện một hành động hoặc một công việc\r\n=> \"notify\" là hợp lý nhất\r\n=> Nhân viên thư viện đã dán biển báo để thông báo cho người dùng về thời gian đóng cửa sắp tới để cải tạo.',101,'(A) notify','(B) agree','(C) generate','(D) perform','The library staff posted signs to _____ patrons of the upcoming closure for renovations.',NULL,1,NULL),(84,'C','Cấu trúc: mạo từ/ tính từ sở hữu + cụm danh từ\r\n\"His\" là một tính từ sở hữu\r\n=> Nghệ sĩ đã gửi những tác phẩm đẹp nhất của mình đến phòng tranh để được chủ sở hữu đánh giá',102,'(A) him','(B) himself','(C) his','(D) he','The artist sent _____ best pieces to the gallery to be reviewed by the owner',NULL,1,NULL),(85,'A','\"will employ\" phản ánh hành động tuyển dụng trong tương lai.\r\n=> Cô Morgan đã tuyển dụng những cá nhân mà công ty sẽ tuyển dụng trong ba tháng tới.',103,'(A) will employ','(B) to employ','(C) has been employed','(D) employ','Ms. Morgan recruited the individuals that the company _____ for the next three months.',NULL,1,NULL),(86,'A','Sau ngoại động từ \"give\", chúng ta cần một tân ngữ đóng vai trò là danh từ => \"Treatment\" là đáp án đúng nhất\r\n=> Phòng khám miễn phí này được một nhóm bác sĩ thành lập để điều trị nhiều tình trạng bệnh lý khác nhau.',104,'(A) treatment','(B) treat','(C) treated','(D) treating','The free clinic was founded by a group of doctors to give_____for various medical conditions.',NULL,1,NULL),(87,'D','Cấu trúc: Avoid + V-ing + N\r\n=> \"obstructing\" là đáp án đúng\r\n=> Để đảm bảo an toàn tối ưu trên đường, tránh che khuất tầm nhìn của cửa sổ sau và gương chiếu hậu.',105,'(A) obstructs','(B) obstructed','(C) obstruction','(D) obstructing','For optimal safety on the road, avoid _____ the view of the rear window and side-view mirrors.',NULL,1,NULL),(88,'B','\"In addition to\": cũng như\r\n\"The fact that\": được sử dụng khi nói về một tình huống và nói rằng nó là đúng\r\n\"As long as\": miễn là\r\n\"In keeping with\": trong sự hài hòa hoặc phù hợp với\r\n=> \"The fact that\" có ý nghĩa phù hợp nhất.\r\n=> Thực tế là doanh số bán đồ ăn vặt liên tục giảm cho thấy người tiêu dùng đang ngày càng có ý thức hơn về sức khỏe.',106,'(A) In addition to','(B) The fact that','(C) As long as','(D) In keeping with','_____ sales of junk food have been steadily declining indicates that consumers are becoming more health-conscious.',NULL,1,NULL),(89,'C','Vị trí còn thiếu nằm trong mệnh đề quan hệ, chúng ta cần một đại từ quan hệ để bổ nghĩa cho chủ ngữ, ông Ross.\r\n=> Ông Ross, người đang sơn lại nội thất của sảnh đợi, được một người bạn của quản lý tòa nhà giới thiệu.',107,'(A) himself','(B) he','(C) who','(D) which','Mr. Ross, _____is repainting the interior of the lobby, was recommended by a friend of the building manager.',NULL,1,NULL),(90,'A','Chỗ trống đứng sau \"to be\" và trước một động từ quá khứ phân từ, nên thiếu một trạng từ\"\r\n=> \"mechanically\" là đáp án đúng\r\n=> Hệ thống phun nước tưới cỏ được điều khiển bằng cơ học.',108,'(A) mechanically','(B) mechanic','(C) mechanism','(D) mechanical','The sprinklers for the lawn’s irrigation system are _____controlled.',NULL,1,NULL),(91,'C','\"rarely\": hiếm khi\r\n\"tiredly\": mệt mỏi\r\n\"openly\": công khai, thẳng thắn\r\n\"highly\": rất, ở mức độ lớn hoặc ở mức độ cao\r\n=> \"openly\" có ý nghĩa phù hợp nhất\r\n=> Chúng tôi muốn thảo luận vấn đề này một cách trung thực và cởi mở tại cuộc họp nhân viên tiếp theo.',109,'(A) rarely','(B) tiredly','(C) openly','(D) highly','We would like to discuss this problem honestly and _____ at the next staff meeting.',NULL,1,NULL),(92,'C','cooperative: sẵn lòng giúp đỡ hoặc làm những gì người khác yêu cầu\r\nvisible: có thể nhìn thấy\r\nessential: cần thiết                                                                                                                                                                                                                                              alternative: có thể thay thế được\r\n=> \"essential\" có nghĩa hợp lý nhất\r\n=> Việc thông gió thích hợp trong toàn bộ tòa nhà là điều cần thiết để bảo vệ sức khỏe và tinh thần của người lao động.',110,'(A) cooperative','(B) visible','(C) essential','(D) alternative','Having proper ventilation throughout the building is _____ for protecting the health and well-being of the workers.',NULL,1,NULL),(93,'A','\"Now that\" + mệnh đề = \"Because\" + mệnh đề: do, vì\r\n=> Chọn A\r\n=> Vì lớp cách nhiệt đã được thay thế, tòa nhà tiết kiệm năng lượng hơn nhiều.',111,'(A) Now','(B) For','(C) As','(D) Though','_____ that the insulation has been replaced, the building is much more energy-efficient.',NULL,1,NULL),(94,'C','courteously: một cách lịch sự và thể hiện sự tôn trọng\r\ninitially: ban đầu, thuở đầu\r\nperiodically: một cách lặp lại sau một khoảng thời gian nhất định\r\nphysically: một cách liên quan đến cơ thể hoặc ngoại hình của ai đó\r\n=> \"periodically\" có ý nghĩa phù hợp nhất\r\n=> Các hướng dẫn cho ấn phẩm hàng tháng được sửa đổi định kỳ để phù hợp với sự thay đổi của độc giả.',112,'(A) courteously','(B) initially','(C) periodically','(D) physically','The guidelines for the monthly publication are _____revised to adapt to the changing readers.',NULL,1,NULL),(95,'C','Then: ở thời điểm đó (trong quá khứ hoặc trong tương lai)\r\nSo that: để làm cho điều gì đó xảy ra, làm cho điều gì đó trở thành khả thi\r\nBefore: vào hoặc trong một khoảng thời gian sớm hơn so với (điều được đề cập)\r\nWhereas: Trong khi : so sánh với việc khác; nhưng\r\n=> \"Before\" có ý nghĩa phù hợp nhất.\r\n=> Trước khi ông Williams phát biểu trước khán giả, ông đã trình chiếu một đoạn video ngắn về động cơ mà ông đã thiết kế.',113,'(A) Then','(B) So that','(C) Before','(D) Whereas','_____Mr. Williams addressed the audience, he showed a brief video about the engine he had designed.',NULL,1,NULL),(96,'D','Giới từ \"At\" được dùng khi đề cập đến địa chỉ chính xác, cụ thể \r\n\"533 Bates Road\" là một địa điểm cụ thể\r\n=> Những người tham gia tour đi bộ nên tập trung tại 533 Bates Road vào sáng thứ Bảy.',114,'(A) with','(B) at','(C) like','(B) at','Participants in the walking tour should gather_____ 533 Bates Road on Saturday morning.',NULL,1,NULL),(97,'B','Chỗ trống đứng trước động từ nên thiếu trạng từ.\r\nstrategy, strategies (n): chiến lược\r\nstrategically (adv): một cách chiến lược\r\nstrategic (adj): chiến lược\r\n=> Công ty đã hạ giá một cách chiến lược để bán chạy hơn đối thủ cạnh tranh và thu hút thêm nhiều khách hàng.',115,'(A) strategy','(B) strategically','(C) strategies','(D) strategic','The company _____ lowered its prices to outsell its competitors and attract more customers.',NULL,1,NULL),(98,'C','Sau \"tobe\", chúng ta sử dụng tính từ.\r\nTa có cấu trúc: It is necessary (+ for sb) + to do sth: Cần thiết làm gì?\r\nvì vậy \"necessary\" là câu trả lời đúng.\r\nnecessitate (v): to make something necessary\r\nnecessarily (adv): tất yếu, nhất thiết\r\nnecessary (adj): cần thiết\r\nnecessity (n): sự cần thiết\r\n=> Vào mùa cao điểm, cần phải thuê thêm nhân công cho ca làm việc vào cuối tuần.',116,'(A) necessitate','(B) necessarily','(C) necessary','(D) necessity','During the peak season, it is _____ to hire additional workers for the weekend shifts.',NULL,1,NULL),(99,'D','Cấu trúc \"be relevant to\" - có liên quan đến những gì đang xảy ra hoặc đang được thảo luận\r\n=> Chọn đáp án D\r\n=> Các số liệu đi kèm báo cáo tài chính phải có liên quan đến hạng mục chi tiêu.',117,'(A) relevance','(B) relevantly','(C) more relevantly','(D) relevant','The figures that accompany the financial statement should be _____ to the spending category.',NULL,1,NULL),(100,'A','Anyone: bất kỳ người nào\r\nWhenever: mỗi khi hoặc bất kỳ lúc nào\r\nOther: cái khác, người khác\r\nFewer: một số hoặc một số ít của điều gì đó\r\n=> \"Anyone\" có ý nghĩa phù hợp nhất\r\n=> Bất kỳ ai tìm kiếm vị trí tại Tulare Designs phải nộp danh mục các công trình đã thực hiện.',118,'(A) Anyone','(B) Whenever','(C) Other','(D) Fewer','_____ seeking a position at Tulare Designs must submit a portfolio of previous work.',NULL,1,NULL),(101,'A','+ mệnh đề: mặc dù => nghĩa phù hợp với câu\r\n(B) Even if + MĐ: dùng để nói rằng dù việc gì đó có đúng hay không thì kết quả cũng như nhau\r\n(C) Whether + MĐ: nếu, hay không\r\n(D) Given that + MĐ: Vì, bởi vì\r\n=> Mặc dù bị thương ở mắt cá chân, cầu thủ bóng chày vẫn tham gia trận đấu cuối cùng của mùa giải.',119,'(A) In spite of','(B) Even if','(C) Whether','(D) Given that','_____ an ankle injury, the baseball player participated in the last game of the season.',NULL,1,NULL),(102,'C','Chúng ta có cấu trúc \"danh từ của danh từ\". Chỗ trống đứng sau một tính từ và trước \"of\" nên thiếu một danh từ.\r\n=> Chọn C\r\n=> Công ty bắt đầu nhận ra tầm quan trọng ngày càng tăng của việc sử dụng tài nguyên một cách có trách nhiệm.',120,'(A) more important','(B) importantly','(C) importance','(D) important','The company started to recognize the increasing _____ of using resources responsibly.',NULL,1,NULL),(103,'A','\"soon\": sớm, nhanh chóng\r\n\"very\": rất \r\n\"that\": được sử dụng để chỉ đến một người, vật, ý tưởng, vv. mà được tách ra khỏi người nói bởi không gian hoặc thời gian\r\n\"still\": vẫn tiếp tục\r\n=>\"soon\" có ý nghĩa phù hợp nhất.\r\n=> Người quản lý cửa hàng có kế hoạch trưng bày sản phẩm mới sớm để quảng bá cho dòng thời trang thu.',121,'(A) soon','(B) very','(C) that','(D) still','The store’s manager plans to put the new merchandise on display _____ to promote the line of fall fashions.',NULL,1,NULL),(104,'D','proceed: tiếp tục theo kế hoạch\r\nperspective: một cách cụ thể để xem xét một cái gì đó\r\ninstallment: một khoản tiền đến hạn như một trong nhiều khoản thanh toán bằng nhau cho một thứ gì đó, trải đều trong một khoảng thời gian đã thỏa thuận\r\nstage: một phần của hoạt động hoặc một giai đoạn phát triển\r\n=> “stage” có ý nghĩa phù hợp nhất\r\n=> Giai đoạn rủi ro nhất trong quá trình phát triển thuốc mới là thử nghiệm trên người.',122,'(A) proceeds','(B) perspectives','(C) installments','(D) stages','The riskiest _____ of the development of new medications are the trials with human subjects.',NULL,1,NULL),(105,'C','quote: giá mà một người hoặc công ty nói họ sẽ tính để thực hiện một công việc\r\ngraduation: sự hoàn thành một bằng cấp hoặc khóa học khác tại một trường đại học hoặc\r\nrequest: hành động yêu cầu một cách lịch sự hoặc chính thức điều gì\r\ndispute: một cuộc tranh luận hoặc một sự bất đồng, đặc biệt là một cuộc tranh luận chính thức, ví dụ, người lao động và nhà tuyển dụng hoặc hai quốc gia có biên giới\r\n=> \"request\" có ý nghĩa phù hợp nhất\r\n=> Theo yêu cầu của khách, chúng tôi đã mang thêm một bộ khăn tắm và xà phòng miễn phí vào phòng.',123,'(A) quote','(B) graduation','(C) request','(D) dispute','At the guest’s _____ , an extra set of towels and complimentary soaps were brought to the room.',NULL,1,NULL),(106,'B','\"yet\": vẫn còn; cho đến thời điểm hiện tại\r\n\"just\": gần đây; mới đây\r\n\"few\": một số ít; hoặc một số lượng nhỏ của cái gì đó\r\n\"still\": vẫn tiếp tục xảy ra hoặc tiếp tục được thực hiện\r\n=> \"just\" có ý nghĩa phù hợp nhất\r\n=> Chủ sở hữu tòa nhà mới mua bất động sản này cách đây ba tháng, nhưng bà đã chi rất nhiều tiền để cải tạo.',124,'(A) yet','(B) just','(C) few','(D) still','The building owner purchased the property _____ three months ago, but she has already spent a great deal of money on renovations.',NULL,1,NULL),(107,'B','\"Fix\" có nghĩa là sửa chữa hoặc sắp xếp lại cái gì đó để nó hoạt động tốt hơn\r\n\"Write\" mang nghĩa viết/ điền thông tin vào tài liệu\r\n\"Send\" là động từ chỉ hành động gửi đi cái gì đó\r\n\"Direct\" có nghĩa là hướng dẫn hoặc chỉ dẫn ai đó làm gì đó\r\nTrong ngữ cảnh \"điền thông tin vào mẫu đơn\", từ \"write\" là lựa chọn đúng nhất \r\n=> Khi điền vào đơn đặt hàng, vui lòng viết rõ địa chỉ của bạn để tránh sự chậm trễ.',125,'(A) fix','(B) write','(C) send','(D) direct','When filling out the order form, please _____ your address clearly to prevent delays.',NULL,1,NULL),(108,'A','After: theo sau trong thời gian, không gian hoặc thứ tự\r\nUntil: cho đến (thời gian đó)\r\nBelow: ở vị trí thấp hơn (so với), dưới\r\nLike: tương tự như; theo cách hoặc phương pháp giống nhau như\r\n=> \"After\" có ý nghĩa phù hợp nhất\r\n=> Sau khi tái cấu trúc một số phòng ban trong công ty, phần lớn các vấn đề về giao tiếp sai đã biến mất.',126,'(A) After','(B) Until','(C) Below','(D) Like','_____ restructuring several departments within the company, the majority of the problems with miscommunication have disappeared.',NULL,1,NULL),(109,'A','Chỗ trống đứng trước một danh từ nên thiếu một tính từ hoặc danh từ\r\n\"Legal\" là một tính từ\r\n=> Bộ phận chính phủ trước đây cung cấp hỗ trợ tài chính, nhưng hiện nay chỉ cung cấp dịch vụ pháp lý.',127,'(A) legal','(B) legalize','(C) legally','(D) legalizes','The governmental department used to provide financial aid, but now it offers _____ services only.',NULL,1,NULL),(110,'B','expressive: biểu cảm\r\nreliable: đáng tin cậy\r\npartial: một phần\r\nextreme: Cực đoan\r\n=> \"reliable\" có nghĩa phù hợp nhất\r\n=> Ông Sims cần một phương tiện đi lại đáng tin cậy hơn để di chuyển từ nhà ở ngoại ô đến văn phòng ở trung tâm thành phố.',128,'(A) expressive','(B) reliable','(C) partial','(D) extreme','Mr. Sims needs a more _____ vehicle for commuting from his suburban home to his office downtown.',NULL,1,NULL),(111,'B','\"Experience\": (quá trình có được) kiến ​​thức hoặc kỹ năng từ việc làm, nhìn thấy hoặc cảm nhận mọi thứ\r\n\"Growth\": sự gia tăng về quy mô hoặc tầm quan trọng của một cái gì đó\r\n\"Formula\": công thức/ cách thức chuẩn chỉnh để làm hoặc tạo ra cái gì đó\r\n\"Incentive\": (động cơ) cái gì đó khuyến khích một người làm điều gì đó\r\nTrong ngữ cảnh câu phản ánh sự gia tăng doanh số kinh doanh, từ \"growth\" có nghĩa phù hợp nhất\r\n=> Nhà thầu đã tăng trưởng doanh thu mười lăm phần trăm sau khi quảng cáo trên tờ báo địa phương.',129,'(A) experience','(B) growth','(C) formula','(D) incentive','The contractor had a fifteen-percent _____ in his business after advertising in the local newspaper.',NULL,1,NULL),(112,'D','Vị trí còn thiếu đứng sau một tính từ, chúng ta cần thêm một danh từ.\r\n=> Cửa hàng thời trang cao cấp Jane’s Closet nổi tiếng với việc bán các phụ kiện thời trang nhất dành cho giới trẻ chuyên nghiệp.',130,'(A) accessorized','(B) accessorize','(C) accessorizes','(D) accessories','The upscale boutique Jane’s Closet is known for selling the most stylish _____ for young professionals.',NULL,1,NULL),(113,'A','notify: thông báo chính thức cho ai đó về điều gì đó\r\nagree: có cùng ý kiến\r\ngenerate: gây ra sự tồn tại của một cái gì đó\r\nperform: thực hiện một hành động hoặc một công việc\r\n=> \"notify\" là hợp lý nhất\r\n=> Nhân viên thư viện đã dán biển báo để thông báo cho người dùng về thời gian đóng cửa sắp tới để cải tạo.',101,'(A) notify','(B) agree','(C) generate','(D) perform','The library staff posted signs to _____ patrons of the upcoming closure for renovations.',NULL,2,NULL),(114,'C','Cấu trúc: mạo từ/ tính từ sở hữu + cụm danh từ\r\n\"His\" là một tính từ sở hữu\r\n=> Nghệ sĩ đã gửi những tác phẩm đẹp nhất của mình đến phòng tranh để được chủ sở hữu đánh giá',102,'(A) him','(B) himself','(C) his','(D) he','The artist sent _____ best pieces to the gallery to be reviewed by the owner',NULL,2,NULL),(115,'A','\"will employ\" phản ánh hành động tuyển dụng trong tương lai.\r\n=> Cô Morgan đã tuyển dụng những cá nhân mà công ty sẽ tuyển dụng trong ba tháng tới.',103,'(A) will employ','(B) to employ','(C) has been employed','(D) employ','Ms. Morgan recruited the individuals that the company _____ for the next three months.',NULL,2,NULL),(116,'A','Sau ngoại động từ \"give\", chúng ta cần một tân ngữ đóng vai trò là danh từ => \"Treatment\" là đáp án đúng nhất\r\n=> Phòng khám miễn phí này được một nhóm bác sĩ thành lập để điều trị nhiều tình trạng bệnh lý khác nhau.',104,'(A) treatment','(B) treat','(C) treated','(D) treating','The free clinic was founded by a group of doctors to give_____for various medical conditions.',NULL,2,NULL),(117,'D','Cấu trúc: Avoid + V-ing + N\r\n=> \"obstructing\" là đáp án đúng\r\n=> Để đảm bảo an toàn tối ưu trên đường, tránh che khuất tầm nhìn của cửa sổ sau và gương chiếu hậu.',105,'(A) obstructs','(B) obstructed','(C) obstruction','(D) obstructing','For optimal safety on the road, avoid _____ the view of the rear window and side-view mirrors.',NULL,2,NULL),(118,'B','\"In addition to\": cũng như\r\n\"The fact that\": được sử dụng khi nói về một tình huống và nói rằng nó là đúng\r\n\"As long as\": miễn là\r\n\"In keeping with\": trong sự hài hòa hoặc phù hợp với\r\n=> \"The fact that\" có ý nghĩa phù hợp nhất.\r\n=> Thực tế là doanh số bán đồ ăn vặt liên tục giảm cho thấy người tiêu dùng đang ngày càng có ý thức hơn về sức khỏe.',106,'(A) In addition to','(B) The fact that','(C) As long as','(D) In keeping with','_____ sales of junk food have been steadily declining indicates that consumers are becoming more health-conscious.',NULL,2,NULL),(119,'C','Vị trí còn thiếu nằm trong mệnh đề quan hệ, chúng ta cần một đại từ quan hệ để bổ nghĩa cho chủ ngữ, ông Ross.\r\n=> Ông Ross, người đang sơn lại nội thất của sảnh đợi, được một người bạn của quản lý tòa nhà giới thiệu.',107,'(A) himself','(B) he','(C) who','(D) which','Mr. Ross, _____is repainting the interior of the lobby, was recommended by a friend of the building manager.',NULL,2,NULL),(120,'A','Chỗ trống đứng sau \"to be\" và trước một động từ quá khứ phân từ, nên thiếu một trạng từ\"\r\n=> \"mechanically\" là đáp án đúng\r\n=> Hệ thống phun nước tưới cỏ được điều khiển bằng cơ học.',108,'(A) mechanically','(B) mechanic','(C) mechanism','(D) mechanical','The sprinklers for the lawn’s irrigation system are _____controlled.',NULL,2,NULL),(121,'C','\"rarely\": hiếm khi\r\n\"tiredly\": mệt mỏi\r\n\"openly\": công khai, thẳng thắn\r\n\"highly\": rất, ở mức độ lớn hoặc ở mức độ cao\r\n=> \"openly\" có ý nghĩa phù hợp nhất\r\n=> Chúng tôi muốn thảo luận vấn đề này một cách trung thực và cởi mở tại cuộc họp nhân viên tiếp theo.',109,'(A) rarely','(B) tiredly','(C) openly','(D) highly','We would like to discuss this problem honestly and _____ at the next staff meeting.',NULL,2,NULL),(122,'C','cooperative: sẵn lòng giúp đỡ hoặc làm những gì người khác yêu cầu\r\nvisible: có thể nhìn thấy\r\nessential: cần thiết                                                                                                                                                                                                                                              alternative: có thể thay thế được\r\n=> \"essential\" có nghĩa hợp lý nhất\r\n=> Việc thông gió thích hợp trong toàn bộ tòa nhà là điều cần thiết để bảo vệ sức khỏe và tinh thần của người lao động.',110,'(A) cooperative','(B) visible','(C) essential','(D) alternative','Having proper ventilation throughout the building is _____ for protecting the health and well-being of the workers.',NULL,2,NULL),(123,'A','\"Now that\" + mệnh đề = \"Because\" + mệnh đề: do, vì\r\n=> Chọn A\r\n=> Vì lớp cách nhiệt đã được thay thế, tòa nhà tiết kiệm năng lượng hơn nhiều.',111,'(A) Now','(B) For','(C) As','(D) Though','_____ that the insulation has been replaced, the building is much more energy-efficient.',NULL,2,NULL),(124,'C','courteously: một cách lịch sự và thể hiện sự tôn trọng\r\ninitially: ban đầu, thuở đầu\r\nperiodically: một cách lặp lại sau một khoảng thời gian nhất định\r\nphysically: một cách liên quan đến cơ thể hoặc ngoại hình của ai đó\r\n=> \"periodically\" có ý nghĩa phù hợp nhất\r\n=> Các hướng dẫn cho ấn phẩm hàng tháng được sửa đổi định kỳ để phù hợp với sự thay đổi của độc giả.',112,'(A) courteously','(B) initially','(C) periodically','(D) physically','The guidelines for the monthly publication are _____revised to adapt to the changing readers.',NULL,2,NULL),(125,'C','Then: ở thời điểm đó (trong quá khứ hoặc trong tương lai)\r\nSo that: để làm cho điều gì đó xảy ra, làm cho điều gì đó trở thành khả thi\r\nBefore: vào hoặc trong một khoảng thời gian sớm hơn so với (điều được đề cập)\r\nWhereas: Trong khi : so sánh với việc khác; nhưng\r\n=> \"Before\" có ý nghĩa phù hợp nhất.\r\n=> Trước khi ông Williams phát biểu trước khán giả, ông đã trình chiếu một đoạn video ngắn về động cơ mà ông đã thiết kế.',113,'(A) Then','(B) So that','(C) Before','(D) Whereas','_____Mr. Williams addressed the audience, he showed a brief video about the engine he had designed.',NULL,2,NULL),(126,'D','Giới từ \"At\" được dùng khi đề cập đến địa chỉ chính xác, cụ thể \r\n\"533 Bates Road\" là một địa điểm cụ thể\r\n=> Những người tham gia tour đi bộ nên tập trung tại 533 Bates Road vào sáng thứ Bảy.',114,'(A) with','(B) at','(C) like','(B) at','Participants in the walking tour should gather_____ 533 Bates Road on Saturday morning.',NULL,2,NULL),(127,'B','Chỗ trống đứng trước động từ nên thiếu trạng từ.\r\nstrategy, strategies (n): chiến lược\r\nstrategically (adv): một cách chiến lược\r\nstrategic (adj): chiến lược\r\n=> Công ty đã hạ giá một cách chiến lược để bán chạy hơn đối thủ cạnh tranh và thu hút thêm nhiều khách hàng.',115,'(A) strategy','(B) strategically','(C) strategies','(D) strategic','The company _____ lowered its prices to outsell its competitors and attract more customers.',NULL,2,NULL),(128,'C','Sau \"tobe\", chúng ta sử dụng tính từ.\r\nTa có cấu trúc: It is necessary (+ for sb) + to do sth: Cần thiết làm gì?\r\nvì vậy \"necessary\" là câu trả lời đúng.\r\nnecessitate (v): to make something necessary\r\nnecessarily (adv): tất yếu, nhất thiết\r\nnecessary (adj): cần thiết\r\nnecessity (n): sự cần thiết\r\n=> Vào mùa cao điểm, cần phải thuê thêm nhân công cho ca làm việc vào cuối tuần.',116,'(A) necessitate','(B) necessarily','(C) necessary','(D) necessity','During the peak season, it is _____ to hire additional workers for the weekend shifts.',NULL,2,NULL),(129,'D','Cấu trúc \"be relevant to\" - có liên quan đến những gì đang xảy ra hoặc đang được thảo luận\r\n=> Chọn đáp án D\r\n=> Các số liệu đi kèm báo cáo tài chính phải có liên quan đến hạng mục chi tiêu.',117,'(A) relevance','(B) relevantly','(C) more relevantly','(D) relevant','The figures that accompany the financial statement should be _____ to the spending category.',NULL,2,NULL),(130,'A','Anyone: bất kỳ người nào\r\nWhenever: mỗi khi hoặc bất kỳ lúc nào\r\nOther: cái khác, người khác\r\nFewer: một số hoặc một số ít của điều gì đó\r\n=> \"Anyone\" có ý nghĩa phù hợp nhất\r\n=> Bất kỳ ai tìm kiếm vị trí tại Tulare Designs phải nộp danh mục các công trình đã thực hiện.',118,'(A) Anyone','(B) Whenever','(C) Other','(D) Fewer','_____ seeking a position at Tulare Designs must submit a portfolio of previous work.',NULL,2,NULL),(131,'A','+ mệnh đề: mặc dù => nghĩa phù hợp với câu\r\n(B) Even if + MĐ: dùng để nói rằng dù việc gì đó có đúng hay không thì kết quả cũng như nhau\r\n(C) Whether + MĐ: nếu, hay không\r\n(D) Given that + MĐ: Vì, bởi vì\r\n=> Mặc dù bị thương ở mắt cá chân, cầu thủ bóng chày vẫn tham gia trận đấu cuối cùng của mùa giải.',119,'(A) In spite of','(B) Even if','(C) Whether','(D) Given that','_____ an ankle injury, the baseball player participated in the last game of the season.',NULL,2,NULL),(132,'C','Chúng ta có cấu trúc \"danh từ của danh từ\". Chỗ trống đứng sau một tính từ và trước \"of\" nên thiếu một danh từ.\r\n=> Chọn C\r\n=> Công ty bắt đầu nhận ra tầm quan trọng ngày càng tăng của việc sử dụng tài nguyên một cách có trách nhiệm.',120,'(A) more important','(B) importantly','(C) importance','(D) important','The company started to recognize the increasing _____ of using resources responsibly.',NULL,2,NULL),(133,'A','\"soon\": sớm, nhanh chóng\r\n\"very\": rất \r\n\"that\": được sử dụng để chỉ đến một người, vật, ý tưởng, vv. mà được tách ra khỏi người nói bởi không gian hoặc thời gian\r\n\"still\": vẫn tiếp tục\r\n=>\"soon\" có ý nghĩa phù hợp nhất.\r\n=> Người quản lý cửa hàng có kế hoạch trưng bày sản phẩm mới sớm để quảng bá cho dòng thời trang thu.',121,'(A) soon','(B) very','(C) that','(D) still','The store’s manager plans to put the new merchandise on display _____ to promote the line of fall fashions.',NULL,2,NULL),(134,'D','proceed: tiếp tục theo kế hoạch\r\nperspective: một cách cụ thể để xem xét một cái gì đó\r\ninstallment: một khoản tiền đến hạn như một trong nhiều khoản thanh toán bằng nhau cho một thứ gì đó, trải đều trong một khoảng thời gian đã thỏa thuận\r\nstage: một phần của hoạt động hoặc một giai đoạn phát triển\r\n=> “stage” có ý nghĩa phù hợp nhất\r\n=> Giai đoạn rủi ro nhất trong quá trình phát triển thuốc mới là thử nghiệm trên người.',122,'(A) proceeds','(B) perspectives','(C) installments','(D) stages','The riskiest _____ of the development of new medications are the trials with human subjects.',NULL,2,NULL),(135,'C','quote: giá mà một người hoặc công ty nói họ sẽ tính để thực hiện một công việc\r\ngraduation: sự hoàn thành một bằng cấp hoặc khóa học khác tại một trường đại học hoặc\r\nrequest: hành động yêu cầu một cách lịch sự hoặc chính thức điều gì\r\ndispute: một cuộc tranh luận hoặc một sự bất đồng, đặc biệt là một cuộc tranh luận chính thức, ví dụ, người lao động và nhà tuyển dụng hoặc hai quốc gia có biên giới\r\n=> \"request\" có ý nghĩa phù hợp nhất\r\n=> Theo yêu cầu của khách, chúng tôi đã mang thêm một bộ khăn tắm và xà phòng miễn phí vào phòng.',123,'(A) quote','(B) graduation','(C) request','(D) dispute','At the guest’s _____ , an extra set of towels and complimentary soaps were brought to the room.',NULL,2,NULL),(136,'B','\"yet\": vẫn còn; cho đến thời điểm hiện tại\r\n\"just\": gần đây; mới đây\r\n\"few\": một số ít; hoặc một số lượng nhỏ của cái gì đó\r\n\"still\": vẫn tiếp tục xảy ra hoặc tiếp tục được thực hiện\r\n=> \"just\" có ý nghĩa phù hợp nhất\r\n=> Chủ sở hữu tòa nhà mới mua bất động sản này cách đây ba tháng, nhưng bà đã chi rất nhiều tiền để cải tạo.',124,'(A) yet','(B) just','(C) few','(D) still','The building owner purchased the property _____ three months ago, but she has already spent a great deal of money on renovations.',NULL,2,NULL),(137,'B','\"Fix\" có nghĩa là sửa chữa hoặc sắp xếp lại cái gì đó để nó hoạt động tốt hơn\r\n\"Write\" mang nghĩa viết/ điền thông tin vào tài liệu\r\n\"Send\" là động từ chỉ hành động gửi đi cái gì đó\r\n\"Direct\" có nghĩa là hướng dẫn hoặc chỉ dẫn ai đó làm gì đó\r\nTrong ngữ cảnh \"điền thông tin vào mẫu đơn\", từ \"write\" là lựa chọn đúng nhất \r\n=> Khi điền vào đơn đặt hàng, vui lòng viết rõ địa chỉ của bạn để tránh sự chậm trễ.',125,'(A) fix','(B) write','(C) send','(D) direct','When filling out the order form, please _____ your address clearly to prevent delays.',NULL,2,NULL),(138,'A','After: theo sau trong thời gian, không gian hoặc thứ tự\r\nUntil: cho đến (thời gian đó)\r\nBelow: ở vị trí thấp hơn (so với), dưới\r\nLike: tương tự như; theo cách hoặc phương pháp giống nhau như\r\n=> \"After\" có ý nghĩa phù hợp nhất\r\n=> Sau khi tái cấu trúc một số phòng ban trong công ty, phần lớn các vấn đề về giao tiếp sai đã biến mất.',126,'(A) After','(B) Until','(C) Below','(D) Like','_____ restructuring several departments within the company, the majority of the problems with miscommunication have disappeared.',NULL,2,NULL),(139,'A','Chỗ trống đứng trước một danh từ nên thiếu một tính từ hoặc danh từ\r\n\"Legal\" là một tính từ\r\n=> Bộ phận chính phủ trước đây cung cấp hỗ trợ tài chính, nhưng hiện nay chỉ cung cấp dịch vụ pháp lý.',127,'(A) legal','(B) legalize','(C) legally','(D) legalizes','The governmental department used to provide financial aid, but now it offers _____ services only.',NULL,2,NULL),(140,'B','expressive: biểu cảm\r\nreliable: đáng tin cậy\r\npartial: một phần\r\nextreme: Cực đoan\r\n=> \"reliable\" có nghĩa phù hợp nhất\r\n=> Ông Sims cần một phương tiện đi lại đáng tin cậy hơn để di chuyển từ nhà ở ngoại ô đến văn phòng ở trung tâm thành phố.',128,'(A) expressive','(B) reliable','(C) partial','(D) extreme','Mr. Sims needs a more _____ vehicle for commuting from his suburban home to his office downtown.',NULL,2,NULL),(141,'B','\"Experience\": (quá trình có được) kiến ​​thức hoặc kỹ năng từ việc làm, nhìn thấy hoặc cảm nhận mọi thứ\r\n\"Growth\": sự gia tăng về quy mô hoặc tầm quan trọng của một cái gì đó\r\n\"Formula\": công thức/ cách thức chuẩn chỉnh để làm hoặc tạo ra cái gì đó\r\n\"Incentive\": (động cơ) cái gì đó khuyến khích một người làm điều gì đó\r\nTrong ngữ cảnh câu phản ánh sự gia tăng doanh số kinh doanh, từ \"growth\" có nghĩa phù hợp nhất\r\n=> Nhà thầu đã tăng trưởng doanh thu mười lăm phần trăm sau khi quảng cáo trên tờ báo địa phương.',129,'(A) experience','(B) growth','(C) formula','(D) incentive','The contractor had a fifteen-percent _____ in his business after advertising in the local newspaper.',NULL,2,NULL),(142,'D','Vị trí còn thiếu đứng sau một tính từ, chúng ta cần thêm một danh từ.\r\n=> Cửa hàng thời trang cao cấp Jane’s Closet nổi tiếng với việc bán các phụ kiện thời trang nhất dành cho giới trẻ chuyên nghiệp.',130,'(A) accessorized','(B) accessorize','(C) accessorizes','(D) accessories','The upscale boutique Jane’s Closet is known for selling the most stylish _____ for young professionals.',NULL,2,NULL),(143,'A','notify: thông báo chính thức cho ai đó về điều gì đó\r\nagree: có cùng ý kiến\r\ngenerate: gây ra sự tồn tại của một cái gì đó\r\nperform: thực hiện một hành động hoặc một công việc\r\n=> \"notify\" là hợp lý nhất\r\n=> Nhân viên thư viện đã dán biển báo để thông báo cho người dùng về thời gian đóng cửa sắp tới để cải tạo.',101,'(A) notify','(B) agree','(C) generate','(D) perform','The library staff posted signs to _____ patrons of the upcoming closure for renovations.',NULL,3,NULL),(144,'C','Cấu trúc: mạo từ/ tính từ sở hữu + cụm danh từ\r\n\"His\" là một tính từ sở hữu\r\n=> Nghệ sĩ đã gửi những tác phẩm đẹp nhất của mình đến phòng tranh để được chủ sở hữu đánh giá',102,'(A) him','(B) himself','(C) his','(D) he','The artist sent _____ best pieces to the gallery to be reviewed by the owner',NULL,3,NULL),(145,'A','\"will employ\" phản ánh hành động tuyển dụng trong tương lai.\r\n=> Cô Morgan đã tuyển dụng những cá nhân mà công ty sẽ tuyển dụng trong ba tháng tới.',103,'(A) will employ','(B) to employ','(C) has been employed','(D) employ','Ms. Morgan recruited the individuals that the company _____ for the next three months.',NULL,3,NULL),(146,'A','Sau ngoại động từ \"give\", chúng ta cần một tân ngữ đóng vai trò là danh từ => \"Treatment\" là đáp án đúng nhất\r\n=> Phòng khám miễn phí này được một nhóm bác sĩ thành lập để điều trị nhiều tình trạng bệnh lý khác nhau.',104,'(A) treatment','(B) treat','(C) treated','(D) treating','The free clinic was founded by a group of doctors to give_____for various medical conditions.',NULL,3,NULL),(147,'D','Cấu trúc: Avoid + V-ing + N\r\n=> \"obstructing\" là đáp án đúng\r\n=> Để đảm bảo an toàn tối ưu trên đường, tránh che khuất tầm nhìn của cửa sổ sau và gương chiếu hậu.',105,'(A) obstructs','(B) obstructed','(C) obstruction','(D) obstructing','For optimal safety on the road, avoid _____ the view of the rear window and side-view mirrors.',NULL,3,NULL),(148,'B','\"In addition to\": cũng như\r\n\"The fact that\": được sử dụng khi nói về một tình huống và nói rằng nó là đúng\r\n\"As long as\": miễn là\r\n\"In keeping with\": trong sự hài hòa hoặc phù hợp với\r\n=> \"The fact that\" có ý nghĩa phù hợp nhất.\r\n=> Thực tế là doanh số bán đồ ăn vặt liên tục giảm cho thấy người tiêu dùng đang ngày càng có ý thức hơn về sức khỏe.',106,'(A) In addition to','(B) The fact that','(C) As long as','(D) In keeping with','_____ sales of junk food have been steadily declining indicates that consumers are becoming more health-conscious.',NULL,3,NULL),(149,'C','Vị trí còn thiếu nằm trong mệnh đề quan hệ, chúng ta cần một đại từ quan hệ để bổ nghĩa cho chủ ngữ, ông Ross.\r\n=> Ông Ross, người đang sơn lại nội thất của sảnh đợi, được một người bạn của quản lý tòa nhà giới thiệu.',107,'(A) himself','(B) he','(C) who','(D) which','Mr. Ross, _____is repainting the interior of the lobby, was recommended by a friend of the building manager.',NULL,3,NULL),(150,'A','Chỗ trống đứng sau \"to be\" và trước một động từ quá khứ phân từ, nên thiếu một trạng từ\"\r\n=> \"mechanically\" là đáp án đúng\r\n=> Hệ thống phun nước tưới cỏ được điều khiển bằng cơ học.',108,'(A) mechanically','(B) mechanic','(C) mechanism','(D) mechanical','The sprinklers for the lawn’s irrigation system are _____controlled.',NULL,3,NULL),(151,'C','\"rarely\": hiếm khi\r\n\"tiredly\": mệt mỏi\r\n\"openly\": công khai, thẳng thắn\r\n\"highly\": rất, ở mức độ lớn hoặc ở mức độ cao\r\n=> \"openly\" có ý nghĩa phù hợp nhất\r\n=> Chúng tôi muốn thảo luận vấn đề này một cách trung thực và cởi mở tại cuộc họp nhân viên tiếp theo.',109,'(A) rarely','(B) tiredly','(C) openly','(D) highly','We would like to discuss this problem honestly and _____ at the next staff meeting.',NULL,3,NULL),(152,'C','cooperative: sẵn lòng giúp đỡ hoặc làm những gì người khác yêu cầu\r\nvisible: có thể nhìn thấy\r\nessential: cần thiết                                                                                                                                                                                                                                              alternative: có thể thay thế được\r\n=> \"essential\" có nghĩa hợp lý nhất\r\n=> Việc thông gió thích hợp trong toàn bộ tòa nhà là điều cần thiết để bảo vệ sức khỏe và tinh thần của người lao động.',110,'(A) cooperative','(B) visible','(C) essential','(D) alternative','Having proper ventilation throughout the building is _____ for protecting the health and well-being of the workers.',NULL,3,NULL),(153,'A','\"Now that\" + mệnh đề = \"Because\" + mệnh đề: do, vì\r\n=> Chọn A\r\n=> Vì lớp cách nhiệt đã được thay thế, tòa nhà tiết kiệm năng lượng hơn nhiều.',111,'(A) Now','(B) For','(C) As','(D) Though','_____ that the insulation has been replaced, the building is much more energy-efficient.',NULL,3,NULL),(154,'C','courteously: một cách lịch sự và thể hiện sự tôn trọng\r\ninitially: ban đầu, thuở đầu\r\nperiodically: một cách lặp lại sau một khoảng thời gian nhất định\r\nphysically: một cách liên quan đến cơ thể hoặc ngoại hình của ai đó\r\n=> \"periodically\" có ý nghĩa phù hợp nhất\r\n=> Các hướng dẫn cho ấn phẩm hàng tháng được sửa đổi định kỳ để phù hợp với sự thay đổi của độc giả.',112,'(A) courteously','(B) initially','(C) periodically','(D) physically','The guidelines for the monthly publication are _____revised to adapt to the changing readers.',NULL,3,NULL),(155,'C','Then: ở thời điểm đó (trong quá khứ hoặc trong tương lai)\r\nSo that: để làm cho điều gì đó xảy ra, làm cho điều gì đó trở thành khả thi\r\nBefore: vào hoặc trong một khoảng thời gian sớm hơn so với (điều được đề cập)\r\nWhereas: Trong khi : so sánh với việc khác; nhưng\r\n=> \"Before\" có ý nghĩa phù hợp nhất.\r\n=> Trước khi ông Williams phát biểu trước khán giả, ông đã trình chiếu một đoạn video ngắn về động cơ mà ông đã thiết kế.',113,'(A) Then','(B) So that','(C) Before','(D) Whereas','_____Mr. Williams addressed the audience, he showed a brief video about the engine he had designed.',NULL,3,NULL),(156,'D','Giới từ \"At\" được dùng khi đề cập đến địa chỉ chính xác, cụ thể \r\n\"533 Bates Road\" là một địa điểm cụ thể\r\n=> Những người tham gia tour đi bộ nên tập trung tại 533 Bates Road vào sáng thứ Bảy.',114,'(A) with','(B) at','(C) like','(B) at','Participants in the walking tour should gather_____ 533 Bates Road on Saturday morning.',NULL,3,NULL),(157,'B','Chỗ trống đứng trước động từ nên thiếu trạng từ.\r\nstrategy, strategies (n): chiến lược\r\nstrategically (adv): một cách chiến lược\r\nstrategic (adj): chiến lược\r\n=> Công ty đã hạ giá một cách chiến lược để bán chạy hơn đối thủ cạnh tranh và thu hút thêm nhiều khách hàng.',115,'(A) strategy','(B) strategically','(C) strategies','(D) strategic','The company _____ lowered its prices to outsell its competitors and attract more customers.',NULL,3,NULL),(158,'C','Sau \"tobe\", chúng ta sử dụng tính từ.\r\nTa có cấu trúc: It is necessary (+ for sb) + to do sth: Cần thiết làm gì?\r\nvì vậy \"necessary\" là câu trả lời đúng.\r\nnecessitate (v): to make something necessary\r\nnecessarily (adv): tất yếu, nhất thiết\r\nnecessary (adj): cần thiết\r\nnecessity (n): sự cần thiết\r\n=> Vào mùa cao điểm, cần phải thuê thêm nhân công cho ca làm việc vào cuối tuần.',116,'(A) necessitate','(B) necessarily','(C) necessary','(D) necessity','During the peak season, it is _____ to hire additional workers for the weekend shifts.',NULL,3,NULL),(159,'D','Cấu trúc \"be relevant to\" - có liên quan đến những gì đang xảy ra hoặc đang được thảo luận\r\n=> Chọn đáp án D\r\n=> Các số liệu đi kèm báo cáo tài chính phải có liên quan đến hạng mục chi tiêu.',117,'(A) relevance','(B) relevantly','(C) more relevantly','(D) relevant','The figures that accompany the financial statement should be _____ to the spending category.',NULL,3,NULL),(160,'A','Anyone: bất kỳ người nào\r\nWhenever: mỗi khi hoặc bất kỳ lúc nào\r\nOther: cái khác, người khác\r\nFewer: một số hoặc một số ít của điều gì đó\r\n=> \"Anyone\" có ý nghĩa phù hợp nhất\r\n=> Bất kỳ ai tìm kiếm vị trí tại Tulare Designs phải nộp danh mục các công trình đã thực hiện.',118,'(A) Anyone','(B) Whenever','(C) Other','(D) Fewer','_____ seeking a position at Tulare Designs must submit a portfolio of previous work.',NULL,3,NULL),(161,'A','+ mệnh đề: mặc dù => nghĩa phù hợp với câu\r\n(B) Even if + MĐ: dùng để nói rằng dù việc gì đó có đúng hay không thì kết quả cũng như nhau\r\n(C) Whether + MĐ: nếu, hay không\r\n(D) Given that + MĐ: Vì, bởi vì\r\n=> Mặc dù bị thương ở mắt cá chân, cầu thủ bóng chày vẫn tham gia trận đấu cuối cùng của mùa giải.',119,'(A) In spite of','(B) Even if','(C) Whether','(D) Given that','_____ an ankle injury, the baseball player participated in the last game of the season.',NULL,3,NULL),(162,'C','Chúng ta có cấu trúc \"danh từ của danh từ\". Chỗ trống đứng sau một tính từ và trước \"of\" nên thiếu một danh từ.\r\n=> Chọn C\r\n=> Công ty bắt đầu nhận ra tầm quan trọng ngày càng tăng của việc sử dụng tài nguyên một cách có trách nhiệm.',120,'(A) more important','(B) importantly','(C) importance','(D) important','The company started to recognize the increasing _____ of using resources responsibly.',NULL,3,NULL),(163,'A','\"soon\": sớm, nhanh chóng\r\n\"very\": rất \r\n\"that\": được sử dụng để chỉ đến một người, vật, ý tưởng, vv. mà được tách ra khỏi người nói bởi không gian hoặc thời gian\r\n\"still\": vẫn tiếp tục\r\n=>\"soon\" có ý nghĩa phù hợp nhất.\r\n=> Người quản lý cửa hàng có kế hoạch trưng bày sản phẩm mới sớm để quảng bá cho dòng thời trang thu.',121,'(A) soon','(B) very','(C) that','(D) still','The store’s manager plans to put the new merchandise on display _____ to promote the line of fall fashions.',NULL,3,NULL),(164,'D','proceed: tiếp tục theo kế hoạch\r\nperspective: một cách cụ thể để xem xét một cái gì đó\r\ninstallment: một khoản tiền đến hạn như một trong nhiều khoản thanh toán bằng nhau cho một thứ gì đó, trải đều trong một khoảng thời gian đã thỏa thuận\r\nstage: một phần của hoạt động hoặc một giai đoạn phát triển\r\n=> “stage” có ý nghĩa phù hợp nhất\r\n=> Giai đoạn rủi ro nhất trong quá trình phát triển thuốc mới là thử nghiệm trên người.',122,'(A) proceeds','(B) perspectives','(C) installments','(D) stages','The riskiest _____ of the development of new medications are the trials with human subjects.',NULL,3,NULL),(165,'C','quote: giá mà một người hoặc công ty nói họ sẽ tính để thực hiện một công việc\r\ngraduation: sự hoàn thành một bằng cấp hoặc khóa học khác tại một trường đại học hoặc\r\nrequest: hành động yêu cầu một cách lịch sự hoặc chính thức điều gì\r\ndispute: một cuộc tranh luận hoặc một sự bất đồng, đặc biệt là một cuộc tranh luận chính thức, ví dụ, người lao động và nhà tuyển dụng hoặc hai quốc gia có biên giới\r\n=> \"request\" có ý nghĩa phù hợp nhất\r\n=> Theo yêu cầu của khách, chúng tôi đã mang thêm một bộ khăn tắm và xà phòng miễn phí vào phòng.',123,'(A) quote','(B) graduation','(C) request','(D) dispute','At the guest’s _____ , an extra set of towels and complimentary soaps were brought to the room.',NULL,3,NULL),(166,'B','\"yet\": vẫn còn; cho đến thời điểm hiện tại\r\n\"just\": gần đây; mới đây\r\n\"few\": một số ít; hoặc một số lượng nhỏ của cái gì đó\r\n\"still\": vẫn tiếp tục xảy ra hoặc tiếp tục được thực hiện\r\n=> \"just\" có ý nghĩa phù hợp nhất\r\n=> Chủ sở hữu tòa nhà mới mua bất động sản này cách đây ba tháng, nhưng bà đã chi rất nhiều tiền để cải tạo.',124,'(A) yet','(B) just','(C) few','(D) still','The building owner purchased the property _____ three months ago, but she has already spent a great deal of money on renovations.',NULL,3,NULL),(167,'B','\"Fix\" có nghĩa là sửa chữa hoặc sắp xếp lại cái gì đó để nó hoạt động tốt hơn\r\n\"Write\" mang nghĩa viết/ điền thông tin vào tài liệu\r\n\"Send\" là động từ chỉ hành động gửi đi cái gì đó\r\n\"Direct\" có nghĩa là hướng dẫn hoặc chỉ dẫn ai đó làm gì đó\r\nTrong ngữ cảnh \"điền thông tin vào mẫu đơn\", từ \"write\" là lựa chọn đúng nhất \r\n=> Khi điền vào đơn đặt hàng, vui lòng viết rõ địa chỉ của bạn để tránh sự chậm trễ.',125,'(A) fix','(B) write','(C) send','(D) direct','When filling out the order form, please _____ your address clearly to prevent delays.',NULL,3,NULL),(168,'A','After: theo sau trong thời gian, không gian hoặc thứ tự\r\nUntil: cho đến (thời gian đó)\r\nBelow: ở vị trí thấp hơn (so với), dưới\r\nLike: tương tự như; theo cách hoặc phương pháp giống nhau như\r\n=> \"After\" có ý nghĩa phù hợp nhất\r\n=> Sau khi tái cấu trúc một số phòng ban trong công ty, phần lớn các vấn đề về giao tiếp sai đã biến mất.',126,'(A) After','(B) Until','(C) Below','(D) Like','_____ restructuring several departments within the company, the majority of the problems with miscommunication have disappeared.',NULL,3,NULL),(169,'A','Chỗ trống đứng trước một danh từ nên thiếu một tính từ hoặc danh từ\r\n\"Legal\" là một tính từ\r\n=> Bộ phận chính phủ trước đây cung cấp hỗ trợ tài chính, nhưng hiện nay chỉ cung cấp dịch vụ pháp lý.',127,'(A) legal','(B) legalize','(C) legally','(D) legalizes','The governmental department used to provide financial aid, but now it offers _____ services only.',NULL,3,NULL),(170,'B','expressive: biểu cảm\r\nreliable: đáng tin cậy\r\npartial: một phần\r\nextreme: Cực đoan\r\n=> \"reliable\" có nghĩa phù hợp nhất\r\n=> Ông Sims cần một phương tiện đi lại đáng tin cậy hơn để di chuyển từ nhà ở ngoại ô đến văn phòng ở trung tâm thành phố.',128,'(A) expressive','(B) reliable','(C) partial','(D) extreme','Mr. Sims needs a more _____ vehicle for commuting from his suburban home to his office downtown.',NULL,3,NULL),(171,'B','\"Experience\": (quá trình có được) kiến ​​thức hoặc kỹ năng từ việc làm, nhìn thấy hoặc cảm nhận mọi thứ\r\n\"Growth\": sự gia tăng về quy mô hoặc tầm quan trọng của một cái gì đó\r\n\"Formula\": công thức/ cách thức chuẩn chỉnh để làm hoặc tạo ra cái gì đó\r\n\"Incentive\": (động cơ) cái gì đó khuyến khích một người làm điều gì đó\r\nTrong ngữ cảnh câu phản ánh sự gia tăng doanh số kinh doanh, từ \"growth\" có nghĩa phù hợp nhất\r\n=> Nhà thầu đã tăng trưởng doanh thu mười lăm phần trăm sau khi quảng cáo trên tờ báo địa phương.',129,'(A) experience','(B) growth','(C) formula','(D) incentive','The contractor had a fifteen-percent _____ in his business after advertising in the local newspaper.',NULL,3,NULL),(172,'D','Vị trí còn thiếu đứng sau một tính từ, chúng ta cần thêm một danh từ.\r\n=> Cửa hàng thời trang cao cấp Jane’s Closet nổi tiếng với việc bán các phụ kiện thời trang nhất dành cho giới trẻ chuyên nghiệp.',130,'(A) accessorized','(B) accessorize','(C) accessorizes','(D) accessories','The upscale boutique Jane’s Closet is known for selling the most stylish _____ for young professionals.',NULL,3,NULL),(173,'A','notify: thông báo chính thức cho ai đó về điều gì đó\r\nagree: có cùng ý kiến\r\ngenerate: gây ra sự tồn tại của một cái gì đó\r\nperform: thực hiện một hành động hoặc một công việc\r\n=> \"notify\" là hợp lý nhất\r\n=> Nhân viên thư viện đã dán biển báo để thông báo cho người dùng về thời gian đóng cửa sắp tới để cải tạo.',101,'(A) notify','(B) agree','(C) generate','(D) perform','The library staff posted signs to _____ patrons of the upcoming closure for renovations.',NULL,4,NULL),(174,'C','Cấu trúc: mạo từ/ tính từ sở hữu + cụm danh từ\r\n\"His\" là một tính từ sở hữu\r\n=> Nghệ sĩ đã gửi những tác phẩm đẹp nhất của mình đến phòng tranh để được chủ sở hữu đánh giá',102,'(A) him','(B) himself','(C) his','(D) he','The artist sent _____ best pieces to the gallery to be reviewed by the owner',NULL,4,NULL),(175,'A','\"will employ\" phản ánh hành động tuyển dụng trong tương lai.\r\n=> Cô Morgan đã tuyển dụng những cá nhân mà công ty sẽ tuyển dụng trong ba tháng tới.',103,'(A) will employ','(B) to employ','(C) has been employed','(D) employ','Ms. Morgan recruited the individuals that the company _____ for the next three months.',NULL,4,NULL),(176,'A','Sau ngoại động từ \"give\", chúng ta cần một tân ngữ đóng vai trò là danh từ => \"Treatment\" là đáp án đúng nhất\r\n=> Phòng khám miễn phí này được một nhóm bác sĩ thành lập để điều trị nhiều tình trạng bệnh lý khác nhau.',104,'(A) treatment','(B) treat','(C) treated','(D) treating','The free clinic was founded by a group of doctors to give_____for various medical conditions.',NULL,4,NULL),(177,'D','Cấu trúc: Avoid + V-ing + N\r\n=> \"obstructing\" là đáp án đúng\r\n=> Để đảm bảo an toàn tối ưu trên đường, tránh che khuất tầm nhìn của cửa sổ sau và gương chiếu hậu.',105,'(A) obstructs','(B) obstructed','(C) obstruction','(D) obstructing','For optimal safety on the road, avoid _____ the view of the rear window and side-view mirrors.',NULL,4,NULL),(178,'B','\"In addition to\": cũng như\r\n\"The fact that\": được sử dụng khi nói về một tình huống và nói rằng nó là đúng\r\n\"As long as\": miễn là\r\n\"In keeping with\": trong sự hài hòa hoặc phù hợp với\r\n=> \"The fact that\" có ý nghĩa phù hợp nhất.\r\n=> Thực tế là doanh số bán đồ ăn vặt liên tục giảm cho thấy người tiêu dùng đang ngày càng có ý thức hơn về sức khỏe.',106,'(A) In addition to','(B) The fact that','(C) As long as','(D) In keeping with','_____ sales of junk food have been steadily declining indicates that consumers are becoming more health-conscious.',NULL,4,NULL),(179,'C','Vị trí còn thiếu nằm trong mệnh đề quan hệ, chúng ta cần một đại từ quan hệ để bổ nghĩa cho chủ ngữ, ông Ross.\r\n=> Ông Ross, người đang sơn lại nội thất của sảnh đợi, được một người bạn của quản lý tòa nhà giới thiệu.',107,'(A) himself','(B) he','(C) who','(D) which','Mr. Ross, _____is repainting the interior of the lobby, was recommended by a friend of the building manager.',NULL,4,NULL),(180,'A','Chỗ trống đứng sau \"to be\" và trước một động từ quá khứ phân từ, nên thiếu một trạng từ\"\r\n=> \"mechanically\" là đáp án đúng\r\n=> Hệ thống phun nước tưới cỏ được điều khiển bằng cơ học.',108,'(A) mechanically','(B) mechanic','(C) mechanism','(D) mechanical','The sprinklers for the lawn’s irrigation system are _____controlled.',NULL,4,NULL),(181,'C','\"rarely\": hiếm khi\r\n\"tiredly\": mệt mỏi\r\n\"openly\": công khai, thẳng thắn\r\n\"highly\": rất, ở mức độ lớn hoặc ở mức độ cao\r\n=> \"openly\" có ý nghĩa phù hợp nhất\r\n=> Chúng tôi muốn thảo luận vấn đề này một cách trung thực và cởi mở tại cuộc họp nhân viên tiếp theo.',109,'(A) rarely','(B) tiredly','(C) openly','(D) highly','We would like to discuss this problem honestly and _____ at the next staff meeting.',NULL,4,NULL),(182,'C','cooperative: sẵn lòng giúp đỡ hoặc làm những gì người khác yêu cầu\r\nvisible: có thể nhìn thấy\r\nessential: cần thiết                                                                                                                                                                                                                                              alternative: có thể thay thế được\r\n=> \"essential\" có nghĩa hợp lý nhất\r\n=> Việc thông gió thích hợp trong toàn bộ tòa nhà là điều cần thiết để bảo vệ sức khỏe và tinh thần của người lao động.',110,'(A) cooperative','(B) visible','(C) essential','(D) alternative','Having proper ventilation throughout the building is _____ for protecting the health and well-being of the workers.',NULL,4,NULL),(183,'A','\"Now that\" + mệnh đề = \"Because\" + mệnh đề: do, vì\r\n=> Chọn A\r\n=> Vì lớp cách nhiệt đã được thay thế, tòa nhà tiết kiệm năng lượng hơn nhiều.',111,'(A) Now','(B) For','(C) As','(D) Though','_____ that the insulation has been replaced, the building is much more energy-efficient.',NULL,4,NULL),(184,'C','courteously: một cách lịch sự và thể hiện sự tôn trọng\r\ninitially: ban đầu, thuở đầu\r\nperiodically: một cách lặp lại sau một khoảng thời gian nhất định\r\nphysically: một cách liên quan đến cơ thể hoặc ngoại hình của ai đó\r\n=> \"periodically\" có ý nghĩa phù hợp nhất\r\n=> Các hướng dẫn cho ấn phẩm hàng tháng được sửa đổi định kỳ để phù hợp với sự thay đổi của độc giả.',112,'(A) courteously','(B) initially','(C) periodically','(D) physically','The guidelines for the monthly publication are _____revised to adapt to the changing readers.',NULL,4,NULL),(185,'C','Then: ở thời điểm đó (trong quá khứ hoặc trong tương lai)\r\nSo that: để làm cho điều gì đó xảy ra, làm cho điều gì đó trở thành khả thi\r\nBefore: vào hoặc trong một khoảng thời gian sớm hơn so với (điều được đề cập)\r\nWhereas: Trong khi : so sánh với việc khác; nhưng\r\n=> \"Before\" có ý nghĩa phù hợp nhất.\r\n=> Trước khi ông Williams phát biểu trước khán giả, ông đã trình chiếu một đoạn video ngắn về động cơ mà ông đã thiết kế.',113,'(A) Then','(B) So that','(C) Before','(D) Whereas','_____Mr. Williams addressed the audience, he showed a brief video about the engine he had designed.',NULL,4,NULL),(186,'D','Giới từ \"At\" được dùng khi đề cập đến địa chỉ chính xác, cụ thể \r\n\"533 Bates Road\" là một địa điểm cụ thể\r\n=> Những người tham gia tour đi bộ nên tập trung tại 533 Bates Road vào sáng thứ Bảy.',114,'(A) with','(B) at','(C) like','(B) at','Participants in the walking tour should gather_____ 533 Bates Road on Saturday morning.',NULL,4,NULL),(187,'B','Chỗ trống đứng trước động từ nên thiếu trạng từ.\r\nstrategy, strategies (n): chiến lược\r\nstrategically (adv): một cách chiến lược\r\nstrategic (adj): chiến lược\r\n=> Công ty đã hạ giá một cách chiến lược để bán chạy hơn đối thủ cạnh tranh và thu hút thêm nhiều khách hàng.',115,'(A) strategy','(B) strategically','(C) strategies','(D) strategic','The company _____ lowered its prices to outsell its competitors and attract more customers.',NULL,4,NULL),(188,'C','Sau \"tobe\", chúng ta sử dụng tính từ.\r\nTa có cấu trúc: It is necessary (+ for sb) + to do sth: Cần thiết làm gì?\r\nvì vậy \"necessary\" là câu trả lời đúng.\r\nnecessitate (v): to make something necessary\r\nnecessarily (adv): tất yếu, nhất thiết\r\nnecessary (adj): cần thiết\r\nnecessity (n): sự cần thiết\r\n=> Vào mùa cao điểm, cần phải thuê thêm nhân công cho ca làm việc vào cuối tuần.',116,'(A) necessitate','(B) necessarily','(C) necessary','(D) necessity','During the peak season, it is _____ to hire additional workers for the weekend shifts.',NULL,4,NULL),(189,'D','Cấu trúc \"be relevant to\" - có liên quan đến những gì đang xảy ra hoặc đang được thảo luận\r\n=> Chọn đáp án D\r\n=> Các số liệu đi kèm báo cáo tài chính phải có liên quan đến hạng mục chi tiêu.',117,'(A) relevance','(B) relevantly','(C) more relevantly','(D) relevant','The figures that accompany the financial statement should be _____ to the spending category.',NULL,4,NULL),(190,'A','Anyone: bất kỳ người nào\r\nWhenever: mỗi khi hoặc bất kỳ lúc nào\r\nOther: cái khác, người khác\r\nFewer: một số hoặc một số ít của điều gì đó\r\n=> \"Anyone\" có ý nghĩa phù hợp nhất\r\n=> Bất kỳ ai tìm kiếm vị trí tại Tulare Designs phải nộp danh mục các công trình đã thực hiện.',118,'(A) Anyone','(B) Whenever','(C) Other','(D) Fewer','_____ seeking a position at Tulare Designs must submit a portfolio of previous work.',NULL,4,NULL),(191,'A','+ mệnh đề: mặc dù => nghĩa phù hợp với câu\r\n(B) Even if + MĐ: dùng để nói rằng dù việc gì đó có đúng hay không thì kết quả cũng như nhau\r\n(C) Whether + MĐ: nếu, hay không\r\n(D) Given that + MĐ: Vì, bởi vì\r\n=> Mặc dù bị thương ở mắt cá chân, cầu thủ bóng chày vẫn tham gia trận đấu cuối cùng của mùa giải.',119,'(A) In spite of','(B) Even if','(C) Whether','(D) Given that','_____ an ankle injury, the baseball player participated in the last game of the season.',NULL,4,NULL),(192,'C','Chúng ta có cấu trúc \"danh từ của danh từ\". Chỗ trống đứng sau một tính từ và trước \"of\" nên thiếu một danh từ.\r\n=> Chọn C\r\n=> Công ty bắt đầu nhận ra tầm quan trọng ngày càng tăng của việc sử dụng tài nguyên một cách có trách nhiệm.',120,'(A) more important','(B) importantly','(C) importance','(D) important','The company started to recognize the increasing _____ of using resources responsibly.',NULL,4,NULL),(193,'A','\"soon\": sớm, nhanh chóng\r\n\"very\": rất \r\n\"that\": được sử dụng để chỉ đến một người, vật, ý tưởng, vv. mà được tách ra khỏi người nói bởi không gian hoặc thời gian\r\n\"still\": vẫn tiếp tục\r\n=>\"soon\" có ý nghĩa phù hợp nhất.\r\n=> Người quản lý cửa hàng có kế hoạch trưng bày sản phẩm mới sớm để quảng bá cho dòng thời trang thu.',121,'(A) soon','(B) very','(C) that','(D) still','The store’s manager plans to put the new merchandise on display _____ to promote the line of fall fashions.',NULL,4,NULL),(194,'D','proceed: tiếp tục theo kế hoạch\r\nperspective: một cách cụ thể để xem xét một cái gì đó\r\ninstallment: một khoản tiền đến hạn như một trong nhiều khoản thanh toán bằng nhau cho một thứ gì đó, trải đều trong một khoảng thời gian đã thỏa thuận\r\nstage: một phần của hoạt động hoặc một giai đoạn phát triển\r\n=> “stage” có ý nghĩa phù hợp nhất\r\n=> Giai đoạn rủi ro nhất trong quá trình phát triển thuốc mới là thử nghiệm trên người.',122,'(A) proceeds','(B) perspectives','(C) installments','(D) stages','The riskiest _____ of the development of new medications are the trials with human subjects.',NULL,4,NULL),(195,'C','quote: giá mà một người hoặc công ty nói họ sẽ tính để thực hiện một công việc\r\ngraduation: sự hoàn thành một bằng cấp hoặc khóa học khác tại một trường đại học hoặc\r\nrequest: hành động yêu cầu một cách lịch sự hoặc chính thức điều gì\r\ndispute: một cuộc tranh luận hoặc một sự bất đồng, đặc biệt là một cuộc tranh luận chính thức, ví dụ, người lao động và nhà tuyển dụng hoặc hai quốc gia có biên giới\r\n=> \"request\" có ý nghĩa phù hợp nhất\r\n=> Theo yêu cầu của khách, chúng tôi đã mang thêm một bộ khăn tắm và xà phòng miễn phí vào phòng.',123,'(A) quote','(B) graduation','(C) request','(D) dispute','At the guest’s _____ , an extra set of towels and complimentary soaps were brought to the room.',NULL,4,NULL),(196,'B','\"yet\": vẫn còn; cho đến thời điểm hiện tại\r\n\"just\": gần đây; mới đây\r\n\"few\": một số ít; hoặc một số lượng nhỏ của cái gì đó\r\n\"still\": vẫn tiếp tục xảy ra hoặc tiếp tục được thực hiện\r\n=> \"just\" có ý nghĩa phù hợp nhất\r\n=> Chủ sở hữu tòa nhà mới mua bất động sản này cách đây ba tháng, nhưng bà đã chi rất nhiều tiền để cải tạo.',124,'(A) yet','(B) just','(C) few','(D) still','The building owner purchased the property _____ three months ago, but she has already spent a great deal of money on renovations.',NULL,4,NULL),(197,'B','\"Fix\" có nghĩa là sửa chữa hoặc sắp xếp lại cái gì đó để nó hoạt động tốt hơn\r\n\"Write\" mang nghĩa viết/ điền thông tin vào tài liệu\r\n\"Send\" là động từ chỉ hành động gửi đi cái gì đó\r\n\"Direct\" có nghĩa là hướng dẫn hoặc chỉ dẫn ai đó làm gì đó\r\nTrong ngữ cảnh \"điền thông tin vào mẫu đơn\", từ \"write\" là lựa chọn đúng nhất \r\n=> Khi điền vào đơn đặt hàng, vui lòng viết rõ địa chỉ của bạn để tránh sự chậm trễ.',125,'(A) fix','(B) write','(C) send','(D) direct','When filling out the order form, please _____ your address clearly to prevent delays.',NULL,4,NULL),(198,'A','After: theo sau trong thời gian, không gian hoặc thứ tự\r\nUntil: cho đến (thời gian đó)\r\nBelow: ở vị trí thấp hơn (so với), dưới\r\nLike: tương tự như; theo cách hoặc phương pháp giống nhau như\r\n=> \"After\" có ý nghĩa phù hợp nhất\r\n=> Sau khi tái cấu trúc một số phòng ban trong công ty, phần lớn các vấn đề về giao tiếp sai đã biến mất.',126,'(A) After','(B) Until','(C) Below','(D) Like','_____ restructuring several departments within the company, the majority of the problems with miscommunication have disappeared.',NULL,4,NULL),(199,'A','Chỗ trống đứng trước một danh từ nên thiếu một tính từ hoặc danh từ\r\n\"Legal\" là một tính từ\r\n=> Bộ phận chính phủ trước đây cung cấp hỗ trợ tài chính, nhưng hiện nay chỉ cung cấp dịch vụ pháp lý.',127,'(A) legal','(B) legalize','(C) legally','(D) legalizes','The governmental department used to provide financial aid, but now it offers _____ services only.',NULL,4,NULL),(200,'B','expressive: biểu cảm\r\nreliable: đáng tin cậy\r\npartial: một phần\r\nextreme: Cực đoan\r\n=> \"reliable\" có nghĩa phù hợp nhất\r\n=> Ông Sims cần một phương tiện đi lại đáng tin cậy hơn để di chuyển từ nhà ở ngoại ô đến văn phòng ở trung tâm thành phố.',128,'(A) expressive','(B) reliable','(C) partial','(D) extreme','Mr. Sims needs a more _____ vehicle for commuting from his suburban home to his office downtown.',NULL,4,NULL),(201,'B','\"Experience\": (quá trình có được) kiến ​​thức hoặc kỹ năng từ việc làm, nhìn thấy hoặc cảm nhận mọi thứ\r\n\"Growth\": sự gia tăng về quy mô hoặc tầm quan trọng của một cái gì đó\r\n\"Formula\": công thức/ cách thức chuẩn chỉnh để làm hoặc tạo ra cái gì đó\r\n\"Incentive\": (động cơ) cái gì đó khuyến khích một người làm điều gì đó\r\nTrong ngữ cảnh câu phản ánh sự gia tăng doanh số kinh doanh, từ \"growth\" có nghĩa phù hợp nhất\r\n=> Nhà thầu đã tăng trưởng doanh thu mười lăm phần trăm sau khi quảng cáo trên tờ báo địa phương.',129,'(A) experience','(B) growth','(C) formula','(D) incentive','The contractor had a fifteen-percent _____ in his business after advertising in the local newspaper.',NULL,4,NULL),(202,'D','Vị trí còn thiếu đứng sau một tính từ, chúng ta cần thêm một danh từ.\r\n=> Cửa hàng thời trang cao cấp Jane’s Closet nổi tiếng với việc bán các phụ kiện thời trang nhất dành cho giới trẻ chuyên nghiệp.',130,'(A) accessorized','(B) accessorize','(C) accessorizes','(D) accessories','The upscale boutique Jane’s Closet is known for selling the most stylish _____ for young professionals.',NULL,4,NULL),(203,'A','notify: thông báo chính thức cho ai đó về điều gì đó\r\nagree: có cùng ý kiến\r\ngenerate: gây ra sự tồn tại của một cái gì đó\r\nperform: thực hiện một hành động hoặc một công việc\r\n=> \"notify\" là hợp lý nhất\r\n=> Nhân viên thư viện đã dán biển báo để thông báo cho người dùng về thời gian đóng cửa sắp tới để cải tạo.',101,'(A) notify','(B) agree','(C) generate','(D) perform','The library staff posted signs to _____ patrons of the upcoming closure for renovations.',NULL,5,NULL),(204,'C','Cấu trúc: mạo từ/ tính từ sở hữu + cụm danh từ\r\n\"His\" là một tính từ sở hữu\r\n=> Nghệ sĩ đã gửi những tác phẩm đẹp nhất của mình đến phòng tranh để được chủ sở hữu đánh giá',102,'(A) him','(B) himself','(C) his','(D) he','The artist sent _____ best pieces to the gallery to be reviewed by the owner',NULL,5,NULL),(205,'A','\"will employ\" phản ánh hành động tuyển dụng trong tương lai.\r\n=> Cô Morgan đã tuyển dụng những cá nhân mà công ty sẽ tuyển dụng trong ba tháng tới.',103,'(A) will employ','(B) to employ','(C) has been employed','(D) employ','Ms. Morgan recruited the individuals that the company _____ for the next three months.',NULL,5,NULL),(206,'A','Sau ngoại động từ \"give\", chúng ta cần một tân ngữ đóng vai trò là danh từ => \"Treatment\" là đáp án đúng nhất\r\n=> Phòng khám miễn phí này được một nhóm bác sĩ thành lập để điều trị nhiều tình trạng bệnh lý khác nhau.',104,'(A) treatment','(B) treat','(C) treated','(D) treating','The free clinic was founded by a group of doctors to give_____for various medical conditions.',NULL,5,NULL),(207,'D','Cấu trúc: Avoid + V-ing + N\r\n=> \"obstructing\" là đáp án đúng\r\n=> Để đảm bảo an toàn tối ưu trên đường, tránh che khuất tầm nhìn của cửa sổ sau và gương chiếu hậu.',105,'(A) obstructs','(B) obstructed','(C) obstruction','(D) obstructing','For optimal safety on the road, avoid _____ the view of the rear window and side-view mirrors.',NULL,5,NULL),(208,'B','\"In addition to\": cũng như\r\n\"The fact that\": được sử dụng khi nói về một tình huống và nói rằng nó là đúng\r\n\"As long as\": miễn là\r\n\"In keeping with\": trong sự hài hòa hoặc phù hợp với\r\n=> \"The fact that\" có ý nghĩa phù hợp nhất.\r\n=> Thực tế là doanh số bán đồ ăn vặt liên tục giảm cho thấy người tiêu dùng đang ngày càng có ý thức hơn về sức khỏe.',106,'(A) In addition to','(B) The fact that','(C) As long as','(D) In keeping with','_____ sales of junk food have been steadily declining indicates that consumers are becoming more health-conscious.',NULL,5,NULL),(209,'C','Vị trí còn thiếu nằm trong mệnh đề quan hệ, chúng ta cần một đại từ quan hệ để bổ nghĩa cho chủ ngữ, ông Ross.\r\n=> Ông Ross, người đang sơn lại nội thất của sảnh đợi, được một người bạn của quản lý tòa nhà giới thiệu.',107,'(A) himself','(B) he','(C) who','(D) which','Mr. Ross, _____is repainting the interior of the lobby, was recommended by a friend of the building manager.',NULL,5,NULL),(210,'A','Chỗ trống đứng sau \"to be\" và trước một động từ quá khứ phân từ, nên thiếu một trạng từ\"\r\n=> \"mechanically\" là đáp án đúng\r\n=> Hệ thống phun nước tưới cỏ được điều khiển bằng cơ học.',108,'(A) mechanically','(B) mechanic','(C) mechanism','(D) mechanical','The sprinklers for the lawn’s irrigation system are _____controlled.',NULL,5,NULL),(211,'C','\"rarely\": hiếm khi\r\n\"tiredly\": mệt mỏi\r\n\"openly\": công khai, thẳng thắn\r\n\"highly\": rất, ở mức độ lớn hoặc ở mức độ cao\r\n=> \"openly\" có ý nghĩa phù hợp nhất\r\n=> Chúng tôi muốn thảo luận vấn đề này một cách trung thực và cởi mở tại cuộc họp nhân viên tiếp theo.',109,'(A) rarely','(B) tiredly','(C) openly','(D) highly','We would like to discuss this problem honestly and _____ at the next staff meeting.',NULL,5,NULL),(212,'C','cooperative: sẵn lòng giúp đỡ hoặc làm những gì người khác yêu cầu\r\nvisible: có thể nhìn thấy\r\nessential: cần thiết                                                                                                                                                                                                                                              alternative: có thể thay thế được\r\n=> \"essential\" có nghĩa hợp lý nhất\r\n=> Việc thông gió thích hợp trong toàn bộ tòa nhà là điều cần thiết để bảo vệ sức khỏe và tinh thần của người lao động.',110,'(A) cooperative','(B) visible','(C) essential','(D) alternative','Having proper ventilation throughout the building is _____ for protecting the health and well-being of the workers.',NULL,5,NULL),(213,'A','\"Now that\" + mệnh đề = \"Because\" + mệnh đề: do, vì\r\n=> Chọn A\r\n=> Vì lớp cách nhiệt đã được thay thế, tòa nhà tiết kiệm năng lượng hơn nhiều.',111,'(A) Now','(B) For','(C) As','(D) Though','_____ that the insulation has been replaced, the building is much more energy-efficient.',NULL,5,NULL),(214,'C','courteously: một cách lịch sự và thể hiện sự tôn trọng\r\ninitially: ban đầu, thuở đầu\r\nperiodically: một cách lặp lại sau một khoảng thời gian nhất định\r\nphysically: một cách liên quan đến cơ thể hoặc ngoại hình của ai đó\r\n=> \"periodically\" có ý nghĩa phù hợp nhất\r\n=> Các hướng dẫn cho ấn phẩm hàng tháng được sửa đổi định kỳ để phù hợp với sự thay đổi của độc giả.',112,'(A) courteously','(B) initially','(C) periodically','(D) physically','The guidelines for the monthly publication are _____revised to adapt to the changing readers.',NULL,5,NULL),(215,'C','Then: ở thời điểm đó (trong quá khứ hoặc trong tương lai)\r\nSo that: để làm cho điều gì đó xảy ra, làm cho điều gì đó trở thành khả thi\r\nBefore: vào hoặc trong một khoảng thời gian sớm hơn so với (điều được đề cập)\r\nWhereas: Trong khi : so sánh với việc khác; nhưng\r\n=> \"Before\" có ý nghĩa phù hợp nhất.\r\n=> Trước khi ông Williams phát biểu trước khán giả, ông đã trình chiếu một đoạn video ngắn về động cơ mà ông đã thiết kế.',113,'(A) Then','(B) So that','(C) Before','(D) Whereas','_____Mr. Williams addressed the audience, he showed a brief video about the engine he had designed.',NULL,5,NULL),(216,'D','Giới từ \"At\" được dùng khi đề cập đến địa chỉ chính xác, cụ thể \r\n\"533 Bates Road\" là một địa điểm cụ thể\r\n=> Những người tham gia tour đi bộ nên tập trung tại 533 Bates Road vào sáng thứ Bảy.',114,'(A) with','(B) at','(C) like','(B) at','Participants in the walking tour should gather_____ 533 Bates Road on Saturday morning.',NULL,5,NULL),(217,'B','Chỗ trống đứng trước động từ nên thiếu trạng từ.\r\nstrategy, strategies (n): chiến lược\r\nstrategically (adv): một cách chiến lược\r\nstrategic (adj): chiến lược\r\n=> Công ty đã hạ giá một cách chiến lược để bán chạy hơn đối thủ cạnh tranh và thu hút thêm nhiều khách hàng.',115,'(A) strategy','(B) strategically','(C) strategies','(D) strategic','The company _____ lowered its prices to outsell its competitors and attract more customers.',NULL,5,NULL),(218,'C','Sau \"tobe\", chúng ta sử dụng tính từ.\r\nTa có cấu trúc: It is necessary (+ for sb) + to do sth: Cần thiết làm gì?\r\nvì vậy \"necessary\" là câu trả lời đúng.\r\nnecessitate (v): to make something necessary\r\nnecessarily (adv): tất yếu, nhất thiết\r\nnecessary (adj): cần thiết\r\nnecessity (n): sự cần thiết\r\n=> Vào mùa cao điểm, cần phải thuê thêm nhân công cho ca làm việc vào cuối tuần.',116,'(A) necessitate','(B) necessarily','(C) necessary','(D) necessity','During the peak season, it is _____ to hire additional workers for the weekend shifts.',NULL,5,NULL),(219,'D','Cấu trúc \"be relevant to\" - có liên quan đến những gì đang xảy ra hoặc đang được thảo luận\r\n=> Chọn đáp án D\r\n=> Các số liệu đi kèm báo cáo tài chính phải có liên quan đến hạng mục chi tiêu.',117,'(A) relevance','(B) relevantly','(C) more relevantly','(D) relevant','The figures that accompany the financial statement should be _____ to the spending category.',NULL,5,NULL),(220,'A','Anyone: bất kỳ người nào\r\nWhenever: mỗi khi hoặc bất kỳ lúc nào\r\nOther: cái khác, người khác\r\nFewer: một số hoặc một số ít của điều gì đó\r\n=> \"Anyone\" có ý nghĩa phù hợp nhất\r\n=> Bất kỳ ai tìm kiếm vị trí tại Tulare Designs phải nộp danh mục các công trình đã thực hiện.',118,'(A) Anyone','(B) Whenever','(C) Other','(D) Fewer','_____ seeking a position at Tulare Designs must submit a portfolio of previous work.',NULL,5,NULL),(221,'A','+ mệnh đề: mặc dù => nghĩa phù hợp với câu\r\n(B) Even if + MĐ: dùng để nói rằng dù việc gì đó có đúng hay không thì kết quả cũng như nhau\r\n(C) Whether + MĐ: nếu, hay không\r\n(D) Given that + MĐ: Vì, bởi vì\r\n=> Mặc dù bị thương ở mắt cá chân, cầu thủ bóng chày vẫn tham gia trận đấu cuối cùng của mùa giải.',119,'(A) In spite of','(B) Even if','(C) Whether','(D) Given that','_____ an ankle injury, the baseball player participated in the last game of the season.',NULL,5,NULL),(222,'C','Chúng ta có cấu trúc \"danh từ của danh từ\". Chỗ trống đứng sau một tính từ và trước \"of\" nên thiếu một danh từ.\r\n=> Chọn C\r\n=> Công ty bắt đầu nhận ra tầm quan trọng ngày càng tăng của việc sử dụng tài nguyên một cách có trách nhiệm.',120,'(A) more important','(B) importantly','(C) importance','(D) important','The company started to recognize the increasing _____ of using resources responsibly.',NULL,5,NULL),(223,'A','\"soon\": sớm, nhanh chóng\r\n\"very\": rất \r\n\"that\": được sử dụng để chỉ đến một người, vật, ý tưởng, vv. mà được tách ra khỏi người nói bởi không gian hoặc thời gian\r\n\"still\": vẫn tiếp tục\r\n=>\"soon\" có ý nghĩa phù hợp nhất.\r\n=> Người quản lý cửa hàng có kế hoạch trưng bày sản phẩm mới sớm để quảng bá cho dòng thời trang thu.',121,'(A) soon','(B) very','(C) that','(D) still','The store’s manager plans to put the new merchandise on display _____ to promote the line of fall fashions.',NULL,5,NULL),(224,'D','proceed: tiếp tục theo kế hoạch\r\nperspective: một cách cụ thể để xem xét một cái gì đó\r\ninstallment: một khoản tiền đến hạn như một trong nhiều khoản thanh toán bằng nhau cho một thứ gì đó, trải đều trong một khoảng thời gian đã thỏa thuận\r\nstage: một phần của hoạt động hoặc một giai đoạn phát triển\r\n=> “stage” có ý nghĩa phù hợp nhất\r\n=> Giai đoạn rủi ro nhất trong quá trình phát triển thuốc mới là thử nghiệm trên người.',122,'(A) proceeds','(B) perspectives','(C) installments','(D) stages','The riskiest _____ of the development of new medications are the trials with human subjects.',NULL,5,NULL),(225,'C','quote: giá mà một người hoặc công ty nói họ sẽ tính để thực hiện một công việc\r\ngraduation: sự hoàn thành một bằng cấp hoặc khóa học khác tại một trường đại học hoặc\r\nrequest: hành động yêu cầu một cách lịch sự hoặc chính thức điều gì\r\ndispute: một cuộc tranh luận hoặc một sự bất đồng, đặc biệt là một cuộc tranh luận chính thức, ví dụ, người lao động và nhà tuyển dụng hoặc hai quốc gia có biên giới\r\n=> \"request\" có ý nghĩa phù hợp nhất\r\n=> Theo yêu cầu của khách, chúng tôi đã mang thêm một bộ khăn tắm và xà phòng miễn phí vào phòng.',123,'(A) quote','(B) graduation','(C) request','(D) dispute','At the guest’s _____ , an extra set of towels and complimentary soaps were brought to the room.',NULL,5,NULL),(226,'B','\"yet\": vẫn còn; cho đến thời điểm hiện tại\r\n\"just\": gần đây; mới đây\r\n\"few\": một số ít; hoặc một số lượng nhỏ của cái gì đó\r\n\"still\": vẫn tiếp tục xảy ra hoặc tiếp tục được thực hiện\r\n=> \"just\" có ý nghĩa phù hợp nhất\r\n=> Chủ sở hữu tòa nhà mới mua bất động sản này cách đây ba tháng, nhưng bà đã chi rất nhiều tiền để cải tạo.',124,'(A) yet','(B) just','(C) few','(D) still','The building owner purchased the property _____ three months ago, but she has already spent a great deal of money on renovations.',NULL,5,NULL),(227,'B','\"Fix\" có nghĩa là sửa chữa hoặc sắp xếp lại cái gì đó để nó hoạt động tốt hơn\r\n\"Write\" mang nghĩa viết/ điền thông tin vào tài liệu\r\n\"Send\" là động từ chỉ hành động gửi đi cái gì đó\r\n\"Direct\" có nghĩa là hướng dẫn hoặc chỉ dẫn ai đó làm gì đó\r\nTrong ngữ cảnh \"điền thông tin vào mẫu đơn\", từ \"write\" là lựa chọn đúng nhất \r\n=> Khi điền vào đơn đặt hàng, vui lòng viết rõ địa chỉ của bạn để tránh sự chậm trễ.',125,'(A) fix','(B) write','(C) send','(D) direct','When filling out the order form, please _____ your address clearly to prevent delays.',NULL,5,NULL),(228,'A','After: theo sau trong thời gian, không gian hoặc thứ tự\r\nUntil: cho đến (thời gian đó)\r\nBelow: ở vị trí thấp hơn (so với), dưới\r\nLike: tương tự như; theo cách hoặc phương pháp giống nhau như\r\n=> \"After\" có ý nghĩa phù hợp nhất\r\n=> Sau khi tái cấu trúc một số phòng ban trong công ty, phần lớn các vấn đề về giao tiếp sai đã biến mất.',126,'(A) After','(B) Until','(C) Below','(D) Like','_____ restructuring several departments within the company, the majority of the problems with miscommunication have disappeared.',NULL,5,NULL),(229,'A','Chỗ trống đứng trước một danh từ nên thiếu một tính từ hoặc danh từ\r\n\"Legal\" là một tính từ\r\n=> Bộ phận chính phủ trước đây cung cấp hỗ trợ tài chính, nhưng hiện nay chỉ cung cấp dịch vụ pháp lý.',127,'(A) legal','(B) legalize','(C) legally','(D) legalizes','The governmental department used to provide financial aid, but now it offers _____ services only.',NULL,5,NULL),(230,'B','expressive: biểu cảm\r\nreliable: đáng tin cậy\r\npartial: một phần\r\nextreme: Cực đoan\r\n=> \"reliable\" có nghĩa phù hợp nhất\r\n=> Ông Sims cần một phương tiện đi lại đáng tin cậy hơn để di chuyển từ nhà ở ngoại ô đến văn phòng ở trung tâm thành phố.',128,'(A) expressive','(B) reliable','(C) partial','(D) extreme','Mr. Sims needs a more _____ vehicle for commuting from his suburban home to his office downtown.',NULL,5,NULL),(231,'B','\"Experience\": (quá trình có được) kiến ​​thức hoặc kỹ năng từ việc làm, nhìn thấy hoặc cảm nhận mọi thứ\r\n\"Growth\": sự gia tăng về quy mô hoặc tầm quan trọng của một cái gì đó\r\n\"Formula\": công thức/ cách thức chuẩn chỉnh để làm hoặc tạo ra cái gì đó\r\n\"Incentive\": (động cơ) cái gì đó khuyến khích một người làm điều gì đó\r\nTrong ngữ cảnh câu phản ánh sự gia tăng doanh số kinh doanh, từ \"growth\" có nghĩa phù hợp nhất\r\n=> Nhà thầu đã tăng trưởng doanh thu mười lăm phần trăm sau khi quảng cáo trên tờ báo địa phương.',129,'(A) experience','(B) growth','(C) formula','(D) incentive','The contractor had a fifteen-percent _____ in his business after advertising in the local newspaper.',NULL,5,NULL),(232,'D','Vị trí còn thiếu đứng sau một tính từ, chúng ta cần thêm một danh từ.\r\n=> Cửa hàng thời trang cao cấp Jane’s Closet nổi tiếng với việc bán các phụ kiện thời trang nhất dành cho giới trẻ chuyên nghiệp.',130,'(A) accessorized','(B) accessorize','(C) accessorizes','(D) accessories','The upscale boutique Jane’s Closet is known for selling the most stylish _____ for young professionals.',NULL,5,NULL);
/*!40000 ALTER TABLE `part5` ENABLE KEYS */;
UNLOCK TABLES;

--
-- Table structure for table `part6`
--

DROP TABLE IF EXISTS `part6`;
/*!40101 SET @saved_cs_client     = @@character_set_client */;
/*!50503 SET character_set_client = utf8mb4 */;
CREATE TABLE `part6` (
  `id` bigint NOT NULL AUTO_INCREMENT,
  `script` text,
  `mock_exam_id` bigint DEFAULT NULL,
  `reading_exercise_id` bigint DEFAULT NULL,
  PRIMARY KEY (`id`),
  KEY `FKorbj4xonq4hx2hdsv3tsqdpti` (`mock_exam_id`),
  KEY `FKoayyfwr3j7xqu90opynt1h965` (`reading_exercise_id`),
  CONSTRAINT `FKoayyfwr3j7xqu90opynt1h965` FOREIGN KEY (`reading_exercise_id`) REFERENCES `reading_exercise` (`id`),
  CONSTRAINT `FKorbj4xonq4hx2hdsv3tsqdpti` FOREIGN KEY (`mock_exam_id`) REFERENCES `mock_exam` (`id`)
) ENGINE=InnoDB AUTO_INCREMENT=36 DEFAULT CHARSET=utf8mb4 COLLATE=utf8mb4_0900_ai_ci;
/*!40101 SET character_set_client = @saved_cs_client */;

--
-- Dumping data for table `part6`
--

LOCK TABLES `part6` WRITE;
/*!40000 ALTER TABLE `part6` DISABLE KEYS */;
INSERT INTO `part6` VALUES (1,'To:Kitchen staff,office employees\nFrom:Manager, LarryPark\nDate:March 23\nSubject: Renovations\n\nTo all kitchen staff and Harmon employees,\n\nFrom Sunday, March 23 to Thursday, March 27, the employee cafeteria kitchens will undergo renovations as new appliances and equipment (1) _____ in to replace the old ones. (2) _____ Instead, the convenience shops will carry more sandwiches, prepared lunch boxes,and snacks for the employees during this time.\n\nThe renovations will increase the number of sinks, ovens, and stove tops so that a larger volume of meals can be provided (3) _____ the lunch and dinner rushes. We apologize for the inconvenience but we hope that the changes will (4) _____ the services in the cafeteria.',NULL,7),(2,'Entry Position: Gold & Slide Accounting Firm\n\nWe are looking for enthusiastic candidates with an educational background in finance or (1) _____. All candidates should have some computer experience. Job experience is not (2) _____ but preferred. Candidates with a bilingual language ability (3) _____ favored. Positions include jobs in accounting, statistics, and general office assistant. If you are interested, please visit our website at www.G&Saccountingfirm.com/employment for more information. You can send your cover letters and resumes to Karen Hill at khill@G&S.com. We will begin interviewing candidates on Monday, November 5. (4) _____',NULL,8),(3,'Thank you for shopping at Larson’s China. Our products are known for their modern and unique patterns and color combinations, as well as (1) _____ and strength. (2) _____ Please note, however, that repeated drops and rough handling will (3) _____ eventual breakage. We suggest you store them carefully and that you don’t use harsh chemicals, steel sponges, or (4) _____ scrubbing when cleaning them. Please visit our website at www.larsonchina.com for information about handling and care or call us at 555-1234 if you have any questions or concerns.',NULL,9),(4,'Employee Spring Training\n\nLawrence Paper is dedicated to helping all of its employees fulfill their potential. That is why we have once again organized 2 days of spring training. Human Resources has put together a wide range of topics for this year’s workshops, (1) _____ sales techniques, computer skills, communication strategies, and goal setting. We still have two workshop time slots available, so if there is something you’ve been dying to learn about, please let us know. It’s quite possible we (2) _____ it into this year’s spring training. (3) _____ Feel free to (4) _____ any ideas you might have to Nancy Kensington in the human resources department.\nNLKensington@lawrencepaper.com',NULL,10),(5,'Vander Properties has been serving Houston for over 29 years. It is through our commitment to providing the highest degree of expertise market knowledge and (1) _______ service that we are recognized as an industry leader. We specialize in (2) _____ and corporate real estate here in the Denver area. (3) _____ you are looking to buy a new home or start a new business, we are the people you should be talking with. With our office centrally located downtown, we have our eyes on the whole city. Browse our site for listing, or give us a call today (4) _____.',NULL,11),(6,'Pizza Chef Wanted\nPapa Gino’s is hiring, and all (1) _____ applicants will be considered. (2) _____ Even if you have no experience, training will be provided if you meet our requirements. To meet our requirements, you must have a (3) _____ health card, reliable transportation, and be able to work evenings and weekends. Please apply in person at Papa Gino’s on state and Pine, (4) _____ look forward to meeting you.',NULL,12),(7,'To:Kitchen staff,office employees\nFrom:Manager, LarryPark\nDate:March 23\nSubject: Renovations\n\nTo all kitchen staff and Harmon employees,\n\nFrom Sunday, March 23 to Thursday, March 27, the employee cafeteria kitchens will undergo renovations as new appliances and equipment (1) _____ in to replace the old ones. (2) _____ Instead, the convenience shops will carry more sandwiches, prepared lunch boxes,and snacks for the employees during this time.\n\nThe renovations will increase the number of sinks, ovens, and stove tops so that a larger volume of meals can be provided (3) _____ the lunch and dinner rushes. We apologize for the inconvenience but we hope that the changes will (4) _____ the services in the cafeteria.',1,NULL),(8,'Entry Position: Gold & Slide Accounting Firm\n\nWe are looking for enthusiastic candidates with an educational background in finance or (1) _____. All candidates should have some computer experience. Job experience is not (2) _____ but preferred. Candidates with a bilingual language ability (3) _____ favored. Positions include jobs in accounting, statistics, and general office assistant. If you are interested, please visit our website at www.G&Saccountingfirm.com/employment for more information. You can send your cover letters and resumes to Karen Hill at khill@G&S.com. We will begin interviewing candidates on Monday, November 5. (4) _____',1,NULL),(9,'Thank you for shopping at Larson’s China. Our products are known for their modern and unique patterns and color combinations, as well as (1) _____ and strength. (2) _____ Please note, however, that repeated drops and rough handling will (3) _____ eventual breakage. We suggest you store them carefully and that you don’t use harsh chemicals, steel sponges, or (4) _____ scrubbing when cleaning them. Please visit our website at www.larsonchina.com for information about handling and care or call us at 555-1234 if you have any questions or concerns.',1,NULL),(10,'Employee Spring Training\n\nLawrence Paper is dedicated to helping all of its employees fulfill their potential. That is why we have once again organized 2 days of spring training. Human Resources has put together a wide range of topics for this year’s workshops, (1) _____ sales techniques, computer skills, communication strategies, and goal setting. We still have two workshop time slots available, so if there is something you’ve been dying to learn about, please let us know. It’s quite possible we (2) _____ it into this year’s spring training. (3) _____ Feel free to (4) _____ any ideas you might have to Nancy Kensington in the human resources department.\nNLKensington@lawrencepaper.com',1,NULL),(11,'Pizza Chef Wanted\nPapa Gino’s is hiring, and all (1) _____ applicants will be considered. (2) _____ Even if you have no experience, training will be provided if you meet our requirements. To meet our requirements, you must have a (3) _____ health card, reliable transportation, and be able to work evenings and weekends. Please apply in person at Papa Gino’s on state and Pine, (4) _____ look forward to meeting you.',2,NULL),(12,'Vander Properties has been serving Houston for over 29 years. It is through our commitment to providing the highest degree of expertise market knowledge and (1) _______ service that we are recognized as an industry leader. We specialize in (2) _____ and corporate real estate here in the Denver area. (3) _____ you are looking to buy a new home or start a new business, we are the people you should be talking with. With our office centrally located downtown, we have our eyes on the whole city. Browse our site for listing, or give us a call today (4) _____.',2,NULL),(13,'Employee Spring Training\n\nLawrence Paper is dedicated to helping all of its employees fulfill their potential. That is why we have once again organized 2 days of spring training. Human Resources has put together a wide range of topics for this year’s workshops, (1) _____ sales techniques, computer skills, communication strategies, and goal setting. We still have two workshop time slots available, so if there is something you’ve been dying to learn about, please let us know. It’s quite possible we (2) _____ it into this year’s spring training. (3) _____ Feel free to (4) _____ any ideas you might have to Nancy Kensington in the human resources department.\nNLKensington@lawrencepaper.com',2,NULL),(14,'Thank you for shopping at Larson’s China. Our products are known for their modern and unique patterns and color combinations, as well as (1) _____ and strength. (2) _____ Please note, however, that repeated drops and rough handling will (3) _____ eventual breakage. We suggest you store them carefully and that you don’t use harsh chemicals, steel sponges, or (4) _____ scrubbing when cleaning them. Please visit our website at www.larsonchina.com for information about handling and care or call us at 555-1234 if you have any questions or concerns.',2,NULL),(15,'',2,NULL),(16,'',2,NULL),(17,'',2,NULL),(18,'Pizza Chef Wanted\nPapa Gino’s is hiring, and all (1) _____ applicants will be considered. (2) _____ Even if you have no experience, training will be provided if you meet our requirements. To meet our requirements, you must have a (3) _____ health card, reliable transportation, and be able to work evenings and weekends. Please apply in person at Papa Gino’s on state and Pine, (4) _____ look forward to meeting you.',3,NULL),(19,'Vander Properties has been serving Houston for over 29 years. It is through our commitment to providing the highest degree of expertise market knowledge and (1) _______ service that we are recognized as an industry leader. We specialize in (2) _____ and corporate real estate here in the Denver area. (3) _____ you are looking to buy a new home or start a new business, we are the people you should be talking with. With our office centrally located downtown, we have our eyes on the whole city. Browse our site for listing, or give us a call today (4) _____.',3,NULL),(20,'Employee Spring Training\n\nLawrence Paper is dedicated to helping all of its employees fulfill their potential. That is why we have once again organized 2 days of spring training. Human Resources has put together a wide range of topics for this year’s workshops, (1) _____ sales techniques, computer skills, communication strategies, and goal setting. We still have two workshop time slots available, so if there is something you’ve been dying to learn about, please let us know. It’s quite possible we (2) _____ it into this year’s spring training. (3) _____ Feel free to (4) _____ any ideas you might have to Nancy Kensington in the human resources department.\nNLKensington@lawrencepaper.com',3,NULL),(21,'Thank you for shopping at Larson’s China. Our products are known for their modern and unique patterns and color combinations, as well as (1) _____ and strength. (2) _____ Please note, however, that repeated drops and rough handling will (3) _____ eventual breakage. We suggest you store them carefully and that you don’t use harsh chemicals, steel sponges, or (4) _____ scrubbing when cleaning them. Please visit our website at www.larsonchina.com for information about handling and care or call us at 555-1234 if you have any questions or concerns.',3,NULL),(22,'',3,NULL),(23,'',3,NULL),(24,'',3,NULL),(25,'To:Kitchen staff,office employees\nFrom:Manager, LarryPark\nDate:March 23\nSubject: Renovations\n\nTo all kitchen staff and Harmon employees,\n\nFrom Sunday, March 23 to Thursday, March 27, the employee cafeteria kitchens will undergo renovations as new appliances and equipment (1) _____ in to replace the old ones. (2) _____ Instead, the convenience shops will carry more sandwiches, prepared lunch boxes,and snacks for the employees during this time.\n\nThe renovations will increase the number of sinks, ovens, and stove tops so that a larger volume of meals can be provided (3) _____ the lunch and dinner rushes. We apologize for the inconvenience but we hope that the changes will (4) _____ the services in the cafeteria.',4,NULL),(26,'Entry Position: Gold & Slide Accounting Firm\n\nWe are looking for enthusiastic candidates with an educational background in finance or (1) _____. All candidates should have some computer experience. Job experience is not (2) _____ but preferred. Candidates with a bilingual language ability (3) _____ favored. Positions include jobs in accounting, statistics, and general office assistant. If you are interested, please visit our website at www.G&Saccountingfirm.com/employment for more information. You can send your cover letters and resumes to Karen Hill at khill@G&S.com. We will begin interviewing candidates on Monday, November 5. (4) _____',4,NULL),(27,'Thank you for shopping at Larson’s China. Our products are known for their modern and unique patterns and color combinations, as well as (1) _____ and strength. (2) _____ Please note, however, that repeated drops and rough handling will (3) _____ eventual breakage. We suggest you store them carefully and that you don’t use harsh chemicals, steel sponges, or (4) _____ scrubbing when cleaning them. Please visit our website at www.larsonchina.com for information about handling and care or call us at 555-1234 if you have any questions or concerns.',4,NULL),(28,'Employee Spring Training\n\nLawrence Paper is dedicated to helping all of its employees fulfill their potential. That is why we have once again organized 2 days of spring training. Human Resources has put together a wide range of topics for this year’s workshops, (1) _____ sales techniques, computer skills, communication strategies, and goal setting. We still have two workshop time slots available, so if there is something you’ve been dying to learn about, please let us know. It’s quite possible we (2) _____ it into this year’s spring training. (3) _____ Feel free to (4) _____ any ideas you might have to Nancy Kensington in the human resources department.\nNLKensington@lawrencepaper.com',4,NULL),(29,'Pizza Chef Wanted\nPapa Gino’s is hiring, and all (1) _____ applicants will be considered. (2) _____ Even if you have no experience, training will be provided if you meet our requirements. To meet our requirements, you must have a (3) _____ health card, reliable transportation, and be able to work evenings and weekends. Please apply in person at Papa Gino’s on state and Pine, (4) _____ look forward to meeting you.',5,NULL),(30,'Vander Properties has been serving Houston for over 29 years. It is through our commitment to providing the highest degree of expertise market knowledge and (1) _______ service that we are recognized as an industry leader. We specialize in (2) _____ and corporate real estate here in the Denver area. (3) _____ you are looking to buy a new home or start a new business, we are the people you should be talking with. With our office centrally located downtown, we have our eyes on the whole city. Browse our site for listing, or give us a call today (4) _____.',5,NULL),(31,'Employee Spring Training\n\nLawrence Paper is dedicated to helping all of its employees fulfill their potential. That is why we have once again organized 2 days of spring training. Human Resources has put together a wide range of topics for this year’s workshops, (1) _____ sales techniques, computer skills, communication strategies, and goal setting. We still have two workshop time slots available, so if there is something you’ve been dying to learn about, please let us know. It’s quite possible we (2) _____ it into this year’s spring training. (3) _____ Feel free to (4) _____ any ideas you might have to Nancy Kensington in the human resources department.\nNLKensington@lawrencepaper.com',5,NULL),(32,'Thank you for shopping at Larson’s China. Our products are known for their modern and unique patterns and color combinations, as well as (1) _____ and strength. (2) _____ Please note, however, that repeated drops and rough handling will (3) _____ eventual breakage. We suggest you store them carefully and that you don’t use harsh chemicals, steel sponges, or (4) _____ scrubbing when cleaning them. Please visit our website at www.larsonchina.com for information about handling and care or call us at 555-1234 if you have any questions or concerns.',5,NULL),(33,'',5,NULL),(34,'',5,NULL),(35,'',5,NULL);
/*!40000 ALTER TABLE `part6` ENABLE KEYS */;
UNLOCK TABLES;

--
-- Table structure for table `part6_question`
--

DROP TABLE IF EXISTS `part6_question`;
/*!40101 SET @saved_cs_client     = @@character_set_client */;
/*!50503 SET character_set_client = utf8mb4 */;
CREATE TABLE `part6_question` (
  `id` bigint NOT NULL AUTO_INCREMENT,
  `correct_answer` varchar(1) NOT NULL,
  `explanation` text NOT NULL,
  `number` bigint NOT NULL,
  `option_a` varchar(255) NOT NULL,
  `option_b` varchar(255) NOT NULL,
  `option_c` varchar(255) NOT NULL,
  `option_d` varchar(255) NOT NULL,
  `part6_id` bigint NOT NULL,
  PRIMARY KEY (`id`),
  KEY `FKocn9nbkeycv1w3g2ku5n40agj` (`part6_id`),
  CONSTRAINT `FKocn9nbkeycv1w3g2ku5n40agj` FOREIGN KEY (`part6_id`) REFERENCES `part6` (`id`)
) ENGINE=InnoDB AUTO_INCREMENT=141 DEFAULT CHARSET=utf8mb4 COLLATE=utf8mb4_0900_ai_ci;
/*!40101 SET character_set_client = @saved_cs_client */;

--
-- Dumping data for table `part6_question`
--

LOCK TABLES `part6_question` WRITE;
/*!40000 ALTER TABLE `part6_question` DISABLE KEYS */;
INSERT INTO `part6_question` VALUES (1,'D','Giải thích',1,'(A) are bringing','(B) have brought','(C) bring','(D) are brought',1),(2,'C','Giải thích',2,'(A) This will take a lot of work.','(B) As a result, the convenience shops will be closed.','(C) Because of this, hot meals will not be available for the patrons.','(D) There will be noise and chaos as a result.',1),(3,'C','Giải thích',3,'(A) before','(B) after','(C) during','(D) within',1),(4,'B','Giải thích',4,'(A) develop','(B) improve','(C) rectify','(D) recover',1),(5,'C','Giải thích',1,'(A) account','(B) accountant','(C) accounting','(D) accounted',2),(6,'D','Giải thích',2,'(A) basic','(B) decisive','(C) additional','(D) necessary',2),(7,'B','Giải thích',3,'(A) is being','(B) will be','(C) has been','(D) were being',2),(8,'B','Giải thích',4,'(A) We sincerely thank you for your interest.','(B) The positions begin the following month.','(C) Please call us for more information.','(D) We apologize for any inconvenience',2),(9,'B','Giải thích',1,'(A) durably','(B) durability','(C) durabled','(D) durable',3),(10,'D','Giải thích',2,'(A) Larson’s utensils and silverware go great with the dinnerware.','(B) Our most popular line, the Spring Flower China is sold out at most locations,','(C) Visit our store to check out our other beautiful products.','(D) They are dishwasher- and microwave-safe and we’re confident that you’ll be using them for years to come.',3),(11,'A','Giải thích',3,'(A) result in','(B) occur to','(C) ending at','(D) stop with',3),(12,'C','Giải thích',4,'(A) ambitious','(B) combative','(C) aggressive','(D) complacent',3),(13,'C','Giải thích',1,'(A) distributing','(B) locating','(C) including','(D) advancing',4),(14,'D','Giải thích',2,'(A) were incorporating','(B) should incorporate','(C) are incorporating','(D) could incorporate',4),(15,'B','Giải thích',3,'(A) If we get many suggestions, we could also hold a workshop on the following weekend, December 4th.','(B) We’ll be finalizing our choices by the end of the week.','(C) A large amount of time and energy has gone into organizing this conference.','(D) Inviting friends and family to these events is always encouraged.',4),(16,'C','Giải thích',4,'(A) create','(B) request','(C) submit','(D) transfer',4),(17,'D','Giải thích',1,'(A) personalize','(B) personalizes','(C) personalizing','(D) personalized',5),(18,'C','Giải thích',2,'(A) productive','(B) promoted','(C) residential','(D) relevant',5),(19,'A','Giải thích',3,'(A) Whether','(B) Even if','(C) Even though','(D) Whenever',5),(20,'C','Giải thích',4,'(A) Take a drive out of town and come see us today.','(B) We appreciate your assistance.','(C) Of course, drop-ins are always welcome.','(D) Our kitchen is open from eight to five daily.',5),(21,'C','Giải thích',1,'(A) qualify','(B) qualifying','(C) qualified','(D) to qualify',6),(22,'A','Giải thích',2,'(A) We are looking for candidates that have some experience in Italian food.','(B) We are looking for candidates that have experience fishing.','(C) We are looking for people who can fish.','(D) We are looking for people who want to practice.',6),(23,'A','Giải thích',3,'(A) valid','(B) working','(C) effective','(D) strong',6),(24,'C','Giải thích',4,'(A) She','(B) They','(C) We','(D) He',6),(25,'D','Giải thích',131,'(A) are bringing','(B) have brought','(C) bring','(D) are brought',7),(26,'C','Giải thích',132,'(A) This will take a lot of work.','(B) As a result, the convenience shops will be closed.','(C) Because of this, hot meals will not be available for the patrons.','(D) There will be noise and chaos as a result.',7),(27,'C','Giải thích',133,'(A) before','(B) after','(C) during','(D) within',7),(28,'B','Giải thích',134,'(A) develop','(B) improve','(C) rectify','(D) recover',7),(29,'C','Giải thích',135,'(A) account','(B) accountant','(C) accounting','(D) accounted',8),(30,'D','Giải thích',136,'(A) basic','(B) decisive','(C) additional','(D) necessary',8),(31,'B','Giải thích',137,'(A) is being','(B) will be','(C) has been','(D) were being',8),(32,'B','Giải thích',138,'(A) We sincerely thank you for your interest.','(B) The positions begin the following month.','(C) Please call us for more information.','(D) We apologize for any inconvenience',8),(33,'B','Giải thích',139,'(A) durably','(B) durability','(C) durabled','(D) durable',9),(34,'D','Giải thích',140,'(A) Larson’s utensils and silverware go great with the dinnerware.','(B) Our most popular line, the Spring Flower China is sold out at most locations,','(C) Visit our store to check out our other beautiful products.','(D) They are dishwasher- and microwave-safe and we’re confident that you’ll be using them for years to come.',9),(35,'A','Giải thích',141,'(A) result in','(B) occur to','(C) ending at','(D) stop with',9),(36,'C','Giải thích',142,'(A) ambitious','(B) combative','(C) aggressive','(D) complacent',9),(37,'C','Giải thích',143,'(A) distributing','(B) locating','(C) including','(D) advancing',10),(38,'D','Giải thích',144,'(A) were incorporating','(B) should incorporate','(C) are incorporating','(D) could incorporate',10),(39,'B','Giải thích',145,'(A) If we get many suggestions, we could also hold a workshop on the following weekend, December 4th.','(B) We’ll be finalizing our choices by the end of the week.','(C) A large amount of time and energy has gone into organizing this conference.','(D) Inviting friends and family to these events is always encouraged.',10),(40,'C','Giải thích',146,'(A) create','(B) request','(C) submit','(D) transfer',10),(41,'C','Giải thích',131,'(A) qualify','(B) qualifying','(C) qualified','(D) to qualify',11),(42,'A','Giải thích',132,'(A) We are looking for candidates that have some experience in Italian food.','(B) We are looking for candidates that have experience fishing.','(C) We are looking for people who can fish.','(D) We are looking for people who want to practice.',11),(43,'A','Giải thích',133,'(A) valid','(B) working','(C) effective','(D) strong',11),(44,'C','Giải thích',134,'(A) She','(B) They','(C) We','(D) He',11),(45,'D','Giải thích',135,'(A) personalize','(B) personalizes','(C) personalizing','(D) personalized',12),(46,'C','Giải thích',136,'(A) productive','(B) promoted','(C) residential','(D) relevant',12),(47,'A','Giải thích',137,'(A) Whether','(B) Even if','(C) Even though','(D) Whenever',12),(48,'C','Giải thích',138,'(A) Take a drive out of town and come see us today.','(B) We appreciate your assistance.','(C) Of course, drop-ins are always welcome.','(D) Our kitchen is open from eight to five daily.',12),(49,'C','Giải thích',139,'(A) distributing','(B) locating','(C) including','(D) advancing',13),(50,'D','Giải thích',140,'(A) were incorporating','(B) should incorporate','(C) are incorporating','(D) could incorporate',13),(51,'B','Giải thích',141,'(A) If we get many suggestions, we could also hold a workshop on the following weekend, December 4th.','(B) We’ll be finalizing our choices by the end of the week.','(C) A large amount of time and energy has gone into organizing this conference.','(D) Inviting friends and family to these events is always encouraged.',13),(52,'C','Giải thích',142,'(A) create','(B) request','(C) submit','(D) transfer',13),(53,'B','Giải thích',143,'(A) durably','(B) durability','(C) durabled','(D) durable',14),(54,'D','Giải thích',144,'(A) Larson’s utensils and silverware go great with the dinnerware.','(B) Our most popular line, the Spring Flower China is sold out at most locations,','(C) Visit our store to check out our other beautiful products.','(D) They are dishwasher- and microwave-safe and we’re confident that you’ll be using them for years to come.',14),(55,'A','Giải thích',145,'(A) result in','(B) occur to','(C) ending at','(D) stop with',14),(56,'C','Giải thích',146,'(A) ambitious','(B) combative','(C) aggressive','(D) complacent',14),(57,'','',147,'','','','',15),(58,'','',148,'','','','',15),(59,'','',149,'','','','',15),(60,'','',150,'','','','',15),(61,'','',151,'','','','',16),(62,'','',152,'','','','',16),(63,'','',153,'','','','',16),(64,'','',154,'','','','',16),(65,'','',155,'','','','',17),(66,'','',156,'','','','',17),(67,'','',157,'','','','',17),(68,'','',158,'','','','',17),(69,'C','Giải thích',131,'(A) qualify','(B) qualifying','(C) qualified','(D) to qualify',18),(70,'A','Giải thích',132,'(A) We are looking for candidates that have some experience in Italian food.','(B) We are looking for candidates that have experience fishing.','(C) We are looking for people who can fish.','(D) We are looking for people who want to practice.',18),(71,'A','Giải thích',133,'(A) valid','(B) working','(C) effective','(D) strong',18),(72,'C','Giải thích',134,'(A) She','(B) They','(C) We','(D) He',18),(73,'D','Giải thích',135,'(A) personalize','(B) personalizes','(C) personalizing','(D) personalized',19),(74,'C','Giải thích',136,'(A) productive','(B) promoted','(C) residential','(D) relevant',19),(75,'A','Giải thích',137,'(A) Whether','(B) Even if','(C) Even though','(D) Whenever',19),(76,'C','Giải thích',138,'(A) Take a drive out of town and come see us today.','(B) We appreciate your assistance.','(C) Of course, drop-ins are always welcome.','(D) Our kitchen is open from eight to five daily.',19),(77,'C','Giải thích',139,'(A) distributing','(B) locating','(C) including','(D) advancing',20),(78,'D','Giải thích',140,'(A) were incorporating','(B) should incorporate','(C) are incorporating','(D) could incorporate',20),(79,'B','Giải thích',141,'(A) If we get many suggestions, we could also hold a workshop on the following weekend, December 4th.','(B) We’ll be finalizing our choices by the end of the week.','(C) A large amount of time and energy has gone into organizing this conference.','(D) Inviting friends and family to these events is always encouraged.',20),(80,'C','Giải thích',142,'(A) create','(B) request','(C) submit','(D) transfer',20),(81,'B','Giải thích',143,'(A) durably','(B) durability','(C) durabled','(D) durable',21),(82,'D','Giải thích',144,'(A) Larson’s utensils and silverware go great with the dinnerware.','(B) Our most popular line, the Spring Flower China is sold out at most locations,','(C) Visit our store to check out our other beautiful products.','(D) They are dishwasher- and microwave-safe and we’re confident that you’ll be using them for years to come.',21),(83,'A','Giải thích',145,'(A) result in','(B) occur to','(C) ending at','(D) stop with',21),(84,'C','Giải thích',146,'(A) ambitious','(B) combative','(C) aggressive','(D) complacent',21),(85,'','',147,'','','','',22),(86,'','',148,'','','','',22),(87,'','',149,'','','','',22),(88,'','',150,'','','','',22),(89,'','',151,'','','','',23),(90,'','',152,'','','','',23),(91,'','',153,'','','','',23),(92,'','',154,'','','','',23),(93,'','',155,'','','','',24),(94,'','',156,'','','','',24),(95,'','',157,'','','','',24),(96,'','',158,'','','','',24),(97,'D','Giải thích',131,'(A) are bringing','(B) have brought','(C) bring','(D) are brought',25),(98,'C','Giải thích',132,'(A) This will take a lot of work.','(B) As a result, the convenience shops will be closed.','(C) Because of this, hot meals will not be available for the patrons.','(D) There will be noise and chaos as a result.',25),(99,'C','Giải thích',133,'(A) before','(B) after','(C) during','(D) within',25),(100,'B','Giải thích',134,'(A) develop','(B) improve','(C) rectify','(D) recover',25),(101,'C','Giải thích',135,'(A) account','(B) accountant','(C) accounting','(D) accounted',26),(102,'D','Giải thích',136,'(A) basic','(B) decisive','(C) additional','(D) necessary',26),(103,'B','Giải thích',137,'(A) is being','(B) will be','(C) has been','(D) were being',26),(104,'B','Giải thích',138,'(A) We sincerely thank you for your interest.','(B) The positions begin the following month.','(C) Please call us for more information.','(D) We apologize for any inconvenience',26),(105,'B','Giải thích',139,'(A) durably','(B) durability','(C) durabled','(D) durable',27),(106,'D','Giải thích',140,'(A) Larson’s utensils and silverware go great with the dinnerware.','(B) Our most popular line, the Spring Flower China is sold out at most locations,','(C) Visit our store to check out our other beautiful products.','(D) They are dishwasher- and microwave-safe and we’re confident that you’ll be using them for years to come.',27),(107,'A','Giải thích',141,'(A) result in','(B) occur to','(C) ending at','(D) stop with',27),(108,'C','Giải thích',142,'(A) ambitious','(B) combative','(C) aggressive','(D) complacent',27),(109,'C','Giải thích',143,'(A) distributing','(B) locating','(C) including','(D) advancing',28),(110,'D','Giải thích',144,'(A) were incorporating','(B) should incorporate','(C) are incorporating','(D) could incorporate',28),(111,'B','Giải thích',145,'(A) If we get many suggestions, we could also hold a workshop on the following weekend, December 4th.','(B) We’ll be finalizing our choices by the end of the week.','(C) A large amount of time and energy has gone into organizing this conference.','(D) Inviting friends and family to these events is always encouraged.',28),(112,'C','Giải thích',146,'(A) create','(B) request','(C) submit','(D) transfer',28),(113,'C','Giải thích',131,'(A) qualify','(B) qualifying','(C) qualified','(D) to qualify',29),(114,'A','Giải thích',132,'(A) We are looking for candidates that have some experience in Italian food.','(B) We are looking for candidates that have experience fishing.','(C) We are looking for people who can fish.','(D) We are looking for people who want to practice.',29),(115,'A','Giải thích',133,'(A) valid','(B) working','(C) effective','(D) strong',29),(116,'C','Giải thích',134,'(A) She','(B) They','(C) We','(D) He',29),(117,'D','Giải thích',135,'(A) personalize','(B) personalizes','(C) personalizing','(D) personalized',30),(118,'C','Giải thích',136,'(A) productive','(B) promoted','(C) residential','(D) relevant',30),(119,'A','Giải thích',137,'(A) Whether','(B) Even if','(C) Even though','(D) Whenever',30),(120,'C','Giải thích',138,'(A) Take a drive out of town and come see us today.','(B) We appreciate your assistance.','(C) Of course, drop-ins are always welcome.','(D) Our kitchen is open from eight to five daily.',30),(121,'C','Giải thích',139,'(A) distributing','(B) locating','(C) including','(D) advancing',31),(122,'D','Giải thích',140,'(A) were incorporating','(B) should incorporate','(C) are incorporating','(D) could incorporate',31),(123,'B','Giải thích',141,'(A) If we get many suggestions, we could also hold a workshop on the following weekend, December 4th.','(B) We’ll be finalizing our choices by the end of the week.','(C) A large amount of time and energy has gone into organizing this conference.','(D) Inviting friends and family to these events is always encouraged.',31),(124,'C','Giải thích',142,'(A) create','(B) request','(C) submit','(D) transfer',31),(125,'B','Giải thích',143,'(A) durably','(B) durability','(C) durabled','(D) durable',32),(126,'D','Giải thích',144,'(A) Larson’s utensils and silverware go great with the dinnerware.','(B) Our most popular line, the Spring Flower China is sold out at most locations,','(C) Visit our store to check out our other beautiful products.','(D) They are dishwasher- and microwave-safe and we’re confident that you’ll be using them for years to come.',32),(127,'A','Giải thích',145,'(A) result in','(B) occur to','(C) ending at','(D) stop with',32),(128,'C','Giải thích',146,'(A) ambitious','(B) combative','(C) aggressive','(D) complacent',32),(129,'','',147,'','','','',33),(130,'','',148,'','','','',33),(131,'','',149,'','','','',33),(132,'','',150,'','','','',33),(133,'','',151,'','','','',34),(134,'','',152,'','','','',34),(135,'','',153,'','','','',34),(136,'','',154,'','','','',34),(137,'','',155,'','','','',35),(138,'','',156,'','','','',35),(139,'','',157,'','','','',35),(140,'','',158,'','','','',35);
/*!40000 ALTER TABLE `part6_question` ENABLE KEYS */;
UNLOCK TABLES;

--
-- Table structure for table `part7`
--

DROP TABLE IF EXISTS `part7`;
/*!40101 SET @saved_cs_client     = @@character_set_client */;
/*!50503 SET character_set_client = utf8mb4 */;
CREATE TABLE `part7` (
  `id` bigint NOT NULL AUTO_INCREMENT,
  `script` text,
  `mock_exam_id` bigint DEFAULT NULL,
  `reading_exercise_id` bigint DEFAULT NULL,
  PRIMARY KEY (`id`),
  KEY `FKr67s64xifda5qtcpnychr3ocj` (`mock_exam_id`),
  KEY `FKc52lmo9k3ei1jdrjau3m4wu6s` (`reading_exercise_id`),
  CONSTRAINT `FKc52lmo9k3ei1jdrjau3m4wu6s` FOREIGN KEY (`reading_exercise_id`) REFERENCES `reading_exercise` (`id`),
  CONSTRAINT `FKr67s64xifda5qtcpnychr3ocj` FOREIGN KEY (`mock_exam_id`) REFERENCES `mock_exam` (`id`)
) ENGINE=InnoDB AUTO_INCREMENT=97 DEFAULT CHARSET=utf8mb4 COLLATE=utf8mb4_0900_ai_ci;
/*!40101 SET character_set_client = @saved_cs_client */;

--
-- Dumping data for table `part7`
--

LOCK TABLES `part7` WRITE;
/*!40000 ALTER TABLE `part7` DISABLE KEYS */;
INSERT INTO `part7` VALUES (1,'To: Stacey Johnson <sjohnson@toplineelec.com>\nFrom: Josh Fleck <jfleck@toplineelec.com>\nDate: October 22\nSubject: Strategic Planning\n\nDear Ms. Johnson,\n\nDistrict Management at Topline Electronics would like to inform you about a new development that will be affecting your store. Another competing consumer electronics store will be opening in the Crayville area on November 12.\n\nIn order to ensure that Topline Electronics does not lose business to this new store, District Management is advising you to run a special sale on our new line of curved UHD televisions. These televisions provide state-of-the-art features at moderate prices. By showing your customers that Topline Electronics offers the best deals in the area, you will be able to maintain customer loyalty. We will be shipping the new televisions to your store within the next week. We suggest you prepare a prominent display space in your store to feature them. You should also update your website to advertise the sale.\n\nSmooth communication between you and US is vital to effective operational practices. If you have any questions concerning the new televisions or the marketing campaign in general, please don’t hesitate to contact District Management.\n\nSincerely,\n\nJosh Fleck District Manager,\nTopline Electronics',NULL,13),(2,'Attention Employees, The company will be hosting a health and wellness seminar this Friday at 2 PM in the cafeteria. Join us to learn more about maintaining a healthy lifestyle. - HR Department',NULL,14),(3,'Fulton Stainless steel Products\nFulton Stainless steel Products is a large-scale manufacturer making stainless steel industrial kitchen appliances in factories in Germany and France. The company’s products are trusted by chefs and bakers around the world to be durable, long-lasting, and of superb quality. The company produces kitchen stoves, ovens, microwaves, refrigerators, food processors, electric kettles, coffee makers, and other products.\nAfter acquiring the Visor Home Products Company in a deal last month, the company expected its overall profits to increase 20% compared to the last fiscal year. As a result, to meet increased demand, the company will employ more than 300 full-time workers in our six factories and offer good pay with an excellent benefits package. The company considers all of its employees valuable members of the Fulton family. Additionally, the company continues to research and develop new products to satisfy its customers and compete with other companies.',NULL,15),(4,'Dear Team, Our next meeting is scheduled for Wednesday at 10 AM in the main conference room. Please prepare your reports in advance. - HR Department',NULL,16),(5,'Special Offer! Enjoy a 30% discount on our summer travel packages. Book by June 30th and explore amazing destinations. Call us now! - Travel Agency',NULL,17),(6,'Dear Valued Customer, Your order #123456 has been shipped and is expected to arrive on Friday. Track your package using the link below. - Online Store',NULL,18),(7,'\"To: Stacey Johnson <sjohnson@toplineelec.com>\nFrom: Josh Fleck <jfleck@toplineelec.com>\nDate: October 22\nSubject: Strategic Planning\n\nDear Ms. Johnson,\n\nDistrict Management at Topline Electronics would like to inform you about a new development that will be affecting your store. Another competing consumer electronics store will be opening in the Crayville area on November 12.\n\nIn order to ensure that Topline Electronics does not lose business to this new store, District Management is advising you to run a special sale on our new line of curved UHD televisions. These televisions provide state-of-the-art features at moderate prices. By showing your customers that Topline Electronics offers the best deals in the area, you will be able to maintain customer loyalty. We will be shipping the new televisions to your store within the next week. We suggest you prepare a prominent display space in your store to feature them. You should also update your website to advertise the sale.\n\nSmooth communication between you and US is vital to effective operational practices. If you have any questions concerning the new televisions or the marketing campaign in general, please don’t hesitate to contact District Management.\n\nSincerely,\n\nJosh Fleck District Manager,\nTopline Electronics\"',1,NULL),(8,'After a months-long battle to stop the development of a new shopping mall on the location of the former Rivervalley Courthouse, residents, local businesses, and civic groups are cheering the decision to keep the 150-year-old building intact. - [1] - “We’re dissappointed,” added Branford Construction\'s CEO. “We felt that the community would benefit and grow, but obviously, residents want to preserve their history and I respect that.”',1,NULL),(9,'\"Fulton Stainless steel Products\nFulton Stainless steel Products is a large-scale manufacturer making stainless steel industrial kitchen appliances in factories in Germany and France. The company’s products are trusted by chefs and bakers around the world to be durable, long-lasting, and of superb quality. The company produces kitchen stoves, ovens, microwaves, refrigerators, food processors, electric kettles, coffee makers, and other products.\nAfter acquiring the Visor Home Products Company in a deal last month, the company expected its overall profits to increase 20% compared to the last fiscal year. As a result, to meet increased demand, the company will employ more than 300 full-time workers in our six factories and offer good pay with an excellent benefits package. The company considers all of its employees valuable members of the Fulton family. Additionally, the company continues to research and develop new products to satisfy its customers and compete with other companies.\"',1,NULL),(10,'Dear Team, Our next meeting is scheduled for Wednesday at 10 AM in the main conference room. Please prepare your reports in advance. - HR Department',1,NULL),(11,'Special Offer! Enjoy a 30% discount on our summer travel packages. Book by June 30th and explore amazing destinations. Call us now! - Travel Agency',1,NULL),(12,'Dear Valued Customer, Your order #123456 has been shipped and is expected to arrive on Friday. Track your package using the link below. - Online Store',1,NULL),(13,'Attention Employees, The company will be hosting a health and wellness seminar this Friday at 2 PM in the cafeteria. Join us to learn more about maintaining a healthy lifestyle. - HR Department',1,NULL),(14,'Dear Employees, Our annual company retreat is scheduled for August 15-17 at the Green Valley Resort. This event is an opportunity for team building, professional development, and relaxation. We will have guest speakers, interactive workshops, and outdoor activities to strengthen our collaboration skills. Accommodation and meals will be provided, and transportation will be arranged from the office to the resort. Please confirm your attendance by July 30. We encourage everyone to participate as it is a great way to connect with colleagues. For any inquiries, please reach out to the HR department. We look forward to seeing you all there! - HR Department',1,NULL),(15,'Exciting News! Our new smartphone model, the XG-20, is now available for pre-order. With its cutting-edge technology, the XG-20 offers an advanced camera system, longer battery life, and a sleek design. Customers who pre-order before September 10 will receive a 15% discount and a free wireless charger. Orders can be placed online or at any of our retail stores. Don’t miss out on this limited-time offer! For more information, visit our website or contact customer service. Thank you for choosing TechWorld!',1,NULL),(16,'Dear Employees, Our annual company retreat is scheduled for August 15-17 at the Green Valley Resort. This year, we have prepared an exceptionally detailed and engaging itinerary designed to foster team building, professional development, and well-deserved relaxation. Throughout the retreat, you will participate in a series of interactive workshops, dynamic team exercises, and inspiring guest lectures covering topics from innovation to leadership. In addition, we have arranged recreational sports, cultural tours of the surrounding area, and even a themed dinner night to help you unwind and connect with colleagues on a personal level. The resort itself offers state-of-the-art conference facilities, luxurious accommodations, multiple dining options, and a variety of leisure amenities including a spa, swimming pool, and fitness center. Transportation will be organized from the office to the resort and back, ensuring your convenience and safety. Please make sure to confirm your attendance by July 30 so that we can finalize all arrangements and special requests. For any further details or special accommodations, do not hesitate to contact the HR department. We are confident that this retreat will not only enhance our professional collaborations but also create lasting memories. Thank you for your dedication and enthusiasm. - HR Department',1,NULL),(17,'Exciting News! Our new smartphone model, the XG-20, is now available for pre-order and it represents a leap forward in mobile technology. With a state-of-the-art design and innovative features, the XG-20 offers an ultra-high resolution camera, an AI-powered processor, and an extended battery life that outperforms competitors. In addition, the device boasts a sleek and modern design combined with robust durability, making it suitable for both work and leisure. We have meticulously engineered this smartphone to provide an intuitive user interface, enhanced connectivity, and high-speed performance. Pre-order customers who secure their device before the deadline will receive exclusive benefits including a 15% discount, a complimentary wireless charger, and an extended warranty at no extra cost. The offer is valid for a limited time as a token of appreciation for our early adopters. Orders can be placed seamlessly through our official website or at our network of authorized retail outlets. We invite you to experience the pinnacle of mobile innovation with the XG-20. For more detailed specifications, user reviews, and support, please visit our dedicated product page. - TechWorld',1,NULL),(18,'Dear Business Partners, We are honored to invite you to an extensive full-day seminar on innovative leadership and strategic management, to be held on October 5th at the Downtown Conference Center. This seminar has been designed to offer deep insights into current market trends, transformative business strategies, and cutting-edge leadership techniques. Our agenda features a series of keynote speeches, interactive breakout sessions, and hands-on workshops led by renowned industry experts, successful entrepreneurs, and respected academic scholars. Throughout the day, participants will have ample opportunities to engage in networking sessions, collaborative discussions, and Q&A segments, ensuring that every attendee gains practical tools and actionable insights. Due to the limited seating and high demand for this exclusive event, early registration is mandatory. Detailed brochures, speaker bios, and the complete seminar schedule are available upon request. We look forward to welcoming you and sharing an inspiring day of learning and professional growth. - Corporate Communications',1,NULL),(19,'Dear Users, We are delighted to announce the launch of our comprehensive software update, Version 5.4, which is engineered to elevate your user experience to new heights. This major update encompasses a host of improvements, including significantly faster processing speeds, an intuitively redesigned interface, robust security enhancements, and innovative new features that streamline everyday tasks. Our development team has incorporated extensive user feedback and rigorous testing to ensure that the update not only fixes previous issues but also introduces a suite of cutting-edge functionalities. The update will be automatically deployed starting next week, and we strongly encourage you to review the detailed release notes available on our website. These notes provide in-depth explanations of the improvements and instructions to help you make the most of the new features. Our commitment to quality and continuous innovation drives us to provide software that not only meets but exceeds your expectations. For technical support or any questions regarding the update, please contact our dedicated support team. Thank you for your trust and ongoing support. - The Tech Team',1,NULL),(20,'Dear Students, It is with great pleasure that we announce the opening of applications for the prestigious Academic Excellence Scholarship. This scholarship is dedicated to recognizing outstanding academic achievements among undergraduate students and provides not only significant financial support but also opportunities for mentorship, research, and career development. Applicants are required to submit a comprehensive application package that includes official academic transcripts, letters of recommendation from professors, and a personal statement that reflects their academic goals and future aspirations. The selection process is highly competitive and designed to identify individuals who demonstrate exceptional intellectual capability and commitment to their studies. The deadline for submitting applications is November 30, and we urge all eligible students to seize this opportunity to advance their education and professional prospects. Detailed eligibility criteria, guidelines, and frequently asked questions are available in the official scholarship brochure on our website. We wish you the best of luck and look forward to reviewing your applications. - University Scholarship Committee',1,NULL),(21,'Dear Valued Customer, We are pleased to inform you that your order, reference number #789012, has been successfully processed and dispatched. Our logistics team has meticulously ensured that every item is securely packaged and handled with utmost care. Your shipment is scheduled to be delivered on Friday, and we have provided you with a unique tracking number so you can monitor its journey in real time. In our continuous effort to provide superior service, we have streamlined our shipping processes and partnered with reliable carriers to guarantee timely delivery. Should you have any questions regarding your order, require a change in the delivery address, or need any form of assistance, please feel free to contact our customer service team at your earliest convenience. We truly appreciate your business and are committed to ensuring your complete satisfaction. Thank you for choosing our online store. - Online Store',1,NULL),(22,'Attention Employees, In our ongoing commitment to ensuring a safe and secure work environment, we are organizing a mandatory safety training session on Monday at 9 AM in the main auditorium. This extensive session will cover a broad range of topics including emergency evacuation protocols, proper use of safety equipment, first-aid techniques, and risk management strategies. Our experienced safety officers will conduct live demonstrations, practical exercises, and interactive Q&A segments to ensure that every employee is well-prepared in the event of an emergency. The training material has been carefully prepared and distributed in advance, and additional resources will be available after the session for further study. It is imperative that all employees attend this session, as the information provided is critical for both personal safety and the overall well-being of our organization. Please remember to bring your company ID for verification upon entry. We appreciate your prompt attention to this matter and look forward to a productive training session. - Safety Department',1,NULL),(23,'Dear Community Members, We are thrilled to announce our annual Book Fair, an event that celebrates the joy of literature and the power of reading. This year’s fair will take place at the Community Center from September 20 to 22 and will feature an extensive array of books across multiple genres, including fiction, non-fiction, academic publications, and children’s literature. The event will also include author signings, interactive storytelling sessions, panel discussions with noted literary figures, and workshops on writing and publishing. In addition to the vibrant selection of books, there will be special exhibits showcasing rare and historical manuscripts, along with dedicated spaces for poetry readings and literary debates. Refreshments and comfortable seating areas will be available throughout the venue to enhance your experience. We warmly invite book lovers of all ages – from avid readers and students to educators and casual visitors – to join us in this celebration of culture and knowledge. For the full schedule of events and additional information, please visit our website. - Community Events Committee',1,NULL),(24,'Dear Neighbors, In an effort to improve our local environment and strengthen community bonds, our Residents Association is launching a large-scale Community Cleanup Initiative this Saturday morning. This initiative will bring together residents of all ages to work collaboratively in cleaning public spaces, parks, and streets throughout our neighborhood. In addition to physical cleanup activities, we have organized educational sessions on recycling, waste management, and sustainable practices to help everyone contribute to a greener future. All necessary cleaning supplies, including gloves, trash bags, and other equipment, will be provided at the meeting point. We believe that by working together, we can create a cleaner, healthier, and more beautiful community. To ensure that we can manage the groups effectively, we kindly request that all interested participants register in advance. Let’s come together, make a positive impact, and build a stronger community spirit. - Residents Association',1,NULL),(25,'\"To: Stacey Johnson <sjohnson@toplineelec.com>\nFrom: Josh Fleck <jfleck@toplineelec.com>\nDate: October 22\nSubject: Strategic Planning\n\nDear Ms. Johnson,\n\nDistrict Management at Topline Electronics would like to inform you about a new development that will be affecting your store. Another competing consumer electronics store will be opening in the Crayville area on November 12.\n\nIn order to ensure that Topline Electronics does not lose business to this new store, District Management is advising you to run a special sale on our new line of curved UHD televisions. These televisions provide state-of-the-art features at moderate prices. By showing your customers that Topline Electronics offers the best deals in the area, you will be able to maintain customer loyalty. We will be shipping the new televisions to your store within the next week. We suggest you prepare a prominent display space in your store to feature them. You should also update your website to advertise the sale.\n\nSmooth communication between you and US is vital to effective operational practices. If you have any questions concerning the new televisions or the marketing campaign in general, please don’t hesitate to contact District Management.\n\nSincerely,\n\nJosh Fleck District Manager,\nTopline Electronics\"',2,NULL),(26,'After a months-long battle to stop the development of a new shopping mall on the location of the former Rivervalley Courthouse, residents, local businesses, and civic groups are cheering the decision to keep the 150-year-old building intact. - [1] - “We’re dissappointed,” added Branford Construction\'s CEO. “We felt that the community would benefit and grow, but obviously, residents want to preserve their history and I respect that.”',2,NULL),(27,'\"Fulton Stainless steel Products\nFulton Stainless steel Products is a large-scale manufacturer making stainless steel industrial kitchen appliances in factories in Germany and France. The company’s products are trusted by chefs and bakers around the world to be durable, long-lasting, and of superb quality. The company produces kitchen stoves, ovens, microwaves, refrigerators, food processors, electric kettles, coffee makers, and other products.\nAfter acquiring the Visor Home Products Company in a deal last month, the company expected its overall profits to increase 20% compared to the last fiscal year. As a result, to meet increased demand, the company will employ more than 300 full-time workers in our six factories and offer good pay with an excellent benefits package. The company considers all of its employees valuable members of the Fulton family. Additionally, the company continues to research and develop new products to satisfy its customers and compete with other companies.\"',2,NULL),(28,'Dear Team, Our next meeting is scheduled for Wednesday at 10 AM in the main conference room. Please prepare your reports in advance. - HR Department',2,NULL),(29,'Special Offer! Enjoy a 30% discount on our summer travel packages. Book by June 30th and explore amazing destinations. Call us now! - Travel Agency',2,NULL),(30,'Dear Valued Customer, Your order #123456 has been shipped and is expected to arrive on Friday. Track your package using the link below. - Online Store',2,NULL),(31,'Attention Employees, The company will be hosting a health and wellness seminar this Friday at 2 PM in the cafeteria. Join us to learn more about maintaining a healthy lifestyle. - HR Department',2,NULL),(32,'Dear Employees, Our annual company retreat is scheduled for August 15-17 at the Green Valley Resort. This event is an opportunity for team building, professional development, and relaxation. We will have guest speakers, interactive workshops, and outdoor activities to strengthen our collaboration skills. Accommodation and meals will be provided, and transportation will be arranged from the office to the resort. Please confirm your attendance by July 30. We encourage everyone to participate as it is a great way to connect with colleagues. For any inquiries, please reach out to the HR department. We look forward to seeing you all there! - HR Department',2,NULL),(33,'Exciting News! Our new smartphone model, the XG-20, is now available for pre-order. With its cutting-edge technology, the XG-20 offers an advanced camera system, longer battery life, and a sleek design. Customers who pre-order before September 10 will receive a 15% discount and a free wireless charger. Orders can be placed online or at any of our retail stores. Don’t miss out on this limited-time offer! For more information, visit our website or contact customer service. Thank you for choosing TechWorld!',2,NULL),(34,'Dear Employees, Our annual company retreat is scheduled for August 15-17 at the Green Valley Resort. This year, we have prepared an exceptionally detailed and engaging itinerary designed to foster team building, professional development, and well-deserved relaxation. Throughout the retreat, you will participate in a series of interactive workshops, dynamic team exercises, and inspiring guest lectures covering topics from innovation to leadership. In addition, we have arranged recreational sports, cultural tours of the surrounding area, and even a themed dinner night to help you unwind and connect with colleagues on a personal level. The resort itself offers state-of-the-art conference facilities, luxurious accommodations, multiple dining options, and a variety of leisure amenities including a spa, swimming pool, and fitness center. Transportation will be organized from the office to the resort and back, ensuring your convenience and safety. Please make sure to confirm your attendance by July 30 so that we can finalize all arrangements and special requests. For any further details or special accommodations, do not hesitate to contact the HR department. We are confident that this retreat will not only enhance our professional collaborations but also create lasting memories. Thank you for your dedication and enthusiasm. - HR Department',2,NULL),(35,'Exciting News! Our new smartphone model, the XG-20, is now available for pre-order and it represents a leap forward in mobile technology. With a state-of-the-art design and innovative features, the XG-20 offers an ultra-high resolution camera, an AI-powered processor, and an extended battery life that outperforms competitors. In addition, the device boasts a sleek and modern design combined with robust durability, making it suitable for both work and leisure. We have meticulously engineered this smartphone to provide an intuitive user interface, enhanced connectivity, and high-speed performance. Pre-order customers who secure their device before the deadline will receive exclusive benefits including a 15% discount, a complimentary wireless charger, and an extended warranty at no extra cost. The offer is valid for a limited time as a token of appreciation for our early adopters. Orders can be placed seamlessly through our official website or at our network of authorized retail outlets. We invite you to experience the pinnacle of mobile innovation with the XG-20. For more detailed specifications, user reviews, and support, please visit our dedicated product page. - TechWorld',2,NULL),(36,'Dear Business Partners, We are honored to invite you to an extensive full-day seminar on innovative leadership and strategic management, to be held on October 5th at the Downtown Conference Center. This seminar has been designed to offer deep insights into current market trends, transformative business strategies, and cutting-edge leadership techniques. Our agenda features a series of keynote speeches, interactive breakout sessions, and hands-on workshops led by renowned industry experts, successful entrepreneurs, and respected academic scholars. Throughout the day, participants will have ample opportunities to engage in networking sessions, collaborative discussions, and Q&A segments, ensuring that every attendee gains practical tools and actionable insights. Due to the limited seating and high demand for this exclusive event, early registration is mandatory. Detailed brochures, speaker bios, and the complete seminar schedule are available upon request. We look forward to welcoming you and sharing an inspiring day of learning and professional growth. - Corporate Communications',2,NULL),(37,'Dear Users, We are delighted to announce the launch of our comprehensive software update, Version 5.4, which is engineered to elevate your user experience to new heights. This major update encompasses a host of improvements, including significantly faster processing speeds, an intuitively redesigned interface, robust security enhancements, and innovative new features that streamline everyday tasks. Our development team has incorporated extensive user feedback and rigorous testing to ensure that the update not only fixes previous issues but also introduces a suite of cutting-edge functionalities. The update will be automatically deployed starting next week, and we strongly encourage you to review the detailed release notes available on our website. These notes provide in-depth explanations of the improvements and instructions to help you make the most of the new features. Our commitment to quality and continuous innovation drives us to provide software that not only meets but exceeds your expectations. For technical support or any questions regarding the update, please contact our dedicated support team. Thank you for your trust and ongoing support. - The Tech Team',2,NULL),(38,'Dear Students, It is with great pleasure that we announce the opening of applications for the prestigious Academic Excellence Scholarship. This scholarship is dedicated to recognizing outstanding academic achievements among undergraduate students and provides not only significant financial support but also opportunities for mentorship, research, and career development. Applicants are required to submit a comprehensive application package that includes official academic transcripts, letters of recommendation from professors, and a personal statement that reflects their academic goals and future aspirations. The selection process is highly competitive and designed to identify individuals who demonstrate exceptional intellectual capability and commitment to their studies. The deadline for submitting applications is November 30, and we urge all eligible students to seize this opportunity to advance their education and professional prospects. Detailed eligibility criteria, guidelines, and frequently asked questions are available in the official scholarship brochure on our website. We wish you the best of luck and look forward to reviewing your applications. - University Scholarship Committee',2,NULL),(39,'Dear Valued Customer, We are pleased to inform you that your order, reference number #789012, has been successfully processed and dispatched. Our logistics team has meticulously ensured that every item is securely packaged and handled with utmost care. Your shipment is scheduled to be delivered on Friday, and we have provided you with a unique tracking number so you can monitor its journey in real time. In our continuous effort to provide superior service, we have streamlined our shipping processes and partnered with reliable carriers to guarantee timely delivery. Should you have any questions regarding your order, require a change in the delivery address, or need any form of assistance, please feel free to contact our customer service team at your earliest convenience. We truly appreciate your business and are committed to ensuring your complete satisfaction. Thank you for choosing our online store. - Online Store',2,NULL),(40,'Attention Employees, In our ongoing commitment to ensuring a safe and secure work environment, we are organizing a mandatory safety training session on Monday at 9 AM in the main auditorium. This extensive session will cover a broad range of topics including emergency evacuation protocols, proper use of safety equipment, first-aid techniques, and risk management strategies. Our experienced safety officers will conduct live demonstrations, practical exercises, and interactive Q&A segments to ensure that every employee is well-prepared in the event of an emergency. The training material has been carefully prepared and distributed in advance, and additional resources will be available after the session for further study. It is imperative that all employees attend this session, as the information provided is critical for both personal safety and the overall well-being of our organization. Please remember to bring your company ID for verification upon entry. We appreciate your prompt attention to this matter and look forward to a productive training session. - Safety Department',2,NULL),(41,'Dear Community Members, We are thrilled to announce our annual Book Fair, an event that celebrates the joy of literature and the power of reading. This year’s fair will take place at the Community Center from September 20 to 22 and will feature an extensive array of books across multiple genres, including fiction, non-fiction, academic publications, and children’s literature. The event will also include author signings, interactive storytelling sessions, panel discussions with noted literary figures, and workshops on writing and publishing. In addition to the vibrant selection of books, there will be special exhibits showcasing rare and historical manuscripts, along with dedicated spaces for poetry readings and literary debates. Refreshments and comfortable seating areas will be available throughout the venue to enhance your experience. We warmly invite book lovers of all ages – from avid readers and students to educators and casual visitors – to join us in this celebration of culture and knowledge. For the full schedule of events and additional information, please visit our website. - Community Events Committee',2,NULL),(42,'Dear Neighbors, In an effort to improve our local environment and strengthen community bonds, our Residents Association is launching a large-scale Community Cleanup Initiative this Saturday morning. This initiative will bring together residents of all ages to work collaboratively in cleaning public spaces, parks, and streets throughout our neighborhood. In addition to physical cleanup activities, we have organized educational sessions on recycling, waste management, and sustainable practices to help everyone contribute to a greener future. All necessary cleaning supplies, including gloves, trash bags, and other equipment, will be provided at the meeting point. We believe that by working together, we can create a cleaner, healthier, and more beautiful community. To ensure that we can manage the groups effectively, we kindly request that all interested participants register in advance. Let’s come together, make a positive impact, and build a stronger community spirit. - Residents Association',2,NULL),(43,'\"To: Stacey Johnson <sjohnson@toplineelec.com>\nFrom: Josh Fleck <jfleck@toplineelec.com>\nDate: October 22\nSubject: Strategic Planning\n\nDear Ms. Johnson,\n\nDistrict Management at Topline Electronics would like to inform you about a new development that will be affecting your store. Another competing consumer electronics store will be opening in the Crayville area on November 12.\n\nIn order to ensure that Topline Electronics does not lose business to this new store, District Management is advising you to run a special sale on our new line of curved UHD televisions. These televisions provide state-of-the-art features at moderate prices. By showing your customers that Topline Electronics offers the best deals in the area, you will be able to maintain customer loyalty. We will be shipping the new televisions to your store within the next week. We suggest you prepare a prominent display space in your store to feature them. You should also update your website to advertise the sale.\n\nSmooth communication between you and US is vital to effective operational practices. If you have any questions concerning the new televisions or the marketing campaign in general, please don’t hesitate to contact District Management.\n\nSincerely,\n\nJosh Fleck District Manager,\nTopline Electronics\"',3,NULL),(44,'After a months-long battle to stop the development of a new shopping mall on the location of the former Rivervalley Courthouse, residents, local businesses, and civic groups are cheering the decision to keep the 150-year-old building intact. - [1] - “We’re dissappointed,” added Branford Construction\'s CEO. “We felt that the community would benefit and grow, but obviously, residents want to preserve their history and I respect that.”',3,NULL),(45,'\"Fulton Stainless steel Products\nFulton Stainless steel Products is a large-scale manufacturer making stainless steel industrial kitchen appliances in factories in Germany and France. The company’s products are trusted by chefs and bakers around the world to be durable, long-lasting, and of superb quality. The company produces kitchen stoves, ovens, microwaves, refrigerators, food processors, electric kettles, coffee makers, and other products.\nAfter acquiring the Visor Home Products Company in a deal last month, the company expected its overall profits to increase 20% compared to the last fiscal year. As a result, to meet increased demand, the company will employ more than 300 full-time workers in our six factories and offer good pay with an excellent benefits package. The company considers all of its employees valuable members of the Fulton family. Additionally, the company continues to research and develop new products to satisfy its customers and compete with other companies.\"',3,NULL),(46,'Dear Team, Our next meeting is scheduled for Wednesday at 10 AM in the main conference room. Please prepare your reports in advance. - HR Department',3,NULL),(47,'Special Offer! Enjoy a 30% discount on our summer travel packages. Book by June 30th and explore amazing destinations. Call us now! - Travel Agency',3,NULL),(48,'Dear Valued Customer, Your order #123456 has been shipped and is expected to arrive on Friday. Track your package using the link below. - Online Store',3,NULL),(49,'Attention Employees, The company will be hosting a health and wellness seminar this Friday at 2 PM in the cafeteria. Join us to learn more about maintaining a healthy lifestyle. - HR Department',3,NULL),(50,'Dear Employees, Our annual company retreat is scheduled for August 15-17 at the Green Valley Resort. This event is an opportunity for team building, professional development, and relaxation. We will have guest speakers, interactive workshops, and outdoor activities to strengthen our collaboration skills. Accommodation and meals will be provided, and transportation will be arranged from the office to the resort. Please confirm your attendance by July 30. We encourage everyone to participate as it is a great way to connect with colleagues. For any inquiries, please reach out to the HR department. We look forward to seeing you all there! - HR Department',3,NULL),(51,'Exciting News! Our new smartphone model, the XG-20, is now available for pre-order. With its cutting-edge technology, the XG-20 offers an advanced camera system, longer battery life, and a sleek design. Customers who pre-order before September 10 will receive a 15% discount and a free wireless charger. Orders can be placed online or at any of our retail stores. Don’t miss out on this limited-time offer! For more information, visit our website or contact customer service. Thank you for choosing TechWorld!',3,NULL),(52,'Dear Employees, Our annual company retreat is scheduled for August 15-17 at the Green Valley Resort. This year, we have prepared an exceptionally detailed and engaging itinerary designed to foster team building, professional development, and well-deserved relaxation. Throughout the retreat, you will participate in a series of interactive workshops, dynamic team exercises, and inspiring guest lectures covering topics from innovation to leadership. In addition, we have arranged recreational sports, cultural tours of the surrounding area, and even a themed dinner night to help you unwind and connect with colleagues on a personal level. The resort itself offers state-of-the-art conference facilities, luxurious accommodations, multiple dining options, and a variety of leisure amenities including a spa, swimming pool, and fitness center. Transportation will be organized from the office to the resort and back, ensuring your convenience and safety. Please make sure to confirm your attendance by July 30 so that we can finalize all arrangements and special requests. For any further details or special accommodations, do not hesitate to contact the HR department. We are confident that this retreat will not only enhance our professional collaborations but also create lasting memories. Thank you for your dedication and enthusiasm. - HR Department',3,NULL),(53,'Exciting News! Our new smartphone model, the XG-20, is now available for pre-order and it represents a leap forward in mobile technology. With a state-of-the-art design and innovative features, the XG-20 offers an ultra-high resolution camera, an AI-powered processor, and an extended battery life that outperforms competitors. In addition, the device boasts a sleek and modern design combined with robust durability, making it suitable for both work and leisure. We have meticulously engineered this smartphone to provide an intuitive user interface, enhanced connectivity, and high-speed performance. Pre-order customers who secure their device before the deadline will receive exclusive benefits including a 15% discount, a complimentary wireless charger, and an extended warranty at no extra cost. The offer is valid for a limited time as a token of appreciation for our early adopters. Orders can be placed seamlessly through our official website or at our network of authorized retail outlets. We invite you to experience the pinnacle of mobile innovation with the XG-20. For more detailed specifications, user reviews, and support, please visit our dedicated product page. - TechWorld',3,NULL),(54,'Dear Business Partners, We are honored to invite you to an extensive full-day seminar on innovative leadership and strategic management, to be held on October 5th at the Downtown Conference Center. This seminar has been designed to offer deep insights into current market trends, transformative business strategies, and cutting-edge leadership techniques. Our agenda features a series of keynote speeches, interactive breakout sessions, and hands-on workshops led by renowned industry experts, successful entrepreneurs, and respected academic scholars. Throughout the day, participants will have ample opportunities to engage in networking sessions, collaborative discussions, and Q&A segments, ensuring that every attendee gains practical tools and actionable insights. Due to the limited seating and high demand for this exclusive event, early registration is mandatory. Detailed brochures, speaker bios, and the complete seminar schedule are available upon request. We look forward to welcoming you and sharing an inspiring day of learning and professional growth. - Corporate Communications',3,NULL),(55,'Dear Users, We are delighted to announce the launch of our comprehensive software update, Version 5.4, which is engineered to elevate your user experience to new heights. This major update encompasses a host of improvements, including significantly faster processing speeds, an intuitively redesigned interface, robust security enhancements, and innovative new features that streamline everyday tasks. Our development team has incorporated extensive user feedback and rigorous testing to ensure that the update not only fixes previous issues but also introduces a suite of cutting-edge functionalities. The update will be automatically deployed starting next week, and we strongly encourage you to review the detailed release notes available on our website. These notes provide in-depth explanations of the improvements and instructions to help you make the most of the new features. Our commitment to quality and continuous innovation drives us to provide software that not only meets but exceeds your expectations. For technical support or any questions regarding the update, please contact our dedicated support team. Thank you for your trust and ongoing support. - The Tech Team',3,NULL),(56,'Dear Students, It is with great pleasure that we announce the opening of applications for the prestigious Academic Excellence Scholarship. This scholarship is dedicated to recognizing outstanding academic achievements among undergraduate students and provides not only significant financial support but also opportunities for mentorship, research, and career development. Applicants are required to submit a comprehensive application package that includes official academic transcripts, letters of recommendation from professors, and a personal statement that reflects their academic goals and future aspirations. The selection process is highly competitive and designed to identify individuals who demonstrate exceptional intellectual capability and commitment to their studies. The deadline for submitting applications is November 30, and we urge all eligible students to seize this opportunity to advance their education and professional prospects. Detailed eligibility criteria, guidelines, and frequently asked questions are available in the official scholarship brochure on our website. We wish you the best of luck and look forward to reviewing your applications. - University Scholarship Committee',3,NULL),(57,'Dear Valued Customer, We are pleased to inform you that your order, reference number #789012, has been successfully processed and dispatched. Our logistics team has meticulously ensured that every item is securely packaged and handled with utmost care. Your shipment is scheduled to be delivered on Friday, and we have provided you with a unique tracking number so you can monitor its journey in real time. In our continuous effort to provide superior service, we have streamlined our shipping processes and partnered with reliable carriers to guarantee timely delivery. Should you have any questions regarding your order, require a change in the delivery address, or need any form of assistance, please feel free to contact our customer service team at your earliest convenience. We truly appreciate your business and are committed to ensuring your complete satisfaction. Thank you for choosing our online store. - Online Store',3,NULL),(58,'Attention Employees, In our ongoing commitment to ensuring a safe and secure work environment, we are organizing a mandatory safety training session on Monday at 9 AM in the main auditorium. This extensive session will cover a broad range of topics including emergency evacuation protocols, proper use of safety equipment, first-aid techniques, and risk management strategies. Our experienced safety officers will conduct live demonstrations, practical exercises, and interactive Q&A segments to ensure that every employee is well-prepared in the event of an emergency. The training material has been carefully prepared and distributed in advance, and additional resources will be available after the session for further study. It is imperative that all employees attend this session, as the information provided is critical for both personal safety and the overall well-being of our organization. Please remember to bring your company ID for verification upon entry. We appreciate your prompt attention to this matter and look forward to a productive training session. - Safety Department',3,NULL),(59,'Dear Community Members, We are thrilled to announce our annual Book Fair, an event that celebrates the joy of literature and the power of reading. This year’s fair will take place at the Community Center from September 20 to 22 and will feature an extensive array of books across multiple genres, including fiction, non-fiction, academic publications, and children’s literature. The event will also include author signings, interactive storytelling sessions, panel discussions with noted literary figures, and workshops on writing and publishing. In addition to the vibrant selection of books, there will be special exhibits showcasing rare and historical manuscripts, along with dedicated spaces for poetry readings and literary debates. Refreshments and comfortable seating areas will be available throughout the venue to enhance your experience. We warmly invite book lovers of all ages – from avid readers and students to educators and casual visitors – to join us in this celebration of culture and knowledge. For the full schedule of events and additional information, please visit our website. - Community Events Committee',3,NULL),(60,'Dear Neighbors, In an effort to improve our local environment and strengthen community bonds, our Residents Association is launching a large-scale Community Cleanup Initiative this Saturday morning. This initiative will bring together residents of all ages to work collaboratively in cleaning public spaces, parks, and streets throughout our neighborhood. In addition to physical cleanup activities, we have organized educational sessions on recycling, waste management, and sustainable practices to help everyone contribute to a greener future. All necessary cleaning supplies, including gloves, trash bags, and other equipment, will be provided at the meeting point. We believe that by working together, we can create a cleaner, healthier, and more beautiful community. To ensure that we can manage the groups effectively, we kindly request that all interested participants register in advance. Let’s come together, make a positive impact, and build a stronger community spirit. - Residents Association',3,NULL),(61,'\"To: Stacey Johnson <sjohnson@toplineelec.com>\nFrom: Josh Fleck <jfleck@toplineelec.com>\nDate: October 22\nSubject: Strategic Planning\n\nDear Ms. Johnson,\n\nDistrict Management at Topline Electronics would like to inform you about a new development that will be affecting your store. Another competing consumer electronics store will be opening in the Crayville area on November 12.\n\nIn order to ensure that Topline Electronics does not lose business to this new store, District Management is advising you to run a special sale on our new line of curved UHD televisions. These televisions provide state-of-the-art features at moderate prices. By showing your customers that Topline Electronics offers the best deals in the area, you will be able to maintain customer loyalty. We will be shipping the new televisions to your store within the next week. We suggest you prepare a prominent display space in your store to feature them. You should also update your website to advertise the sale.\n\nSmooth communication between you and US is vital to effective operational practices. If you have any questions concerning the new televisions or the marketing campaign in general, please don’t hesitate to contact District Management.\n\nSincerely,\n\nJosh Fleck District Manager,\nTopline Electronics\"',4,NULL),(62,'After a months-long battle to stop the development of a new shopping mall on the location of the former Rivervalley Courthouse, residents, local businesses, and civic groups are cheering the decision to keep the 150-year-old building intact. - [1] - “We’re dissappointed,” added Branford Construction\'s CEO. “We felt that the community would benefit and grow, but obviously, residents want to preserve their history and I respect that.”',4,NULL),(63,'\"Fulton Stainless steel Products\nFulton Stainless steel Products is a large-scale manufacturer making stainless steel industrial kitchen appliances in factories in Germany and France. The company’s products are trusted by chefs and bakers around the world to be durable, long-lasting, and of superb quality. The company produces kitchen stoves, ovens, microwaves, refrigerators, food processors, electric kettles, coffee makers, and other products.\nAfter acquiring the Visor Home Products Company in a deal last month, the company expected its overall profits to increase 20% compared to the last fiscal year. As a result, to meet increased demand, the company will employ more than 300 full-time workers in our six factories and offer good pay with an excellent benefits package. The company considers all of its employees valuable members of the Fulton family. Additionally, the company continues to research and develop new products to satisfy its customers and compete with other companies.\"',4,NULL),(64,'Dear Team, Our next meeting is scheduled for Wednesday at 10 AM in the main conference room. Please prepare your reports in advance. - HR Department',4,NULL),(65,'Special Offer! Enjoy a 30% discount on our summer travel packages. Book by June 30th and explore amazing destinations. Call us now! - Travel Agency',4,NULL),(66,'Dear Valued Customer, Your order #123456 has been shipped and is expected to arrive on Friday. Track your package using the link below. - Online Store',4,NULL),(67,'Attention Employees, The company will be hosting a health and wellness seminar this Friday at 2 PM in the cafeteria. Join us to learn more about maintaining a healthy lifestyle. - HR Department',4,NULL),(68,'Dear Employees, Our annual company retreat is scheduled for August 15-17 at the Green Valley Resort. This event is an opportunity for team building, professional development, and relaxation. We will have guest speakers, interactive workshops, and outdoor activities to strengthen our collaboration skills. Accommodation and meals will be provided, and transportation will be arranged from the office to the resort. Please confirm your attendance by July 30. We encourage everyone to participate as it is a great way to connect with colleagues. For any inquiries, please reach out to the HR department. We look forward to seeing you all there! - HR Department',4,NULL),(69,'Exciting News! Our new smartphone model, the XG-20, is now available for pre-order. With its cutting-edge technology, the XG-20 offers an advanced camera system, longer battery life, and a sleek design. Customers who pre-order before September 10 will receive a 15% discount and a free wireless charger. Orders can be placed online or at any of our retail stores. Don’t miss out on this limited-time offer! For more information, visit our website or contact customer service. Thank you for choosing TechWorld!',4,NULL),(70,'Dear Employees, Our annual company retreat is scheduled for August 15-17 at the Green Valley Resort. This year, we have prepared an exceptionally detailed and engaging itinerary designed to foster team building, professional development, and well-deserved relaxation. Throughout the retreat, you will participate in a series of interactive workshops, dynamic team exercises, and inspiring guest lectures covering topics from innovation to leadership. In addition, we have arranged recreational sports, cultural tours of the surrounding area, and even a themed dinner night to help you unwind and connect with colleagues on a personal level. The resort itself offers state-of-the-art conference facilities, luxurious accommodations, multiple dining options, and a variety of leisure amenities including a spa, swimming pool, and fitness center. Transportation will be organized from the office to the resort and back, ensuring your convenience and safety. Please make sure to confirm your attendance by July 30 so that we can finalize all arrangements and special requests. For any further details or special accommodations, do not hesitate to contact the HR department. We are confident that this retreat will not only enhance our professional collaborations but also create lasting memories. Thank you for your dedication and enthusiasm. - HR Department',4,NULL),(71,'Exciting News! Our new smartphone model, the XG-20, is now available for pre-order and it represents a leap forward in mobile technology. With a state-of-the-art design and innovative features, the XG-20 offers an ultra-high resolution camera, an AI-powered processor, and an extended battery life that outperforms competitors. In addition, the device boasts a sleek and modern design combined with robust durability, making it suitable for both work and leisure. We have meticulously engineered this smartphone to provide an intuitive user interface, enhanced connectivity, and high-speed performance. Pre-order customers who secure their device before the deadline will receive exclusive benefits including a 15% discount, a complimentary wireless charger, and an extended warranty at no extra cost. The offer is valid for a limited time as a token of appreciation for our early adopters. Orders can be placed seamlessly through our official website or at our network of authorized retail outlets. We invite you to experience the pinnacle of mobile innovation with the XG-20. For more detailed specifications, user reviews, and support, please visit our dedicated product page. - TechWorld',4,NULL),(72,'Dear Business Partners, We are honored to invite you to an extensive full-day seminar on innovative leadership and strategic management, to be held on October 5th at the Downtown Conference Center. This seminar has been designed to offer deep insights into current market trends, transformative business strategies, and cutting-edge leadership techniques. Our agenda features a series of keynote speeches, interactive breakout sessions, and hands-on workshops led by renowned industry experts, successful entrepreneurs, and respected academic scholars. Throughout the day, participants will have ample opportunities to engage in networking sessions, collaborative discussions, and Q&A segments, ensuring that every attendee gains practical tools and actionable insights. Due to the limited seating and high demand for this exclusive event, early registration is mandatory. Detailed brochures, speaker bios, and the complete seminar schedule are available upon request. We look forward to welcoming you and sharing an inspiring day of learning and professional growth. - Corporate Communications',4,NULL),(73,'Dear Users, We are delighted to announce the launch of our comprehensive software update, Version 5.4, which is engineered to elevate your user experience to new heights. This major update encompasses a host of improvements, including significantly faster processing speeds, an intuitively redesigned interface, robust security enhancements, and innovative new features that streamline everyday tasks. Our development team has incorporated extensive user feedback and rigorous testing to ensure that the update not only fixes previous issues but also introduces a suite of cutting-edge functionalities. The update will be automatically deployed starting next week, and we strongly encourage you to review the detailed release notes available on our website. These notes provide in-depth explanations of the improvements and instructions to help you make the most of the new features. Our commitment to quality and continuous innovation drives us to provide software that not only meets but exceeds your expectations. For technical support or any questions regarding the update, please contact our dedicated support team. Thank you for your trust and ongoing support. - The Tech Team',4,NULL),(74,'Dear Students, It is with great pleasure that we announce the opening of applications for the prestigious Academic Excellence Scholarship. This scholarship is dedicated to recognizing outstanding academic achievements among undergraduate students and provides not only significant financial support but also opportunities for mentorship, research, and career development. Applicants are required to submit a comprehensive application package that includes official academic transcripts, letters of recommendation from professors, and a personal statement that reflects their academic goals and future aspirations. The selection process is highly competitive and designed to identify individuals who demonstrate exceptional intellectual capability and commitment to their studies. The deadline for submitting applications is November 30, and we urge all eligible students to seize this opportunity to advance their education and professional prospects. Detailed eligibility criteria, guidelines, and frequently asked questions are available in the official scholarship brochure on our website. We wish you the best of luck and look forward to reviewing your applications. - University Scholarship Committee',4,NULL),(75,'Dear Valued Customer, We are pleased to inform you that your order, reference number #789012, has been successfully processed and dispatched. Our logistics team has meticulously ensured that every item is securely packaged and handled with utmost care. Your shipment is scheduled to be delivered on Friday, and we have provided you with a unique tracking number so you can monitor its journey in real time. In our continuous effort to provide superior service, we have streamlined our shipping processes and partnered with reliable carriers to guarantee timely delivery. Should you have any questions regarding your order, require a change in the delivery address, or need any form of assistance, please feel free to contact our customer service team at your earliest convenience. We truly appreciate your business and are committed to ensuring your complete satisfaction. Thank you for choosing our online store. - Online Store',4,NULL),(76,'Attention Employees, In our ongoing commitment to ensuring a safe and secure work environment, we are organizing a mandatory safety training session on Monday at 9 AM in the main auditorium. This extensive session will cover a broad range of topics including emergency evacuation protocols, proper use of safety equipment, first-aid techniques, and risk management strategies. Our experienced safety officers will conduct live demonstrations, practical exercises, and interactive Q&A segments to ensure that every employee is well-prepared in the event of an emergency. The training material has been carefully prepared and distributed in advance, and additional resources will be available after the session for further study. It is imperative that all employees attend this session, as the information provided is critical for both personal safety and the overall well-being of our organization. Please remember to bring your company ID for verification upon entry. We appreciate your prompt attention to this matter and look forward to a productive training session. - Safety Department',4,NULL),(77,'Dear Community Members, We are thrilled to announce our annual Book Fair, an event that celebrates the joy of literature and the power of reading. This year’s fair will take place at the Community Center from September 20 to 22 and will feature an extensive array of books across multiple genres, including fiction, non-fiction, academic publications, and children’s literature. The event will also include author signings, interactive storytelling sessions, panel discussions with noted literary figures, and workshops on writing and publishing. In addition to the vibrant selection of books, there will be special exhibits showcasing rare and historical manuscripts, along with dedicated spaces for poetry readings and literary debates. Refreshments and comfortable seating areas will be available throughout the venue to enhance your experience. We warmly invite book lovers of all ages – from avid readers and students to educators and casual visitors – to join us in this celebration of culture and knowledge. For the full schedule of events and additional information, please visit our website. - Community Events Committee',4,NULL),(78,'Dear Neighbors, In an effort to improve our local environment and strengthen community bonds, our Residents Association is launching a large-scale Community Cleanup Initiative this Saturday morning. This initiative will bring together residents of all ages to work collaboratively in cleaning public spaces, parks, and streets throughout our neighborhood. In addition to physical cleanup activities, we have organized educational sessions on recycling, waste management, and sustainable practices to help everyone contribute to a greener future. All necessary cleaning supplies, including gloves, trash bags, and other equipment, will be provided at the meeting point. We believe that by working together, we can create a cleaner, healthier, and more beautiful community. To ensure that we can manage the groups effectively, we kindly request that all interested participants register in advance. Let’s come together, make a positive impact, and build a stronger community spirit. - Residents Association',4,NULL),(79,'\"To: Stacey Johnson <sjohnson@toplineelec.com>\nFrom: Josh Fleck <jfleck@toplineelec.com>\nDate: October 22\nSubject: Strategic Planning\n\nDear Ms. Johnson,\n\nDistrict Management at Topline Electronics would like to inform you about a new development that will be affecting your store. Another competing consumer electronics store will be opening in the Crayville area on November 12.\n\nIn order to ensure that Topline Electronics does not lose business to this new store, District Management is advising you to run a special sale on our new line of curved UHD televisions. These televisions provide state-of-the-art features at moderate prices. By showing your customers that Topline Electronics offers the best deals in the area, you will be able to maintain customer loyalty. We will be shipping the new televisions to your store within the next week. We suggest you prepare a prominent display space in your store to feature them. You should also update your website to advertise the sale.\n\nSmooth communication between you and US is vital to effective operational practices. If you have any questions concerning the new televisions or the marketing campaign in general, please don’t hesitate to contact District Management.\n\nSincerely,\n\nJosh Fleck District Manager,\nTopline Electronics\"',5,NULL),(80,'After a months-long battle to stop the development of a new shopping mall on the location of the former Rivervalley Courthouse, residents, local businesses, and civic groups are cheering the decision to keep the 150-year-old building intact. - [1] - “We’re dissappointed,” added Branford Construction\'s CEO. “We felt that the community would benefit and grow, but obviously, residents want to preserve their history and I respect that.”',5,NULL),(81,'\"Fulton Stainless steel Products\nFulton Stainless steel Products is a large-scale manufacturer making stainless steel industrial kitchen appliances in factories in Germany and France. The company’s products are trusted by chefs and bakers around the world to be durable, long-lasting, and of superb quality. The company produces kitchen stoves, ovens, microwaves, refrigerators, food processors, electric kettles, coffee makers, and other products.\nAfter acquiring the Visor Home Products Company in a deal last month, the company expected its overall profits to increase 20% compared to the last fiscal year. As a result, to meet increased demand, the company will employ more than 300 full-time workers in our six factories and offer good pay with an excellent benefits package. The company considers all of its employees valuable members of the Fulton family. Additionally, the company continues to research and develop new products to satisfy its customers and compete with other companies.\"',5,NULL),(82,'Dear Team, Our next meeting is scheduled for Wednesday at 10 AM in the main conference room. Please prepare your reports in advance. - HR Department',5,NULL),(83,'Special Offer! Enjoy a 30% discount on our summer travel packages. Book by June 30th and explore amazing destinations. Call us now! - Travel Agency',5,NULL),(84,'Dear Valued Customer, Your order #123456 has been shipped and is expected to arrive on Friday. Track your package using the link below. - Online Store',5,NULL),(85,'Attention Employees, The company will be hosting a health and wellness seminar this Friday at 2 PM in the cafeteria. Join us to learn more about maintaining a healthy lifestyle. - HR Department',5,NULL),(86,'Dear Employees, Our annual company retreat is scheduled for August 15-17 at the Green Valley Resort. This event is an opportunity for team building, professional development, and relaxation. We will have guest speakers, interactive workshops, and outdoor activities to strengthen our collaboration skills. Accommodation and meals will be provided, and transportation will be arranged from the office to the resort. Please confirm your attendance by July 30. We encourage everyone to participate as it is a great way to connect with colleagues. For any inquiries, please reach out to the HR department. We look forward to seeing you all there! - HR Department',5,NULL),(87,'Exciting News! Our new smartphone model, the XG-20, is now available for pre-order. With its cutting-edge technology, the XG-20 offers an advanced camera system, longer battery life, and a sleek design. Customers who pre-order before September 10 will receive a 15% discount and a free wireless charger. Orders can be placed online or at any of our retail stores. Don’t miss out on this limited-time offer! For more information, visit our website or contact customer service. Thank you for choosing TechWorld!',5,NULL),(88,'Dear Employees, Our annual company retreat is scheduled for August 15-17 at the Green Valley Resort. This year, we have prepared an exceptionally detailed and engaging itinerary designed to foster team building, professional development, and well-deserved relaxation. Throughout the retreat, you will participate in a series of interactive workshops, dynamic team exercises, and inspiring guest lectures covering topics from innovation to leadership. In addition, we have arranged recreational sports, cultural tours of the surrounding area, and even a themed dinner night to help you unwind and connect with colleagues on a personal level. The resort itself offers state-of-the-art conference facilities, luxurious accommodations, multiple dining options, and a variety of leisure amenities including a spa, swimming pool, and fitness center. Transportation will be organized from the office to the resort and back, ensuring your convenience and safety. Please make sure to confirm your attendance by July 30 so that we can finalize all arrangements and special requests. For any further details or special accommodations, do not hesitate to contact the HR department. We are confident that this retreat will not only enhance our professional collaborations but also create lasting memories. Thank you for your dedication and enthusiasm. - HR Department',5,NULL),(89,'Exciting News! Our new smartphone model, the XG-20, is now available for pre-order and it represents a leap forward in mobile technology. With a state-of-the-art design and innovative features, the XG-20 offers an ultra-high resolution camera, an AI-powered processor, and an extended battery life that outperforms competitors. In addition, the device boasts a sleek and modern design combined with robust durability, making it suitable for both work and leisure. We have meticulously engineered this smartphone to provide an intuitive user interface, enhanced connectivity, and high-speed performance. Pre-order customers who secure their device before the deadline will receive exclusive benefits including a 15% discount, a complimentary wireless charger, and an extended warranty at no extra cost. The offer is valid for a limited time as a token of appreciation for our early adopters. Orders can be placed seamlessly through our official website or at our network of authorized retail outlets. We invite you to experience the pinnacle of mobile innovation with the XG-20. For more detailed specifications, user reviews, and support, please visit our dedicated product page. - TechWorld',5,NULL),(90,'Dear Business Partners, We are honored to invite you to an extensive full-day seminar on innovative leadership and strategic management, to be held on October 5th at the Downtown Conference Center. This seminar has been designed to offer deep insights into current market trends, transformative business strategies, and cutting-edge leadership techniques. Our agenda features a series of keynote speeches, interactive breakout sessions, and hands-on workshops led by renowned industry experts, successful entrepreneurs, and respected academic scholars. Throughout the day, participants will have ample opportunities to engage in networking sessions, collaborative discussions, and Q&A segments, ensuring that every attendee gains practical tools and actionable insights. Due to the limited seating and high demand for this exclusive event, early registration is mandatory. Detailed brochures, speaker bios, and the complete seminar schedule are available upon request. We look forward to welcoming you and sharing an inspiring day of learning and professional growth. - Corporate Communications',5,NULL),(91,'Dear Users, We are delighted to announce the launch of our comprehensive software update, Version 5.4, which is engineered to elevate your user experience to new heights. This major update encompasses a host of improvements, including significantly faster processing speeds, an intuitively redesigned interface, robust security enhancements, and innovative new features that streamline everyday tasks. Our development team has incorporated extensive user feedback and rigorous testing to ensure that the update not only fixes previous issues but also introduces a suite of cutting-edge functionalities. The update will be automatically deployed starting next week, and we strongly encourage you to review the detailed release notes available on our website. These notes provide in-depth explanations of the improvements and instructions to help you make the most of the new features. Our commitment to quality and continuous innovation drives us to provide software that not only meets but exceeds your expectations. For technical support or any questions regarding the update, please contact our dedicated support team. Thank you for your trust and ongoing support. - The Tech Team',5,NULL),(92,'Dear Students, It is with great pleasure that we announce the opening of applications for the prestigious Academic Excellence Scholarship. This scholarship is dedicated to recognizing outstanding academic achievements among undergraduate students and provides not only significant financial support but also opportunities for mentorship, research, and career development. Applicants are required to submit a comprehensive application package that includes official academic transcripts, letters of recommendation from professors, and a personal statement that reflects their academic goals and future aspirations. The selection process is highly competitive and designed to identify individuals who demonstrate exceptional intellectual capability and commitment to their studies. The deadline for submitting applications is November 30, and we urge all eligible students to seize this opportunity to advance their education and professional prospects. Detailed eligibility criteria, guidelines, and frequently asked questions are available in the official scholarship brochure on our website. We wish you the best of luck and look forward to reviewing your applications. - University Scholarship Committee',5,NULL),(93,'Dear Valued Customer, We are pleased to inform you that your order, reference number #789012, has been successfully processed and dispatched. Our logistics team has meticulously ensured that every item is securely packaged and handled with utmost care. Your shipment is scheduled to be delivered on Friday, and we have provided you with a unique tracking number so you can monitor its journey in real time. In our continuous effort to provide superior service, we have streamlined our shipping processes and partnered with reliable carriers to guarantee timely delivery. Should you have any questions regarding your order, require a change in the delivery address, or need any form of assistance, please feel free to contact our customer service team at your earliest convenience. We truly appreciate your business and are committed to ensuring your complete satisfaction. Thank you for choosing our online store. - Online Store',5,NULL),(94,'Attention Employees, In our ongoing commitment to ensuring a safe and secure work environment, we are organizing a mandatory safety training session on Monday at 9 AM in the main auditorium. This extensive session will cover a broad range of topics including emergency evacuation protocols, proper use of safety equipment, first-aid techniques, and risk management strategies. Our experienced safety officers will conduct live demonstrations, practical exercises, and interactive Q&A segments to ensure that every employee is well-prepared in the event of an emergency. The training material has been carefully prepared and distributed in advance, and additional resources will be available after the session for further study. It is imperative that all employees attend this session, as the information provided is critical for both personal safety and the overall well-being of our organization. Please remember to bring your company ID for verification upon entry. We appreciate your prompt attention to this matter and look forward to a productive training session. - Safety Department',5,NULL),(95,'Dear Community Members, We are thrilled to announce our annual Book Fair, an event that celebrates the joy of literature and the power of reading. This year’s fair will take place at the Community Center from September 20 to 22 and will feature an extensive array of books across multiple genres, including fiction, non-fiction, academic publications, and children’s literature. The event will also include author signings, interactive storytelling sessions, panel discussions with noted literary figures, and workshops on writing and publishing. In addition to the vibrant selection of books, there will be special exhibits showcasing rare and historical manuscripts, along with dedicated spaces for poetry readings and literary debates. Refreshments and comfortable seating areas will be available throughout the venue to enhance your experience. We warmly invite book lovers of all ages – from avid readers and students to educators and casual visitors – to join us in this celebration of culture and knowledge. For the full schedule of events and additional information, please visit our website. - Community Events Committee',5,NULL),(96,'Dear Neighbors, In an effort to improve our local environment and strengthen community bonds, our Residents Association is launching a large-scale Community Cleanup Initiative this Saturday morning. This initiative will bring together residents of all ages to work collaboratively in cleaning public spaces, parks, and streets throughout our neighborhood. In addition to physical cleanup activities, we have organized educational sessions on recycling, waste management, and sustainable practices to help everyone contribute to a greener future. All necessary cleaning supplies, including gloves, trash bags, and other equipment, will be provided at the meeting point. We believe that by working together, we can create a cleaner, healthier, and more beautiful community. To ensure that we can manage the groups effectively, we kindly request that all interested participants register in advance. Let’s come together, make a positive impact, and build a stronger community spirit. - Residents Association',5,NULL);
/*!40000 ALTER TABLE `part7` ENABLE KEYS */;
UNLOCK TABLES;

--
-- Table structure for table `part7_question`
--

DROP TABLE IF EXISTS `part7_question`;
/*!40101 SET @saved_cs_client     = @@character_set_client */;
/*!50503 SET character_set_client = utf8mb4 */;
CREATE TABLE `part7_question` (
  `id` bigint NOT NULL AUTO_INCREMENT,
  `correct_answer` varchar(1) NOT NULL,
  `explanation` text NOT NULL,
  `number` bigint NOT NULL,
  `option_a` varchar(255) NOT NULL,
  `option_b` varchar(255) NOT NULL,
  `option_c` varchar(255) NOT NULL,
  `option_d` varchar(255) NOT NULL,
  `question` text NOT NULL,
  `part7_id` bigint NOT NULL,
  PRIMARY KEY (`id`),
  KEY `FKqnbpcfia4797cql26n8qxwsaq` (`part7_id`),
  CONSTRAINT `FKqnbpcfia4797cql26n8qxwsaq` FOREIGN KEY (`part7_id`) REFERENCES `part7` (`id`)
) ENGINE=InnoDB AUTO_INCREMENT=289 DEFAULT CHARSET=utf8mb4 COLLATE=utf8mb4_0900_ai_ci;
/*!40101 SET character_set_client = @saved_cs_client */;

--
-- Dumping data for table `part7_question`
--

LOCK TABLES `part7_question` WRITE;
/*!40000 ALTER TABLE `part7_question` DISABLE KEYS */;
INSERT INTO `part7_question` VALUES (1,'A','Giải thích',1,'(A) A store manager','(B) A customer','(C) A product developer','(D) are brought','Who most likely is Ms. Johnson?',1),(2,'C','Giải thích',2,'(A) It recently opened a new store location.','(B) It will be relocated to the Crayville area.','(C) It is concerned about market competition.','(D) It was nominated for an annual award.','What is indicated about Topline Electronics?',1),(3,'B','Giải thích',3,'(A) Add new information to a website','(B) Hire additional staff','(C) Contact Management if necessary','(D) Arrange a sale display area','What is Ms. Johnson NOT instructed to do?',1),(4,'B','The announcement invites employees to a seminar.',1,'(A) To introduce a new policy','(B) To invite employees to a seminar','(C) To announce a holiday','(D) To promote a new product','What is the purpose of this announcement?',2),(5,'B','The seminar is scheduled in the cafeteria.',2,'(A) In the main hall','(B) In the cafeteria','(C) In the gym','(D) In the meeting room','Where will the seminar take place?',2),(6,'B','The seminar focuses on health and wellness.',3,'(A) Career development','(B) Healthy lifestyle','(C) Company policies','(D) Team building','Where will the seminar take place?',2),(7,'B','Giải thích',1,'(A) A car manufacturer','(B) A restaurant','(C) A real estate agency','(D) A clothing store','Who is most likely to be a customer of Fulton Stainless steel Products?',3),(8,'C','Giải thích',2,'(A) It held a press conference.','(B) It opened a new factory.','(C) It obtained a company.','(D) It laid off some workers.','What did Fulton Stainless steel Products do last month?',3),(9,'B','Giải thích',3,'(A) It recently provided extra funding for research and development.','(B) It has released a budget proposal for next year.','(C) It offers a benefits package to its part- time employees.','(D) It plans to hire additional employees to work in factories.','What is mentioned about Fulton Stainless Steel Products?',3),(10,'C','The letter describes a new travel package.',1,'(A) A new flight route','(B) A discount on hotels','(C) A travel package','(D) A car rental service','What is being promoted in the letter?',4),(11,'C','The letter states the promotion lasts one month.',2,'(A) One week','(B) Two weeks','(C) One month','(D) Three months','How long is the promotional period?',4),(12,'A','Frequent travelers are encouraged to book early.',3,'(A) Frequent travelers','(B) Students','(C) Business owners','(D) Local residents','Who is the target audience of the letter?',4),(13,'A','Giải thích',1,'(A) A store manager','(B) A customer','(C) A product developer','(D) are brought','Who most likely is Ms. Johnson?',5),(14,'C','Giải thích',2,'(A) It recently opened a new store location.','(B) It will be relocated to the Crayville area.','(C) It is concerned about market competition.','(D) It was nominated for an annual award.','What is indicated about Topline Electronics?',5),(15,'B','Giải thích',3,'(A) Add new information to a website','(B) Hire additional staff','(C) Contact Management if necessary','(D) Arrange a sale display area','What is Ms. Johnson NOT instructed to do?',5),(16,'B','The email informs about a shipped order.',1,'(A) To confirm a purchase','(B) To notify a shipment','(C) To offer a discount','(D) To request feedback','What is the purpose of this email?',6),(17,'C','The email states the expected arrival is Friday.',2,'(A) Wednesday','(B) Thursday','(C) Friday','(D) Saturday','When will the package arrive?',6),(18,'B','The email provides a tracking link.',3,'(A) Change the delivery address','(B) Track their package','(C) Request a refund','(D) Cancel the order','What can the recipient do with the provided link?',6),(19,'A','Giải thích',147,'A store manager','A customer','A product developer','A marketing specialist','Who most likely is Ms. Johnson?',7),(20,'C','Giải thích',148,'It recently opened a new store location.','It will be relocated to the Crayville area.','It is concerned about market competition.','It was nominated for an annual award.','What is indicated about Topline Electronics?',7),(21,'B','Giải thích',149,'Add new information to a website','Hire additional staff','Contact Management if necessary','Arrange a sale display area','What is Ms. Johnson NOT instructed to do?',7),(22,'C','Giải thích',150,'Branford Construction wants to renovate the building.','The residents want to turn the building into a shopping mall.','It may become a public library or school.','It may be destroyed.','What is indicated about the old courthouse?',8),(23,'A','Giải thích',151,'[1]','[2]','[3]','[4]','In which of the positions marked [1], [2], [3] and [4] does the following sentence belong? “Branford Construction, the development company that originally planned to build the shopping mall, is looking to build the mall outside of the Rivervalley Community.”',8),(24,'B','Giải thích',152,'The community made a lot of money from the land.','It has been occuring online.','The city government has been helping','They haven’t raised enough money','What is suggested about the fundraising efforts?',8),(25,'B','Giải thích',153,'A car manufacturer','A restaurant','A real estate agency','A clothing store','Who is most likely to be a customer of Fulton Stainless steel Products?',9),(26,'C','Giải thích',154,'It held a press conference.','It opened a new factory.','It obtained a company.','It laid off some workers.','What did Fulton Stainless steel Products do last month?',9),(27,'B','Giải thích',155,'It recently provided extra funding for research and development.','It has released a budget proposal for next year.','It offers a benefits package to its part- time employees.','It plans to hire additional employees to work in factories.','What is mentioned about Fulton Stainless Steel Products?',9),(28,'B','The email discusses scheduling a meeting.',156,'To announce a new policy','To schedule a meeting','To provide training details','To confirm a holiday','What is the main purpose of the email?',10),(29,'C','The email states the meeting is on Wednesday.',157,'Monday','Tuesday','Wednesday','Thursday','When will the meeting take place?',10),(30,'B','Only managers are mentioned as required attendees.',158,'All employees','Only managers','HR department','Interns','Who should attend the meeting?',10),(31,'C','The letter describes a new travel package.',159,'A new flight route','A discount on hotels','A travel package','A car rental service','What is being promoted in the letter?',11),(32,'C','The letter states the promotion lasts one month.',160,'One week','Two weeks','One month','Three months','How long is the promotional period?',11),(33,'A','Frequent travelers are encouraged to book early.',161,'Frequent travelers','Students','Business owners','Local residents','Who is the target audience of the letter?',11),(34,'B','The email informs about a shipped order.',162,'To confirm a purchase','To notify a shipment','To offer a discount','To request feedback','What is the purpose of this email?',12),(35,'C','The email states the expected arrival is Friday.',163,'Wednesday','Thursday','Friday','Saturday','When will the package arrive?',12),(36,'B','The email provides a tracking link.',164,'Change the delivery address','Track their package','Request a refund','Cancel the order','What can the recipient do with the provided link?',12),(37,'B','The announcement invites employees to a seminar.',165,'To introduce a new policy','To invite employees to a seminar','To announce a holiday','To promote a new product','What is the purpose of this announcement?',13),(38,'B','The seminar is scheduled in the cafeteria.',166,'In the main hall','In the cafeteria','In the gym','In the meeting room','Where will the seminar take place?',13),(39,'B','The seminar focuses on health and wellness.',167,'Career development','Healthy lifestyle','Company policies','Team building','What is the main topic of the seminar?',13),(40,'B','The announcement informs employees about the upcoming retreat.',168,'To introduce a new company policy','To announce an upcoming retreat','To request feedback from employees','To introduce a new training program','What is the purpose of this announcement?',14),(41,'C','The event is scheduled at Green Valley Resort.',169,'At the company office','At a training center','At Green Valley Resort','At a beach resort','Where will the retreat take place?',14),(42,'B','Employees must confirm attendance before July 30.',170,'Book their own hotel','Confirm their attendance','Submit a feedback form','Complete a survey','What should employees do before July 30?',14),(43,'B','The announcement promotes the XG-20 smartphone.',171,'A new tablet','A new smartphone','A new smartwatch','A new laptop','What product is being promoted?',15),(44,'C','Customers receive a free wireless charger with pre-orders.',172,'A free screen protector','A 20% discount','A free wireless charger','An extended warranty','What is the special offer for pre-orders?',15),(45,'D','Orders can be placed both online and in stores.',173,'Only at retail stores','Only online','Through phone orders only','Both online and retail stores','Where can customers place an order?',15),(46,'B','The announcement is about the upcoming company retreat.',174,'To introduce a new company policy','To announce an upcoming retreat','To request feedback from employees','To introduce a new training program','What is the main purpose of this announcement?',16),(47,'B','The itinerary includes team building activities, workshops, and recreational sports.',175,'Only a meeting session','Team building, workshops, and recreational activities','A company party only','An online webinar','What is included in the retreat itinerary?',16),(48,'B','Employees must confirm their attendance by July 30.',176,'Submit a survey','Confirm their attendance','Sign up for a workshop','Update their profile','What must employees do by July 30?',16),(49,'B','The announcement promotes a new smartphone model, the XG-20.',177,'A new tablet','A new smartphone','A new smartwatch','A new laptop','What product is being promoted?',17),(50,'B','Pre-order customers receive a discount, a free wireless charger, and an extended warranty.',178,'A free screen protector','A 15% discount, free wireless charger, and extended warranty','Cashback rewards','Bonus data plan','What exclusive benefit is offered for pre-orders?',17),(51,'C','Orders can be placed both online and at authorized retail outlets.',179,'Only at physical stores','Only via phone call','Online and at authorized retail outlets','Through social media','Where can customers place their orders?',17),(52,'B','The seminar is focused on innovative leadership and strategic management.',180,'Marketing techniques','Innovative leadership and strategic management','Financial management','Customer service','What is the main focus of the seminar?',18),(53,'B','Attendees will gain insights, networking opportunities, and practical business tools.',181,'Only a meal voucher','Insights, networking, and practical tools','Free software','Gift hampers','What benefit can attendees expect from this seminar?',18),(54,'B','Early registration is required due to limited seating.',182,'A formal dress code','Early registration','Submission of a proposal','Prior payment of fees','What is a mandatory requirement for attendance?',18),(55,'A','The email announces a comprehensive software update, Version 5.4.',183,'A software update','A new product','A discount offer','A security breach','What is being announced in the email?',19),(56,'A','The update includes performance improvements, enhanced security, and new features.',184,'Faster processing, enhanced security, and new features','New hardware','Price reductions','A new color scheme','Which improvements are included in the update?',19),(57,'C','The update will roll out automatically starting next week.',185,'Immediately','Next month','Next week','Tomorrow','When is the update scheduled to roll out?',19),(58,'B','The announcement offers an Academic Excellence Scholarship.',186,'An internship','A scholarship','A job placement','A study abroad program','What opportunity is being offered?',20),(59,'B','Applicants must submit transcripts, recommendation letters, and a personal statement.',187,'A resume and cover letter','Academic transcripts, recommendation letters, and a personal statement','A portfolio','A copy of their ID','What documents must applicants submit?',20),(60,'B','The application deadline is November 30.',188,'45945','45991','46006','46022','What is the application deadline?',20),(61,'B','The email notifies the customer that their order has been shipped.',189,'To confirm a purchase','To notify about shipment','To request feedback','To offer a discount','What is the primary purpose of this email?',21),(62,'C','The shipment is scheduled to be delivered on Friday.',190,'Wednesday','Thursday','Friday','Saturday','When is the delivery scheduled?',21),(63,'B','A tracking number is provided for monitoring the shipment.',191,'A phone number','A tracking number','A discount code','A return label','What is provided to help track the order?',21),(64,'A','The session focuses on safety and emergency procedures.',192,'Safety and emergency procedures','Company policy updates','A software tutorial','Product training','What is the focus of the training session?',22),(65,'A','The training session is held in the main auditorium.',193,'In the main auditorium','In a small meeting room','Online','At the cafeteria','Where is the training session held?',22),(66,'B','Employees must bring their company ID for verification.',194,'A notebook','Their company ID','A signed waiver','A lunch box','What must employees bring to the session?',22),(67,'B','The announcement is about the annual Book Fair.',195,'A music festival','A book fair','A food expo','An art exhibition','What event is being announced?',23),(68,'B','The book fair will take place at the Community Center.',196,'At the library','At the Community Center','At a local park','At a school','Where will the book fair be held?',23),(69,'C','The event is designed for book enthusiasts of all ages.',197,'Children only','Adults only','All age groups','Senior citizens','Who is the intended audience for the event?',23),(70,'B','The initiative is focused on cleaning the neighborhood.',198,'To host a social event','To clean the neighborhood','To organize a sports event','To launch a recycling program','What is the main goal of this initiative?',24),(71,'B','Cleaning supplies will be provided for the cleanup.',199,'Snacks only','Cleaning supplies','Transportation','Merchandise','What will be provided to participants?',24),(72,'B','Participants are required to register in advance.',200,'Bring their own tools','Register in advance','Sign a waiver','Attend a briefing session','What must participants do prior to the event?',24),(73,'A','Giải thích',159,'A store manager','A customer','A product developer','A marketing specialist','Who most likely is Ms. Johnson?',25),(74,'C','Giải thích',160,'It recently opened a new store location.','It will be relocated to the Crayville area.','It is concerned about market competition.','It was nominated for an annual award.','What is indicated about Topline Electronics?',25),(75,'B','Giải thích',161,'Add new information to a website','Hire additional staff','Contact Management if necessary','Arrange a sale display area','What is Ms. Johnson NOT instructed to do?',25),(76,'C','Giải thích',162,'Branford Construction wants to renovate the building.','The residents want to turn the building into a shopping mall.','It may become a public library or school.','It may be destroyed.','What is indicated about the old courthouse?',26),(77,'A','Giải thích',163,'[1]','[2]','[3]','[4]','In which of the positions marked [1], [2], [3] and [4] does the following sentence belong? “Branford Construction, the development company that originally planned to build the shopping mall, is looking to build the mall outside of the Rivervalley Community.”',26),(78,'B','Giải thích',164,'The community made a lot of money from the land.','It has been occuring online.','The city government has been helping','They haven’t raised enough money','What is suggested about the fundraising efforts?',26),(79,'B','Giải thích',165,'A car manufacturer','A restaurant','A real estate agency','A clothing store','Who is most likely to be a customer of Fulton Stainless steel Products?',27),(80,'C','Giải thích',166,'It held a press conference.','It opened a new factory.','It obtained a company.','It laid off some workers.','What did Fulton Stainless steel Products do last month?',27),(81,'B','Giải thích',167,'It recently provided extra funding for research and development.','It has released a budget proposal for next year.','It offers a benefits package to its part- time employees.','It plans to hire additional employees to work in factories.','What is mentioned about Fulton Stainless Steel Products?',27),(82,'B','The email discusses scheduling a meeting.',168,'To announce a new policy','To schedule a meeting','To provide training details','To confirm a holiday','What is the main purpose of the email?',28),(83,'C','The email states the meeting is on Wednesday.',169,'Monday','Tuesday','Wednesday','Thursday','When will the meeting take place?',28),(84,'B','Only managers are mentioned as required attendees.',170,'All employees','Only managers','HR department','Interns','Who should attend the meeting?',28),(85,'C','The letter describes a new travel package.',171,'A new flight route','A discount on hotels','A travel package','A car rental service','What is being promoted in the letter?',29),(86,'C','The letter states the promotion lasts one month.',172,'One week','Two weeks','One month','Three months','How long is the promotional period?',29),(87,'A','Frequent travelers are encouraged to book early.',173,'Frequent travelers','Students','Business owners','Local residents','Who is the target audience of the letter?',29),(88,'B','The email informs about a shipped order.',174,'To confirm a purchase','To notify a shipment','To offer a discount','To request feedback','What is the purpose of this email?',30),(89,'C','The email states the expected arrival is Friday.',175,'Wednesday','Thursday','Friday','Saturday','When will the package arrive?',30),(90,'B','The email provides a tracking link.',176,'Change the delivery address','Track their package','Request a refund','Cancel the order','What can the recipient do with the provided link?',30),(91,'B','The announcement invites employees to a seminar.',177,'To introduce a new policy','To invite employees to a seminar','To announce a holiday','To promote a new product','What is the purpose of this announcement?',31),(92,'B','The seminar is scheduled in the cafeteria.',178,'In the main hall','In the cafeteria','In the gym','In the meeting room','Where will the seminar take place?',31),(93,'B','The seminar focuses on health and wellness.',179,'Career development','Healthy lifestyle','Company policies','Team building','What is the main topic of the seminar?',31),(94,'B','The announcement informs employees about the upcoming retreat.',180,'To introduce a new company policy','To announce an upcoming retreat','To request feedback from employees','To introduce a new training program','What is the purpose of this announcement?',32),(95,'C','The event is scheduled at Green Valley Resort.',181,'At the company office','At a training center','At Green Valley Resort','At a beach resort','Where will the retreat take place?',32),(96,'B','Employees must confirm attendance before July 30.',182,'Book their own hotel','Confirm their attendance','Submit a feedback form','Complete a survey','What should employees do before July 30?',32),(97,'B','The announcement promotes the XG-20 smartphone.',183,'A new tablet','A new smartphone','A new smartwatch','A new laptop','What product is being promoted?',33),(98,'C','Customers receive a free wireless charger with pre-orders.',184,'A free screen protector','A 20% discount','A free wireless charger','An extended warranty','What is the special offer for pre-orders?',33),(99,'D','Orders can be placed both online and in stores.',185,'Only at retail stores','Only online','Through phone orders only','Both online and retail stores','Where can customers place an order?',33),(100,'B','The announcement is about the upcoming company retreat.',186,'To introduce a new company policy','To announce an upcoming retreat','To request feedback from employees','To introduce a new training program','What is the main purpose of this announcement?',34),(101,'B','The itinerary includes team building activities, workshops, and recreational sports.',187,'Only a meeting session','Team building, workshops, and recreational activities','A company party only','An online webinar','What is included in the retreat itinerary?',34),(102,'B','Employees must confirm their attendance by July 30.',188,'Submit a survey','Confirm their attendance','Sign up for a workshop','Update their profile','What must employees do by July 30?',34),(103,'B','The announcement promotes a new smartphone model, the XG-20.',189,'A new tablet','A new smartphone','A new smartwatch','A new laptop','What product is being promoted?',35),(104,'B','Pre-order customers receive a discount, a free wireless charger, and an extended warranty.',190,'A free screen protector','A 15% discount, free wireless charger, and extended warranty','Cashback rewards','Bonus data plan','What exclusive benefit is offered for pre-orders?',35),(105,'C','Orders can be placed both online and at authorized retail outlets.',191,'Only at physical stores','Only via phone call','Online and at authorized retail outlets','Through social media','Where can customers place their orders?',35),(106,'B','The seminar is focused on innovative leadership and strategic management.',192,'Marketing techniques','Innovative leadership and strategic management','Financial management','Customer service','What is the main focus of the seminar?',36),(107,'B','Attendees will gain insights, networking opportunities, and practical business tools.',193,'Only a meal voucher','Insights, networking, and practical tools','Free software','Gift hampers','What benefit can attendees expect from this seminar?',36),(108,'B','Early registration is required due to limited seating.',194,'A formal dress code','Early registration','Submission of a proposal','Prior payment of fees','What is a mandatory requirement for attendance?',36),(109,'A','The email announces a comprehensive software update, Version 5.4.',195,'A software update','A new product','A discount offer','A security breach','What is being announced in the email?',37),(110,'A','The update includes performance improvements, enhanced security, and new features.',196,'Faster processing, enhanced security, and new features','New hardware','Price reductions','A new color scheme','Which improvements are included in the update?',37),(111,'C','The update will roll out automatically starting next week.',197,'Immediately','Next month','Next week','Tomorrow','When is the update scheduled to roll out?',37),(112,'B','The announcement offers an Academic Excellence Scholarship.',198,'An internship','A scholarship','A job placement','A study abroad program','What opportunity is being offered?',38),(113,'B','Applicants must submit transcripts, recommendation letters, and a personal statement.',199,'A resume and cover letter','Academic transcripts, recommendation letters, and a personal statement','A portfolio','A copy of their ID','What documents must applicants submit?',38),(114,'B','The application deadline is November 30.',200,'45945','45991','46006','46022','What is the application deadline?',38),(115,'B','The email notifies the customer that their order has been shipped.',201,'To confirm a purchase','To notify about shipment','To request feedback','To offer a discount','What is the primary purpose of this email?',39),(116,'C','The shipment is scheduled to be delivered on Friday.',202,'Wednesday','Thursday','Friday','Saturday','When is the delivery scheduled?',39),(117,'B','A tracking number is provided for monitoring the shipment.',203,'A phone number','A tracking number','A discount code','A return label','What is provided to help track the order?',39),(118,'A','The session focuses on safety and emergency procedures.',204,'Safety and emergency procedures','Company policy updates','A software tutorial','Product training','What is the focus of the training session?',40),(119,'A','The training session is held in the main auditorium.',205,'In the main auditorium','In a small meeting room','Online','At the cafeteria','Where is the training session held?',40),(120,'B','Employees must bring their company ID for verification.',206,'A notebook','Their company ID','A signed waiver','A lunch box','What must employees bring to the session?',40),(121,'B','The announcement is about the annual Book Fair.',207,'A music festival','A book fair','A food expo','An art exhibition','What event is being announced?',41),(122,'B','The book fair will take place at the Community Center.',208,'At the library','At the Community Center','At a local park','At a school','Where will the book fair be held?',41),(123,'C','The event is designed for book enthusiasts of all ages.',209,'Children only','Adults only','All age groups','Senior citizens','Who is the intended audience for the event?',41),(124,'B','The initiative is focused on cleaning the neighborhood.',210,'To host a social event','To clean the neighborhood','To organize a sports event','To launch a recycling program','What is the main goal of this initiative?',42),(125,'B','Cleaning supplies will be provided for the cleanup.',211,'Snacks only','Cleaning supplies','Transportation','Merchandise','What will be provided to participants?',42),(126,'B','Participants are required to register in advance.',212,'Bring their own tools','Register in advance','Sign a waiver','Attend a briefing session','What must participants do prior to the event?',42),(127,'A','Giải thích',159,'A store manager','A customer','A product developer','A marketing specialist','Who most likely is Ms. Johnson?',43),(128,'C','Giải thích',160,'It recently opened a new store location.','It will be relocated to the Crayville area.','It is concerned about market competition.','It was nominated for an annual award.','What is indicated about Topline Electronics?',43),(129,'B','Giải thích',161,'Add new information to a website','Hire additional staff','Contact Management if necessary','Arrange a sale display area','What is Ms. Johnson NOT instructed to do?',43),(130,'C','Giải thích',162,'Branford Construction wants to renovate the building.','The residents want to turn the building into a shopping mall.','It may become a public library or school.','It may be destroyed.','What is indicated about the old courthouse?',44),(131,'A','Giải thích',163,'[1]','[2]','[3]','[4]','In which of the positions marked [1], [2], [3] and [4] does the following sentence belong? “Branford Construction, the development company that originally planned to build the shopping mall, is looking to build the mall outside of the Rivervalley Community.”',44),(132,'B','Giải thích',164,'The community made a lot of money from the land.','It has been occuring online.','The city government has been helping','They haven’t raised enough money','What is suggested about the fundraising efforts?',44),(133,'B','Giải thích',165,'A car manufacturer','A restaurant','A real estate agency','A clothing store','Who is most likely to be a customer of Fulton Stainless steel Products?',45),(134,'C','Giải thích',166,'It held a press conference.','It opened a new factory.','It obtained a company.','It laid off some workers.','What did Fulton Stainless steel Products do last month?',45),(135,'B','Giải thích',167,'It recently provided extra funding for research and development.','It has released a budget proposal for next year.','It offers a benefits package to its part- time employees.','It plans to hire additional employees to work in factories.','What is mentioned about Fulton Stainless Steel Products?',45),(136,'B','The email discusses scheduling a meeting.',168,'To announce a new policy','To schedule a meeting','To provide training details','To confirm a holiday','What is the main purpose of the email?',46),(137,'C','The email states the meeting is on Wednesday.',169,'Monday','Tuesday','Wednesday','Thursday','When will the meeting take place?',46),(138,'B','Only managers are mentioned as required attendees.',170,'All employees','Only managers','HR department','Interns','Who should attend the meeting?',46),(139,'C','The letter describes a new travel package.',171,'A new flight route','A discount on hotels','A travel package','A car rental service','What is being promoted in the letter?',47),(140,'C','The letter states the promotion lasts one month.',172,'One week','Two weeks','One month','Three months','How long is the promotional period?',47),(141,'A','Frequent travelers are encouraged to book early.',173,'Frequent travelers','Students','Business owners','Local residents','Who is the target audience of the letter?',47),(142,'B','The email informs about a shipped order.',174,'To confirm a purchase','To notify a shipment','To offer a discount','To request feedback','What is the purpose of this email?',48),(143,'C','The email states the expected arrival is Friday.',175,'Wednesday','Thursday','Friday','Saturday','When will the package arrive?',48),(144,'B','The email provides a tracking link.',176,'Change the delivery address','Track their package','Request a refund','Cancel the order','What can the recipient do with the provided link?',48),(145,'B','The announcement invites employees to a seminar.',177,'To introduce a new policy','To invite employees to a seminar','To announce a holiday','To promote a new product','What is the purpose of this announcement?',49),(146,'B','The seminar is scheduled in the cafeteria.',178,'In the main hall','In the cafeteria','In the gym','In the meeting room','Where will the seminar take place?',49),(147,'B','The seminar focuses on health and wellness.',179,'Career development','Healthy lifestyle','Company policies','Team building','What is the main topic of the seminar?',49),(148,'B','The announcement informs employees about the upcoming retreat.',180,'To introduce a new company policy','To announce an upcoming retreat','To request feedback from employees','To introduce a new training program','What is the purpose of this announcement?',50),(149,'C','The event is scheduled at Green Valley Resort.',181,'At the company office','At a training center','At Green Valley Resort','At a beach resort','Where will the retreat take place?',50),(150,'B','Employees must confirm attendance before July 30.',182,'Book their own hotel','Confirm their attendance','Submit a feedback form','Complete a survey','What should employees do before July 30?',50),(151,'B','The announcement promotes the XG-20 smartphone.',183,'A new tablet','A new smartphone','A new smartwatch','A new laptop','What product is being promoted?',51),(152,'C','Customers receive a free wireless charger with pre-orders.',184,'A free screen protector','A 20% discount','A free wireless charger','An extended warranty','What is the special offer for pre-orders?',51),(153,'D','Orders can be placed both online and in stores.',185,'Only at retail stores','Only online','Through phone orders only','Both online and retail stores','Where can customers place an order?',51),(154,'B','The announcement is about the upcoming company retreat.',186,'To introduce a new company policy','To announce an upcoming retreat','To request feedback from employees','To introduce a new training program','What is the main purpose of this announcement?',52),(155,'B','The itinerary includes team building activities, workshops, and recreational sports.',187,'Only a meeting session','Team building, workshops, and recreational activities','A company party only','An online webinar','What is included in the retreat itinerary?',52),(156,'B','Employees must confirm their attendance by July 30.',188,'Submit a survey','Confirm their attendance','Sign up for a workshop','Update their profile','What must employees do by July 30?',52),(157,'B','The announcement promotes a new smartphone model, the XG-20.',189,'A new tablet','A new smartphone','A new smartwatch','A new laptop','What product is being promoted?',53),(158,'B','Pre-order customers receive a discount, a free wireless charger, and an extended warranty.',190,'A free screen protector','A 15% discount, free wireless charger, and extended warranty','Cashback rewards','Bonus data plan','What exclusive benefit is offered for pre-orders?',53),(159,'C','Orders can be placed both online and at authorized retail outlets.',191,'Only at physical stores','Only via phone call','Online and at authorized retail outlets','Through social media','Where can customers place their orders?',53),(160,'B','The seminar is focused on innovative leadership and strategic management.',192,'Marketing techniques','Innovative leadership and strategic management','Financial management','Customer service','What is the main focus of the seminar?',54),(161,'B','Attendees will gain insights, networking opportunities, and practical business tools.',193,'Only a meal voucher','Insights, networking, and practical tools','Free software','Gift hampers','What benefit can attendees expect from this seminar?',54),(162,'B','Early registration is required due to limited seating.',194,'A formal dress code','Early registration','Submission of a proposal','Prior payment of fees','What is a mandatory requirement for attendance?',54),(163,'A','The email announces a comprehensive software update, Version 5.4.',195,'A software update','A new product','A discount offer','A security breach','What is being announced in the email?',55),(164,'A','The update includes performance improvements, enhanced security, and new features.',196,'Faster processing, enhanced security, and new features','New hardware','Price reductions','A new color scheme','Which improvements are included in the update?',55),(165,'C','The update will roll out automatically starting next week.',197,'Immediately','Next month','Next week','Tomorrow','When is the update scheduled to roll out?',55),(166,'B','The announcement offers an Academic Excellence Scholarship.',198,'An internship','A scholarship','A job placement','A study abroad program','What opportunity is being offered?',56),(167,'B','Applicants must submit transcripts, recommendation letters, and a personal statement.',199,'A resume and cover letter','Academic transcripts, recommendation letters, and a personal statement','A portfolio','A copy of their ID','What documents must applicants submit?',56),(168,'B','The application deadline is November 30.',200,'45945','45991','46006','46022','What is the application deadline?',56),(169,'B','The email notifies the customer that their order has been shipped.',201,'To confirm a purchase','To notify about shipment','To request feedback','To offer a discount','What is the primary purpose of this email?',57),(170,'C','The shipment is scheduled to be delivered on Friday.',202,'Wednesday','Thursday','Friday','Saturday','When is the delivery scheduled?',57),(171,'B','A tracking number is provided for monitoring the shipment.',203,'A phone number','A tracking number','A discount code','A return label','What is provided to help track the order?',57),(172,'A','The session focuses on safety and emergency procedures.',204,'Safety and emergency procedures','Company policy updates','A software tutorial','Product training','What is the focus of the training session?',58),(173,'A','The training session is held in the main auditorium.',205,'In the main auditorium','In a small meeting room','Online','At the cafeteria','Where is the training session held?',58),(174,'B','Employees must bring their company ID for verification.',206,'A notebook','Their company ID','A signed waiver','A lunch box','What must employees bring to the session?',58),(175,'B','The announcement is about the annual Book Fair.',207,'A music festival','A book fair','A food expo','An art exhibition','What event is being announced?',59),(176,'B','The book fair will take place at the Community Center.',208,'At the library','At the Community Center','At a local park','At a school','Where will the book fair be held?',59),(177,'C','The event is designed for book enthusiasts of all ages.',209,'Children only','Adults only','All age groups','Senior citizens','Who is the intended audience for the event?',59),(178,'B','The initiative is focused on cleaning the neighborhood.',210,'To host a social event','To clean the neighborhood','To organize a sports event','To launch a recycling program','What is the main goal of this initiative?',60),(179,'B','Cleaning supplies will be provided for the cleanup.',211,'Snacks only','Cleaning supplies','Transportation','Merchandise','What will be provided to participants?',60),(180,'B','Participants are required to register in advance.',212,'Bring their own tools','Register in advance','Sign a waiver','Attend a briefing session','What must participants do prior to the event?',60),(181,'A','Giải thích',147,'A store manager','A customer','A product developer','A marketing specialist','Who most likely is Ms. Johnson?',61),(182,'C','Giải thích',148,'It recently opened a new store location.','It will be relocated to the Crayville area.','It is concerned about market competition.','It was nominated for an annual award.','What is indicated about Topline Electronics?',61),(183,'B','Giải thích',149,'Add new information to a website','Hire additional staff','Contact Management if necessary','Arrange a sale display area','What is Ms. Johnson NOT instructed to do?',61),(184,'C','Giải thích',150,'Branford Construction wants to renovate the building.','The residents want to turn the building into a shopping mall.','It may become a public library or school.','It may be destroyed.','What is indicated about the old courthouse?',62),(185,'A','Giải thích',151,'[1]','[2]','[3]','[4]','In which of the positions marked [1], [2], [3] and [4] does the following sentence belong? “Branford Construction, the development company that originally planned to build the shopping mall, is looking to build the mall outside of the Rivervalley Community.”',62),(186,'B','Giải thích',152,'The community made a lot of money from the land.','It has been occuring online.','The city government has been helping','They haven’t raised enough money','What is suggested about the fundraising efforts?',62),(187,'B','Giải thích',153,'A car manufacturer','A restaurant','A real estate agency','A clothing store','Who is most likely to be a customer of Fulton Stainless steel Products?',63),(188,'C','Giải thích',154,'It held a press conference.','It opened a new factory.','It obtained a company.','It laid off some workers.','What did Fulton Stainless steel Products do last month?',63),(189,'B','Giải thích',155,'It recently provided extra funding for research and development.','It has released a budget proposal for next year.','It offers a benefits package to its part- time employees.','It plans to hire additional employees to work in factories.','What is mentioned about Fulton Stainless Steel Products?',63),(190,'B','The email discusses scheduling a meeting.',156,'To announce a new policy','To schedule a meeting','To provide training details','To confirm a holiday','What is the main purpose of the email?',64),(191,'C','The email states the meeting is on Wednesday.',157,'Monday','Tuesday','Wednesday','Thursday','When will the meeting take place?',64),(192,'B','Only managers are mentioned as required attendees.',158,'All employees','Only managers','HR department','Interns','Who should attend the meeting?',64),(193,'C','The letter describes a new travel package.',159,'A new flight route','A discount on hotels','A travel package','A car rental service','What is being promoted in the letter?',65),(194,'C','The letter states the promotion lasts one month.',160,'One week','Two weeks','One month','Three months','How long is the promotional period?',65),(195,'A','Frequent travelers are encouraged to book early.',161,'Frequent travelers','Students','Business owners','Local residents','Who is the target audience of the letter?',65),(196,'B','The email informs about a shipped order.',162,'To confirm a purchase','To notify a shipment','To offer a discount','To request feedback','What is the purpose of this email?',66),(197,'C','The email states the expected arrival is Friday.',163,'Wednesday','Thursday','Friday','Saturday','When will the package arrive?',66),(198,'B','The email provides a tracking link.',164,'Change the delivery address','Track their package','Request a refund','Cancel the order','What can the recipient do with the provided link?',66),(199,'B','The announcement invites employees to a seminar.',165,'To introduce a new policy','To invite employees to a seminar','To announce a holiday','To promote a new product','What is the purpose of this announcement?',67),(200,'B','The seminar is scheduled in the cafeteria.',166,'In the main hall','In the cafeteria','In the gym','In the meeting room','Where will the seminar take place?',67),(201,'B','The seminar focuses on health and wellness.',167,'Career development','Healthy lifestyle','Company policies','Team building','What is the main topic of the seminar?',67),(202,'B','The announcement informs employees about the upcoming retreat.',168,'To introduce a new company policy','To announce an upcoming retreat','To request feedback from employees','To introduce a new training program','What is the purpose of this announcement?',68),(203,'C','The event is scheduled at Green Valley Resort.',169,'At the company office','At a training center','At Green Valley Resort','At a beach resort','Where will the retreat take place?',68),(204,'B','Employees must confirm attendance before July 30.',170,'Book their own hotel','Confirm their attendance','Submit a feedback form','Complete a survey','What should employees do before July 30?',68),(205,'B','The announcement promotes the XG-20 smartphone.',171,'A new tablet','A new smartphone','A new smartwatch','A new laptop','What product is being promoted?',69),(206,'C','Customers receive a free wireless charger with pre-orders.',172,'A free screen protector','A 20% discount','A free wireless charger','An extended warranty','What is the special offer for pre-orders?',69),(207,'D','Orders can be placed both online and in stores.',173,'Only at retail stores','Only online','Through phone orders only','Both online and retail stores','Where can customers place an order?',69),(208,'B','The announcement is about the upcoming company retreat.',174,'To introduce a new company policy','To announce an upcoming retreat','To request feedback from employees','To introduce a new training program','What is the main purpose of this announcement?',70),(209,'B','The itinerary includes team building activities, workshops, and recreational sports.',175,'Only a meeting session','Team building, workshops, and recreational activities','A company party only','An online webinar','What is included in the retreat itinerary?',70),(210,'B','Employees must confirm their attendance by July 30.',176,'Submit a survey','Confirm their attendance','Sign up for a workshop','Update their profile','What must employees do by July 30?',70),(211,'B','The announcement promotes a new smartphone model, the XG-20.',177,'A new tablet','A new smartphone','A new smartwatch','A new laptop','What product is being promoted?',71),(212,'B','Pre-order customers receive a discount, a free wireless charger, and an extended warranty.',178,'A free screen protector','A 15% discount, free wireless charger, and extended warranty','Cashback rewards','Bonus data plan','What exclusive benefit is offered for pre-orders?',71),(213,'C','Orders can be placed both online and at authorized retail outlets.',179,'Only at physical stores','Only via phone call','Online and at authorized retail outlets','Through social media','Where can customers place their orders?',71),(214,'B','The seminar is focused on innovative leadership and strategic management.',180,'Marketing techniques','Innovative leadership and strategic management','Financial management','Customer service','What is the main focus of the seminar?',72),(215,'B','Attendees will gain insights, networking opportunities, and practical business tools.',181,'Only a meal voucher','Insights, networking, and practical tools','Free software','Gift hampers','What benefit can attendees expect from this seminar?',72),(216,'B','Early registration is required due to limited seating.',182,'A formal dress code','Early registration','Submission of a proposal','Prior payment of fees','What is a mandatory requirement for attendance?',72),(217,'A','The email announces a comprehensive software update, Version 5.4.',183,'A software update','A new product','A discount offer','A security breach','What is being announced in the email?',73),(218,'A','The update includes performance improvements, enhanced security, and new features.',184,'Faster processing, enhanced security, and new features','New hardware','Price reductions','A new color scheme','Which improvements are included in the update?',73),(219,'C','The update will roll out automatically starting next week.',185,'Immediately','Next month','Next week','Tomorrow','When is the update scheduled to roll out?',73),(220,'B','The announcement offers an Academic Excellence Scholarship.',186,'An internship','A scholarship','A job placement','A study abroad program','What opportunity is being offered?',74),(221,'B','Applicants must submit transcripts, recommendation letters, and a personal statement.',187,'A resume and cover letter','Academic transcripts, recommendation letters, and a personal statement','A portfolio','A copy of their ID','What documents must applicants submit?',74),(222,'B','The application deadline is November 30.',188,'45945','45991','46006','46022','What is the application deadline?',74),(223,'B','The email notifies the customer that their order has been shipped.',189,'To confirm a purchase','To notify about shipment','To request feedback','To offer a discount','What is the primary purpose of this email?',75),(224,'C','The shipment is scheduled to be delivered on Friday.',190,'Wednesday','Thursday','Friday','Saturday','When is the delivery scheduled?',75),(225,'B','A tracking number is provided for monitoring the shipment.',191,'A phone number','A tracking number','A discount code','A return label','What is provided to help track the order?',75),(226,'A','The session focuses on safety and emergency procedures.',192,'Safety and emergency procedures','Company policy updates','A software tutorial','Product training','What is the focus of the training session?',76),(227,'A','The training session is held in the main auditorium.',193,'In the main auditorium','In a small meeting room','Online','At the cafeteria','Where is the training session held?',76),(228,'B','Employees must bring their company ID for verification.',194,'A notebook','Their company ID','A signed waiver','A lunch box','What must employees bring to the session?',76),(229,'B','The announcement is about the annual Book Fair.',195,'A music festival','A book fair','A food expo','An art exhibition','What event is being announced?',77),(230,'B','The book fair will take place at the Community Center.',196,'At the library','At the Community Center','At a local park','At a school','Where will the book fair be held?',77),(231,'C','The event is designed for book enthusiasts of all ages.',197,'Children only','Adults only','All age groups','Senior citizens','Who is the intended audience for the event?',77),(232,'B','The initiative is focused on cleaning the neighborhood.',198,'To host a social event','To clean the neighborhood','To organize a sports event','To launch a recycling program','What is the main goal of this initiative?',78),(233,'B','Cleaning supplies will be provided for the cleanup.',199,'Snacks only','Cleaning supplies','Transportation','Merchandise','What will be provided to participants?',78),(234,'B','Participants are required to register in advance.',200,'Bring their own tools','Register in advance','Sign a waiver','Attend a briefing session','What must participants do prior to the event?',78),(235,'A','Giải thích',159,'A store manager','A customer','A product developer','A marketing specialist','Who most likely is Ms. Johnson?',79),(236,'C','Giải thích',160,'It recently opened a new store location.','It will be relocated to the Crayville area.','It is concerned about market competition.','It was nominated for an annual award.','What is indicated about Topline Electronics?',79),(237,'B','Giải thích',161,'Add new information to a website','Hire additional staff','Contact Management if necessary','Arrange a sale display area','What is Ms. Johnson NOT instructed to do?',79),(238,'C','Giải thích',162,'Branford Construction wants to renovate the building.','The residents want to turn the building into a shopping mall.','It may become a public library or school.','It may be destroyed.','What is indicated about the old courthouse?',80),(239,'A','Giải thích',163,'[1]','[2]','[3]','[4]','In which of the positions marked [1], [2], [3] and [4] does the following sentence belong? “Branford Construction, the development company that originally planned to build the shopping mall, is looking to build the mall outside of the Rivervalley Community.”',80),(240,'B','Giải thích',164,'The community made a lot of money from the land.','It has been occuring online.','The city government has been helping','They haven’t raised enough money','What is suggested about the fundraising efforts?',80),(241,'B','Giải thích',165,'A car manufacturer','A restaurant','A real estate agency','A clothing store','Who is most likely to be a customer of Fulton Stainless steel Products?',81),(242,'C','Giải thích',166,'It held a press conference.','It opened a new factory.','It obtained a company.','It laid off some workers.','What did Fulton Stainless steel Products do last month?',81),(243,'B','Giải thích',167,'It recently provided extra funding for research and development.','It has released a budget proposal for next year.','It offers a benefits package to its part- time employees.','It plans to hire additional employees to work in factories.','What is mentioned about Fulton Stainless Steel Products?',81),(244,'B','The email discusses scheduling a meeting.',168,'To announce a new policy','To schedule a meeting','To provide training details','To confirm a holiday','What is the main purpose of the email?',82),(245,'C','The email states the meeting is on Wednesday.',169,'Monday','Tuesday','Wednesday','Thursday','When will the meeting take place?',82),(246,'B','Only managers are mentioned as required attendees.',170,'All employees','Only managers','HR department','Interns','Who should attend the meeting?',82),(247,'C','The letter describes a new travel package.',171,'A new flight route','A discount on hotels','A travel package','A car rental service','What is being promoted in the letter?',83),(248,'C','The letter states the promotion lasts one month.',172,'One week','Two weeks','One month','Three months','How long is the promotional period?',83),(249,'A','Frequent travelers are encouraged to book early.',173,'Frequent travelers','Students','Business owners','Local residents','Who is the target audience of the letter?',83),(250,'B','The email informs about a shipped order.',174,'To confirm a purchase','To notify a shipment','To offer a discount','To request feedback','What is the purpose of this email?',84),(251,'C','The email states the expected arrival is Friday.',175,'Wednesday','Thursday','Friday','Saturday','When will the package arrive?',84),(252,'B','The email provides a tracking link.',176,'Change the delivery address','Track their package','Request a refund','Cancel the order','What can the recipient do with the provided link?',84),(253,'B','The announcement invites employees to a seminar.',177,'To introduce a new policy','To invite employees to a seminar','To announce a holiday','To promote a new product','What is the purpose of this announcement?',85),(254,'B','The seminar is scheduled in the cafeteria.',178,'In the main hall','In the cafeteria','In the gym','In the meeting room','Where will the seminar take place?',85),(255,'B','The seminar focuses on health and wellness.',179,'Career development','Healthy lifestyle','Company policies','Team building','What is the main topic of the seminar?',85),(256,'B','The announcement informs employees about the upcoming retreat.',180,'To introduce a new company policy','To announce an upcoming retreat','To request feedback from employees','To introduce a new training program','What is the purpose of this announcement?',86),(257,'C','The event is scheduled at Green Valley Resort.',181,'At the company office','At a training center','At Green Valley Resort','At a beach resort','Where will the retreat take place?',86),(258,'B','Employees must confirm attendance before July 30.',182,'Book their own hotel','Confirm their attendance','Submit a feedback form','Complete a survey','What should employees do before July 30?',86),(259,'B','The announcement promotes the XG-20 smartphone.',183,'A new tablet','A new smartphone','A new smartwatch','A new laptop','What product is being promoted?',87),(260,'C','Customers receive a free wireless charger with pre-orders.',184,'A free screen protector','A 20% discount','A free wireless charger','An extended warranty','What is the special offer for pre-orders?',87),(261,'D','Orders can be placed both online and in stores.',185,'Only at retail stores','Only online','Through phone orders only','Both online and retail stores','Where can customers place an order?',87),(262,'B','The announcement is about the upcoming company retreat.',186,'To introduce a new company policy','To announce an upcoming retreat','To request feedback from employees','To introduce a new training program','What is the main purpose of this announcement?',88),(263,'B','The itinerary includes team building activities, workshops, and recreational sports.',187,'Only a meeting session','Team building, workshops, and recreational activities','A company party only','An online webinar','What is included in the retreat itinerary?',88),(264,'B','Employees must confirm their attendance by July 30.',188,'Submit a survey','Confirm their attendance','Sign up for a workshop','Update their profile','What must employees do by July 30?',88),(265,'B','The announcement promotes a new smartphone model, the XG-20.',189,'A new tablet','A new smartphone','A new smartwatch','A new laptop','What product is being promoted?',89),(266,'B','Pre-order customers receive a discount, a free wireless charger, and an extended warranty.',190,'A free screen protector','A 15% discount, free wireless charger, and extended warranty','Cashback rewards','Bonus data plan','What exclusive benefit is offered for pre-orders?',89),(267,'C','Orders can be placed both online and at authorized retail outlets.',191,'Only at physical stores','Only via phone call','Online and at authorized retail outlets','Through social media','Where can customers place their orders?',89),(268,'B','The seminar is focused on innovative leadership and strategic management.',192,'Marketing techniques','Innovative leadership and strategic management','Financial management','Customer service','What is the main focus of the seminar?',90),(269,'B','Attendees will gain insights, networking opportunities, and practical business tools.',193,'Only a meal voucher','Insights, networking, and practical tools','Free software','Gift hampers','What benefit can attendees expect from this seminar?',90),(270,'B','Early registration is required due to limited seating.',194,'A formal dress code','Early registration','Submission of a proposal','Prior payment of fees','What is a mandatory requirement for attendance?',90),(271,'A','The email announces a comprehensive software update, Version 5.4.',195,'A software update','A new product','A discount offer','A security breach','What is being announced in the email?',91),(272,'A','The update includes performance improvements, enhanced security, and new features.',196,'Faster processing, enhanced security, and new features','New hardware','Price reductions','A new color scheme','Which improvements are included in the update?',91),(273,'C','The update will roll out automatically starting next week.',197,'Immediately','Next month','Next week','Tomorrow','When is the update scheduled to roll out?',91),(274,'B','The announcement offers an Academic Excellence Scholarship.',198,'An internship','A scholarship','A job placement','A study abroad program','What opportunity is being offered?',92),(275,'B','Applicants must submit transcripts, recommendation letters, and a personal statement.',199,'A resume and cover letter','Academic transcripts, recommendation letters, and a personal statement','A portfolio','A copy of their ID','What documents must applicants submit?',92),(276,'B','The application deadline is November 30.',200,'45945','45991','46006','46022','What is the application deadline?',92),(277,'B','The email notifies the customer that their order has been shipped.',201,'To confirm a purchase','To notify about shipment','To request feedback','To offer a discount','What is the primary purpose of this email?',93),(278,'C','The shipment is scheduled to be delivered on Friday.',202,'Wednesday','Thursday','Friday','Saturday','When is the delivery scheduled?',93),(279,'B','A tracking number is provided for monitoring the shipment.',203,'A phone number','A tracking number','A discount code','A return label','What is provided to help track the order?',93),(280,'A','The session focuses on safety and emergency procedures.',204,'Safety and emergency procedures','Company policy updates','A software tutorial','Product training','What is the focus of the training session?',94),(281,'A','The training session is held in the main auditorium.',205,'In the main auditorium','In a small meeting room','Online','At the cafeteria','Where is the training session held?',94),(282,'B','Employees must bring their company ID for verification.',206,'A notebook','Their company ID','A signed waiver','A lunch box','What must employees bring to the session?',94),(283,'B','The announcement is about the annual Book Fair.',207,'A music festival','A book fair','A food expo','An art exhibition','What event is being announced?',95),(284,'B','The book fair will take place at the Community Center.',208,'At the library','At the Community Center','At a local park','At a school','Where will the book fair be held?',95),(285,'C','The event is designed for book enthusiasts of all ages.',209,'Children only','Adults only','All age groups','Senior citizens','Who is the intended audience for the event?',95),(286,'B','The initiative is focused on cleaning the neighborhood.',210,'To host a social event','To clean the neighborhood','To organize a sports event','To launch a recycling program','What is the main goal of this initiative?',96),(287,'B','Cleaning supplies will be provided for the cleanup.',211,'Snacks only','Cleaning supplies','Transportation','Merchandise','What will be provided to participants?',96),(288,'B','Participants are required to register in advance.',212,'Bring their own tools','Register in advance','Sign a waiver','Attend a briefing session','What must participants do prior to the event?',96);
/*!40000 ALTER TABLE `part7_question` ENABLE KEYS */;
UNLOCK TABLES;

--
-- Table structure for table `reading_exercise`
--

DROP TABLE IF EXISTS `reading_exercise`;
/*!40101 SET @saved_cs_client     = @@character_set_client */;
/*!50503 SET character_set_client = utf8mb4 */;
CREATE TABLE `reading_exercise` (
  `id` bigint NOT NULL AUTO_INCREMENT,
  `exercise_name` varchar(255) NOT NULL,
  PRIMARY KEY (`id`)
) ENGINE=InnoDB AUTO_INCREMENT=19 DEFAULT CHARSET=utf8mb4 COLLATE=utf8mb4_0900_ai_ci;
/*!40101 SET character_set_client = @saved_cs_client */;

--
-- Dumping data for table `reading_exercise`
--

LOCK TABLES `reading_exercise` WRITE;
/*!40000 ALTER TABLE `reading_exercise` DISABLE KEYS */;
INSERT INTO `reading_exercise` VALUES (1,'Test 1'),(2,'Test 2'),(3,'Test 3'),(4,'Test 4'),(5,'Test 5'),(6,'Test 6'),(7,'Test 1'),(8,'Test 2'),(9,'Test 3'),(10,'Test 4'),(11,'Test 5'),(12,'Test 6'),(13,'Test 1'),(14,'Test 2'),(15,'Test 3'),(16,'Test 4'),(17,'Test 5'),(18,'Test 6');
/*!40000 ALTER TABLE `reading_exercise` ENABLE KEYS */;
UNLOCK TABLES;

--
-- Table structure for table `role`
--

DROP TABLE IF EXISTS `role`;
/*!40101 SET @saved_cs_client     = @@character_set_client */;
/*!50503 SET character_set_client = utf8mb4 */;
CREATE TABLE `role` (
  `id` bigint NOT NULL AUTO_INCREMENT,
  `role_name` varchar(5) DEFAULT 'USER',
  PRIMARY KEY (`id`)
) ENGINE=InnoDB AUTO_INCREMENT=3 DEFAULT CHARSET=utf8mb4 COLLATE=utf8mb4_0900_ai_ci;
/*!40101 SET character_set_client = @saved_cs_client */;

--
-- Dumping data for table `role`
--

LOCK TABLES `role` WRITE;
/*!40000 ALTER TABLE `role` DISABLE KEYS */;
INSERT INTO `role` VALUES (1,'ADMIN'),(2,'USER');
/*!40000 ALTER TABLE `role` ENABLE KEYS */;
UNLOCK TABLES;

--
-- Table structure for table `test_result`
--

DROP TABLE IF EXISTS `test_result`;
/*!40101 SET @saved_cs_client     = @@character_set_client */;
/*!50503 SET character_set_client = utf8mb4 */;
CREATE TABLE `test_result` (
  `id` bigint NOT NULL AUTO_INCREMENT,
  `correct_answers` bigint NOT NULL,
  `created_at` timestamp NOT NULL DEFAULT CURRENT_TIMESTAMP,
  `incorrect_answers` bigint NOT NULL,
  `mock_exam_id` bigint NOT NULL,
  `user_id` bigint NOT NULL,
  PRIMARY KEY (`id`),
  KEY `FKmm0ojhmejwfjojqxhd7gtttng` (`mock_exam_id`),
  KEY `FKmu7x4i4r6swolpxwqx0n21lnn` (`user_id`),
  CONSTRAINT `FKmm0ojhmejwfjojqxhd7gtttng` FOREIGN KEY (`mock_exam_id`) REFERENCES `mock_exam` (`id`),
  CONSTRAINT `FKmu7x4i4r6swolpxwqx0n21lnn` FOREIGN KEY (`user_id`) REFERENCES `user` (`id`)
) ENGINE=InnoDB AUTO_INCREMENT=181 DEFAULT CHARSET=utf8mb4 COLLATE=utf8mb4_0900_ai_ci;
/*!40101 SET character_set_client = @saved_cs_client */;

--
-- Dumping data for table `test_result`
--

LOCK TABLES `test_result` WRITE;
/*!40000 ALTER TABLE `test_result` DISABLE KEYS */;
INSERT INTO `test_result` VALUES (1,189,'2024-04-22 04:37:45',11,5,16),(2,132,'2024-03-04 17:46:39',68,2,13),(3,197,'2024-07-29 23:47:02',3,5,24),(4,194,'2024-11-22 17:57:05',6,1,2),(5,198,'2024-11-06 08:06:43',2,3,23),(6,150,'2024-07-24 17:44:45',50,4,7),(7,133,'2024-06-28 23:57:52',67,3,2),(8,170,'2025-02-05 05:46:49',30,5,19),(9,193,'2024-03-12 02:19:12',7,4,20),(10,180,'2025-02-05 07:45:55',20,5,22),(11,194,'2024-12-17 19:49:05',6,2,24),(12,195,'2025-03-04 07:12:10',5,1,2),(13,130,'2024-05-19 15:04:43',70,1,5),(14,196,'2024-11-04 13:53:45',4,2,7),(15,175,'2024-08-19 12:34:22',25,3,23),(16,196,'2024-01-01 03:07:46',4,4,9),(17,176,'2024-03-01 16:19:16',24,2,10),(18,158,'2024-09-03 04:32:22',42,5,9),(19,198,'2024-03-28 20:11:43',2,2,15),(20,158,'2025-05-10 18:23:02',42,3,19),(21,137,'2024-11-22 21:13:45',63,3,10),(22,157,'2024-09-06 23:41:38',43,5,23),(23,189,'2025-03-25 03:00:31',11,5,19),(24,170,'2024-07-12 10:44:58',30,4,15),(25,159,'2025-03-14 15:12:31',41,5,10),(26,190,'2024-08-24 03:06:32',10,3,19),(27,174,'2025-04-20 15:21:14',26,4,23),(28,137,'2024-02-17 01:38:28',63,1,16),(29,192,'2024-04-13 15:08:00',8,3,24),(30,193,'2024-08-30 14:06:38',7,1,20),(31,141,'2025-04-28 16:09:13',59,3,5),(32,162,'2024-07-21 22:20:05',38,4,11),(33,166,'2024-01-10 13:51:44',34,4,18),(34,181,'2024-12-21 05:55:36',19,3,22),(35,186,'2024-01-22 08:36:55',14,4,8),(36,150,'2025-01-17 23:34:36',50,5,8),(37,142,'2024-11-05 06:37:24',58,3,13),(38,185,'2025-04-07 21:49:52',15,1,13),(39,135,'2025-01-24 03:25:46',65,4,13),(40,130,'2025-01-16 06:51:23',70,5,14),(41,175,'2025-02-03 15:32:10',25,3,14),(42,199,'2025-03-17 19:06:08',1,3,2),(43,198,'2024-08-14 04:41:10',2,2,18),(44,168,'2024-10-09 12:40:29',32,4,12),(45,168,'2025-02-27 16:49:12',32,4,7),(46,147,'2024-08-24 21:48:14',53,2,23),(47,133,'2024-08-28 14:24:37',67,3,19),(48,191,'2024-07-03 03:50:36',9,5,13),(49,142,'2024-02-11 09:11:26',58,1,2),(50,175,'2024-09-19 19:23:11',25,3,20),(51,148,'2025-04-09 19:43:42',52,1,11),(52,157,'2024-05-03 20:45:49',43,1,4),(53,173,'2024-06-13 06:16:32',27,4,14),(54,132,'2024-01-16 18:56:38',68,4,21),(55,199,'2024-07-12 14:36:15',1,2,24),(56,159,'2024-02-21 08:51:06',41,4,13),(57,138,'2024-04-19 05:30:34',62,5,14),(58,130,'2024-04-06 18:04:11',70,3,20),(59,193,'2024-05-21 11:09:47',7,2,2),(60,172,'2024-02-07 02:45:30',28,5,22),(61,149,'2024-02-25 08:32:55',51,5,17),(62,193,'2024-09-16 07:28:42',7,2,18),(63,140,'2024-05-01 16:31:18',60,5,24),(64,186,'2024-02-28 13:20:34',14,2,19),(65,191,'2024-03-17 01:08:46',9,5,23),(66,164,'2024-05-31 10:19:57',36,2,4),(67,161,'2024-11-16 12:15:23',39,1,14),(68,166,'2024-10-12 14:11:31',34,2,20),(69,160,'2024-10-04 11:57:07',40,5,23),(70,186,'2024-11-17 19:27:30',14,2,24),(71,160,'2024-08-22 18:00:12',40,3,17),(72,132,'2025-03-24 00:34:10',68,4,9),(73,188,'2025-02-21 07:45:49',12,5,23),(74,134,'2025-04-21 01:27:02',66,1,18),(75,165,'2025-01-21 04:26:23',35,5,22),(76,135,'2024-06-22 01:48:57',65,4,14),(77,185,'2025-02-23 08:37:04',15,1,6),(78,157,'2024-10-23 16:01:36',43,3,15),(79,184,'2025-02-15 14:19:28',16,5,23),(80,133,'2024-02-20 19:23:41',67,4,23),(81,169,'2024-09-20 08:59:35',31,1,4),(82,151,'2024-03-12 12:16:22',49,4,8),(83,196,'2025-03-22 15:25:00',4,5,15),(84,154,'2025-03-04 22:58:19',46,2,19),(85,136,'2024-06-10 06:17:35',64,5,8),(86,186,'2025-01-12 13:07:38',14,3,17),(87,189,'2025-01-23 21:58:38',11,4,15),(88,150,'2024-07-19 21:22:22',50,4,14),(89,186,'2024-04-02 06:48:32',14,1,6),(90,151,'2025-04-20 00:08:41',49,3,6),(91,165,'2024-08-25 01:37:02',35,4,20),(92,168,'2025-02-03 21:39:08',32,1,24),(93,136,'2024-11-26 20:26:04',64,1,21),(94,186,'2024-07-15 11:29:29',14,1,12),(95,170,'2024-10-24 08:29:59',30,1,12),(96,141,'2024-10-29 16:02:46',59,3,16),(97,167,'2025-03-08 15:50:36',33,1,4),(98,178,'2024-07-20 23:21:58',22,5,3),(99,131,'2025-03-01 19:06:58',69,1,22),(100,165,'2025-01-19 11:18:39',35,3,3),(101,180,'2025-05-06 06:09:28',20,5,9),(102,177,'2025-04-14 01:02:30',23,4,19),(103,194,'2024-11-16 10:38:31',6,3,9),(104,166,'2024-02-18 02:29:04',34,2,8),(105,141,'2024-01-15 06:03:27',59,4,11),(106,170,'2025-05-07 21:29:59',30,4,2),(107,134,'2024-02-26 09:50:38',66,3,6),(108,188,'2025-02-03 08:56:09',12,3,6),(109,167,'2024-10-03 15:53:46',33,4,11),(110,131,'2024-08-28 08:46:29',69,5,5),(111,130,'2024-11-04 16:51:19',70,4,20),(112,146,'2024-09-11 19:30:54',54,3,10),(113,197,'2025-03-13 01:04:58',3,5,4),(114,142,'2024-10-31 11:55:44',58,2,12),(115,184,'2024-11-14 11:46:47',16,2,6),(116,190,'2024-04-19 05:29:39',10,3,11),(117,180,'2025-02-20 06:22:57',20,2,11),(118,181,'2024-05-01 07:44:34',19,4,6),(119,151,'2024-06-19 11:54:18',49,2,8),(120,158,'2025-05-10 04:22:17',42,1,19),(121,165,'2024-07-13 07:41:34',35,1,3),(122,175,'2024-12-21 17:57:02',25,1,17),(123,171,'2024-10-23 03:17:26',29,5,13),(124,185,'2024-03-25 13:51:09',15,2,15),(125,162,'2024-04-02 22:48:38',38,2,10),(126,134,'2025-01-23 17:58:23',66,4,23),(127,185,'2024-07-09 12:08:16',15,5,10),(128,175,'2024-03-17 16:01:27',25,5,3),(129,183,'2024-06-05 13:08:40',17,3,6),(130,187,'2024-09-18 18:13:20',13,1,10),(131,132,'2024-12-21 18:41:41',68,5,22),(132,132,'2025-02-18 07:01:42',68,3,3),(133,199,'2024-05-31 12:50:44',1,3,22),(134,153,'2025-04-04 09:12:55',47,1,24),(135,168,'2025-04-12 19:51:58',32,2,7),(136,173,'2024-06-10 08:48:32',27,1,4),(137,161,'2024-07-06 16:34:05',39,4,13),(138,154,'2024-04-28 18:44:38',46,4,7),(139,194,'2024-04-16 15:17:45',6,4,7),(140,164,'2024-09-21 21:36:15',36,4,15),(141,169,'2024-03-03 15:21:22',31,5,8),(142,161,'2024-10-16 18:17:23',39,4,15),(143,172,'2024-07-20 08:10:41',28,2,18),(144,182,'2024-07-28 06:12:27',18,2,22),(145,199,'2024-07-08 01:04:16',1,2,18),(146,144,'2024-04-25 07:01:07',56,5,12),(147,161,'2024-12-03 16:00:25',39,5,10),(148,159,'2024-10-27 07:19:37',41,2,24),(149,191,'2024-04-24 18:12:40',9,1,17),(150,198,'2025-02-12 07:18:33',2,2,4),(151,182,'2025-05-04 22:56:45',18,2,10),(152,193,'2025-05-16 03:15:10',7,3,5),(153,171,'2025-05-16 13:36:41',29,2,12),(154,176,'2025-05-07 05:10:58',24,4,24),(155,191,'2025-05-03 12:33:14',9,3,18),(156,191,'2025-05-03 01:10:55',9,2,8),(157,152,'2025-05-08 08:49:28',48,3,24),(158,37,'2025-05-04 03:50:31',163,4,10),(159,74,'2025-05-13 12:28:32',126,5,5),(160,36,'2025-05-01 09:01:43',164,5,9),(161,69,'2025-05-14 18:27:08',131,1,21),(162,186,'2025-05-10 07:30:00',14,2,18),(163,168,'2025-05-13 03:52:45',32,3,15),(164,164,'2025-05-06 22:58:44',36,4,19),(165,185,'2025-05-07 08:10:39',15,1,12),(166,159,'2025-05-03 14:52:45',41,4,22),(167,143,'2025-05-07 17:30:56',57,5,19),(168,158,'2025-05-01 20:58:35',42,5,8),(169,158,'2025-05-13 01:30:08',42,3,20),(170,180,'2025-05-15 19:06:31',20,2,4),(171,140,'2025-05-03 17:23:00',60,3,6),(172,177,'2025-05-03 04:18:44',23,5,13),(173,152,'2025-05-08 13:20:08',48,4,16),(174,155,'2025-05-01 17:11:14',45,1,11),(175,147,'2025-05-01 00:22:14',53,3,14),(176,174,'2025-05-06 21:57:26',26,5,11),(177,141,'2025-05-02 22:34:12',59,1,7),(178,131,'2025-05-02 22:02:35',69,3,12),(179,183,'2025-05-06 02:55:37',17,1,12),(180,174,'2025-05-04 18:58:49',26,1,23);
/*!40000 ALTER TABLE `test_result` ENABLE KEYS */;
UNLOCK TABLES;

--
-- Table structure for table `user`
--

DROP TABLE IF EXISTS `user`;
/*!40101 SET @saved_cs_client     = @@character_set_client */;
/*!50503 SET character_set_client = utf8mb4 */;
CREATE TABLE `user` (
  `id` bigint NOT NULL AUTO_INCREMENT,
  `avatar_url` varchar(255) DEFAULT '/upload-dir/avatar.jpg',
  `email` varchar(50) NOT NULL,
  `password` varchar(255) NOT NULL,
  `username` varchar(50) NOT NULL,
  `role_id` bigint NOT NULL,
  PRIMARY KEY (`id`),
  UNIQUE KEY `UKob8kqyqqgmefl0aco34akdtpe` (`email`),
  UNIQUE KEY `UKsb8bbouer5wak8vyiiy4pf2bx` (`username`),
  KEY `FKn82ha3ccdebhokx3a8fgdqeyy` (`role_id`),
  CONSTRAINT `FKn82ha3ccdebhokx3a8fgdqeyy` FOREIGN KEY (`role_id`) REFERENCES `role` (`id`)
) ENGINE=InnoDB AUTO_INCREMENT=25 DEFAULT CHARSET=utf8mb4 COLLATE=utf8mb4_0900_ai_ci;
/*!40101 SET character_set_client = @saved_cs_client */;

--
-- Dumping data for table `user`
--

LOCK TABLES `user` WRITE;
/*!40000 ALTER TABLE `user` DISABLE KEYS */;
INSERT INTO `user` VALUES (1,'/upload-dir/avatar/admin-ava.jpg','jobhere.22t.nhat1@gmail.com','$2a$10$uX8xty2atSYsbW9AV9r29ObE54h4clLzA4cc1jTMmQsn8/idoRJ0S','admin',1),(2,'/upload-dir/avatar/default-avatar.jpg','hongtrangqn834@gmail.com','$2a$10$uX8xty2atSYsbW9AV9r29ObE54h4clLzA4cc1jTMmQsn8/idoRJ0S','HongTrang834',2),(3,'/upload-dir/avatar/thanhphuong.jpg','phuongsuga333@gmail.com','$2a$10$uX8xty2atSYsbW9AV9r29ObE54h4clLzA4cc1jTMmQsn8/idoRJ0S','TranThiThanhPhuong',2),(4,'/upload-dir/avatar/tuanloc.png','tuanloc782004@gmail.com','$2a$10$uX8xty2atSYsbW9AV9r29ObE54h4clLzA4cc1jTMmQsn8/idoRJ0S','leo_tulo_6',2),(5,'/upload-dir/avatar/minhquang.jpg','quangtran1106@gmail.com','$2a$10$uX8xty2atSYsbW9AV9r29ObE54h4clLzA4cc1jTMmQsn8/idoRJ0S','minhquang',2),(6,'/upload-dir/avatar/thanhhuy.jpg','hothanhhuy24062004@gmail.com','$2a$10$uX8xty2atSYsbW9AV9r29ObE54h4clLzA4cc1jTMmQsn8/idoRJ0S','thanhhuy',2),(7,'/upload-dir/avatar/dinhtoan.jpg','toanledinh76@gmail.com','$2a$10$uX8xty2atSYsbW9AV9r29ObE54h4clLzA4cc1jTMmQsn8/idoRJ0S','dinhtoan',2),(8,'/upload-dir/avatar/sithao.jpg','supersaza219@gmail.com','$2a$10$uX8xty2atSYsbW9AV9r29ObE54h4clLzA4cc1jTMmQsn8/idoRJ0S','sithao',2),(9,'/upload-dir/avatar/vanchuong.jpg','nguyenvanchuongwind@gmail.com','$2a$10$uX8xty2atSYsbW9AV9r29ObE54h4clLzA4cc1jTMmQsn8/idoRJ0S','vanchuong',2),(10,'/upload-dir/avatar/phanthanh.jpg','thanhlongtivip@gmail.com','$2a$10$uX8xty2atSYsbW9AV9r29ObE54h4clLzA4cc1jTMmQsn8/idoRJ0S','phanthanh',2),(11,'/upload-dir/avatar/banam.jpg','namnguyenba148@gmail.com','$2a$10$uX8xty2atSYsbW9AV9r29ObE54h4clLzA4cc1jTMmQsn8/idoRJ0S','banam',2),(12,'/upload-dir/avatar/lequyen.jpg','volequyen11042005@gmail.com','$2a$10$uX8xty2atSYsbW9AV9r29ObE54h4clLzA4cc1jTMmQsn8/idoRJ0S','lequyen',2),(13,'/upload-dir/avatar/tuanvu.jpg','vudoan89@gmail.com','$2a$10$uX8xty2atSYsbW9AV9r29ObE54h4clLzA4cc1jTMmQsn8/idoRJ0S','tuanvu',2),(14,'/upload-dir/avatar/default-avatar.jpg','letuan123@gmail.com','$2a$10$uX8xty2atSYsbW9AV9r29ObE54h4clLzA4cc1jTMmQsn8/idoRJ0S','anhtuan',2),(15,'/upload-dir/avatar/default-avatar.jpg','leminh678@gmail.com','$2a$10$uX8xty2atSYsbW9AV9r29ObE54h4clLzA4cc1jTMmQsn8/idoRJ0S','lemin',2),(16,'/upload-dir/avatar/default-avatar.jpg','thanhviet342@gmail.com','$2a$10$uX8xty2atSYsbW9AV9r29ObE54h4clLzA4cc1jTMmQsn8/idoRJ0S','thanhviet',2),(17,'/upload-dir/avatar/default-avatar.jpg','huongbinh888@gmail.com','$2a$10$uX8xty2atSYsbW9AV9r29ObE54h4clLzA4cc1jTMmQsn8/idoRJ0S','huongbinh',2),(18,'/upload-dir/avatar/default-avatar.jpg','khoinguyen789@gmail.com','$2a$10$uX8xty2atSYsbW9AV9r29ObE54h4clLzA4cc1jTMmQsn8/idoRJ0S','khoinguyen',2),(19,'/upload-dir/avatar/default-avatar.jpg','duytran34@gmail.com','$2a$10$uX8xty2atSYsbW9AV9r29ObE54h4clLzA4cc1jTMmQsn8/idoRJ0S','leduy',2),(20,'/upload-dir/avatar/default-avatar.jpg','tranhung230904@gmail.com','$2a$10$uX8xty2atSYsbW9AV9r29ObE54h4clLzA4cc1jTMmQsn8/idoRJ0S','dinhhung',2),(21,'/upload-dir/avatar/default-avatar.jpg','thuclqh@gmail.com','$2a$10$uX8xty2atSYsbW9AV9r29ObE54h4clLzA4cc1jTMmQsn8/idoRJ0S','hoangthuc',2),(22,'/upload-dir/avatar/default-avatar.jpg','viettu23@gmail.com','$2a$10$uX8xty2atSYsbW9AV9r29ObE54h4clLzA4cc1jTMmQsn8/idoRJ0S','viettu',2),(23,'/upload-dir/avatar/default-avatar.jpg','test1@gmail.com','$2a$10$uX8xty2atSYsbW9AV9r29ObE54h4clLzA4cc1jTMmQsn8/idoRJ0S','test1',2),(24,'/upload-dir/avatar/default-avatar.jpg','test5@gmail.com','$2a$10$uX8xty2atSYsbW9AV9r29ObE54h4clLzA4cc1jTMmQsn8/idoRJ0S','test5',2);
/*!40000 ALTER TABLE `user` ENABLE KEYS */;
UNLOCK TABLES;

--
-- Table structure for table `vocabulary_lesson`
--

DROP TABLE IF EXISTS `vocabulary_lesson`;
/*!40101 SET @saved_cs_client     = @@character_set_client */;
/*!50503 SET character_set_client = utf8mb4 */;
CREATE TABLE `vocabulary_lesson` (
  `id` bigint NOT NULL AUTO_INCREMENT,
  `lesson_name` varchar(255) NOT NULL,
  PRIMARY KEY (`id`)
) ENGINE=InnoDB AUTO_INCREMENT=4 DEFAULT CHARSET=utf8mb4 COLLATE=utf8mb4_0900_ai_ci;
/*!40101 SET character_set_client = @saved_cs_client */;

--
-- Dumping data for table `vocabulary_lesson`
--

LOCK TABLES `vocabulary_lesson` WRITE;
/*!40000 ALTER TABLE `vocabulary_lesson` DISABLE KEYS */;
INSERT INTO `vocabulary_lesson` VALUES (1,'Kế hoạch kinh doanh'),(2,'Lương và phúc lợi'),(3,'Máy tính và Internet');
/*!40000 ALTER TABLE `vocabulary_lesson` ENABLE KEYS */;
UNLOCK TABLES;

--
-- Table structure for table `vocabulary_lesson_content`
--

DROP TABLE IF EXISTS `vocabulary_lesson_content`;
/*!40101 SET @saved_cs_client     = @@character_set_client */;
/*!50503 SET character_set_client = utf8mb4 */;
CREATE TABLE `vocabulary_lesson_content` (
  `id` bigint NOT NULL AUTO_INCREMENT,
  `audio_url` varchar(255) DEFAULT NULL,
  `content` varchar(255) NOT NULL,
  `image_url` varchar(255) DEFAULT NULL,
  `meaning` varchar(255) NOT NULL,
  `number` bigint NOT NULL,
  `sentence` text NOT NULL,
  `transcribe` varchar(255) DEFAULT NULL,
  `vocabulary_id` bigint NOT NULL,
  PRIMARY KEY (`id`),
  KEY `FK659xbx88984vbxtha128ro4du` (`vocabulary_id`),
  CONSTRAINT `FK659xbx88984vbxtha128ro4du` FOREIGN KEY (`vocabulary_id`) REFERENCES `vocabulary_lesson` (`id`)
) ENGINE=InnoDB AUTO_INCREMENT=31 DEFAULT CHARSET=utf8mb4 COLLATE=utf8mb4_0900_ai_ci;
/*!40101 SET character_set_client = @saved_cs_client */;

--
-- Dumping data for table `vocabulary_lesson_content`
--

LOCK TABLES `vocabulary_lesson_content` WRITE;
/*!40000 ALTER TABLE `vocabulary_lesson_content` DISABLE KEYS */;
INSERT INTO `vocabulary_lesson_content` VALUES (1,'/upload-dir/audio/20250517_073857_address.mp3','address','/upload-dir/image/20250517_073857_address.jpg','(n,v): (n) địa chỉ, diễn văn, bài nói chuyện, tác phong nói chuyện, sự khôn khéo; (v) trình bày',1,'Marco\'s business plan addresses the needs of small business owners','/ə\'dres/',1),(2,'/upload-dir/audio/20250517_073857_avoid.mp3','avoid','/upload-dir/image/20250517_073857_avoid.jpg','(v): tránh, tránh khỏi; hủy bỏ, bác bỏ',2,'To avoid going out of business, owners should prepare a proper business plan','/ə\'vɔid/',1),(3,'/upload-dir/audio/20250517_073857_demonstrate.mp3','demonstrate','/upload-dir/image/20250517_073857_demonstrate.jpg','(v): bày tỏ, biểu lộ, cho thấy; chứng minh, giải thích',3,'The professor demonstrated through a case study that a business plan can impress a lender','/\'demənstreit/',1),(4,'/upload-dir/audio/20250517_073857_develop.mp3','develop','/upload-dir/image/20250517_073857_develop.jpg','(v): phát triển, tiến triển, triển khai, mở rộng',4,'Lily developed her ideas into a business plan by taking a class at the community college','/di\'veləp/',1),(5,'/upload-dir/audio/20250517_073857_evaluate.mp3','evaluate','/upload-dir/image/20250517_073857_evaluate.jpg','(v): đánh giá, định giá; ước lượng',5,'It\'s important to evaluate your competition when making a business plan','/i\'væljueit/',1),(6,'/upload-dir/audio/20250517_073857_gather.mp3','gather','/upload-dir/image/20250517_073857_gather.jpg','(v): tập hợp, tụ thập, thu thập; kết luận, suy ra',6,'We gathered information for our plan from many sources','/\'gæðə/',1),(7,'/upload-dir/audio/20250517_073857_offer.mp3','offer','/upload-dir/image/20250517_073857_offer.jpg','(n,v): (n) đề xuất, đề nghị, chào mời, chào hàng, dạm, hỏi, ướm; (v) đề nghị',7,'Devon accepted our offer to write the business plan','/\'ɔfə/',1),(8,'/upload-dir/audio/20250517_073857_primarily.mp3','primarily','/upload-dir/image/20250517_073857_primarily.jpg','(adv): trước hết, đầu tiên; chính, chủ yếu, quan trọng nhất',8,'The developers are thinking primarily of how to enter the South American market','/\'praimərili/',1),(9,'/upload-dir/audio/20250517_073857_risk.mp3','risk','/upload-dir/image/20250517_073857_risk.jpg','n): nguy cơ, sự nguy hiểm, sự rủi ro',9,'The primary risk for most start-up businesses is insufficient capital','/rɪsk/',1),(10,'/upload-dir/audio/20250517_073857_strategy.mp3','strategy','/upload-dir/image/20250517_073857_strategy.jpg','(n): chiến lược, sự vạch kế hoạch hành động',10,'A business plan is a strategy for running a business and avoiding problems','/ˈstrætədʒi/',1),(11,'/upload-dir/audio/20250517_073929_basis.mp3','basis','/upload-dir/image/20250517_073929_basis.jpg','(n): nền tảng, cơ sở, căn cứ',1,'The manager didn\'t have any basis for firing the employee','/\'beisis/',2),(12,'/upload-dir/audio/20250517_073929_benefit.mp3','benefit','/upload-dir/image/20250517_073929_benefit.jpg','(n, v): (n) chế độ đãi ngộ, lợi ích, phúc lợi; (v) được lợi',2,'Although the analyst earned a better salary at his new job, his benefits were better at his previous job','/\'benifit/',2),(13,'/upload-dir/audio/20250517_073929_compensate.mp3','compensate','/upload-dir/image/20250517_073929_compensate.jpg','(v): bù, đền bù, bồi thường',3,'The company will compensate employees for any travel expenses','/\'kɔmpenseit/',2),(14,'/upload-dir/audio/20250517_073929_delicately.mp3','delicately','/upload-dir/image/20250517_073929_delicately.jpg','(adv): ‹một cách› tinh vi, tế nhị, lịch thiệp, khôn khéo, thận trọng',4,'The manager delicately asked about the health of his client','/ˈdelɪkət/',2),(15,'/upload-dir/audio/20250517_073929_eligible.mp3','eligible','/upload-dir/image/20250517_073929_eligible.jpg','(adj): thích hợp, đủ tư cách, đủ tiêu chuẩn; có thể chọn được',5,'Some employees may be eligible for the tuition reimbursement plan','/i\'liminəbl/',2),(16,'/upload-dir/audio/20250517_073929_flexibly.mp3','flexibly','/upload-dir/image/20250517_073929_flexibly.jpg','(adv): ‹một cách› mềm dẻo, linh hoạt, linh động',6,'My manager thinks flexibly, enabling herself to solve many sticky problems','/ˈfleksəbl/',2),(17,'/upload-dir/audio/20250517_073929_negotiate.mp3','negotiate','/upload-dir/image/20250517_073929_negotiate.jpg','(v): thương lượng, đàm phán, điều đình',7,'You must know what you want and what you can accept when you negotiate a salary','/ni\'gouʃieit/',2),(18,'/upload-dir/audio/20250517_073929_raise.mp3','raise','/upload-dir/image/20250517_073929_raise.jpg','(n, v): (n) ‹sự› nâng lên, tăng lên, tăng lương; (v) nâng lên, đưa lên',8,' We need to raise the standard for timeliness','/reiz/',2),(19,'/upload-dir/audio/20250517_073929_retire.mp3','retire','/upload-dir/image/20250517_073929_retire.jpg','(v): nghỉ hưu',9,'She was forced to retire early from teaching because of ill health','/ri\'taiə/',2),(20,'/upload-dir/audio/20250517_073929_vested.mp3','vested','/upload-dir/image/20250517_073929_vested.jpg','(adj): được trao, được ban, được phong; quyền được bảo đảm',10,'The day that Ms. Weng became fully vested in the retirement plan, she gave her two weeks\' notice','/\'vestid/',2),(21,'/upload-dir/audio/20250517_073958_access.mp3','access','/upload-dir/image/20250517_073958_access.jpg','(n, v): (n) lối vào, đường vào, sự/quyền truy cập; (v) truy cập',1,'You can\'t gain access to the files unless you know the password','/ˈækses/',3),(22,'/upload-dir/audio/20250517_073958_allocate.mp3','allocate','/upload-dir/image/20250517_073958_allocate.jpg','(v): cấp cho, phân phối, phân phát, chia phần; chỉ định, định rõ vị trí',2,'The office manager did not allocate enough money to purchase software','/ˈæləkeɪt/',3),(23,'/upload-dir/audio/20250517_073958_compatible.mp3','compatible','/upload-dir/image/20250517_073958_compatible.jpg','(adj): tương thích, tương hợp, hợp nhau, có thể dùng được với nhau',3,'This operating system is not compatible with this model computer','/kəm\'pætəbl/',3),(24,'/upload-dir/audio/20250517_073958_delete.mp3','delete','/upload-dir/image/20250517_073958_delete.jpg',' (v): xóa đi, bỏ đi, gạch đi (to remove, to erase)',4,'The technicians deleted all the data on the disk accidentally','/di\'li:t/',3),(25,'/upload-dir/audio/20250517_073958_display.mp3','display','/upload-dir/image/20250517_073958_display.jpg','(v, n): (v) hiển thị, biểu lộ, phô bày, trình bày, trưng bày; (n) sự trưng bày',5,'The accounting program displays a current balance when opened.','/dis\'plei/',3),(26,'/upload-dir/audio/20250517_073958_duplicate.mp3','duplicate','/upload-dir/image/20250517_073958_duplicate.jpg','(v): sao lại, làm thành 2 bản, gấp đôi, nhân đôi',6,'I think the new word processing program will duplicate the success of the one introduced last year','/\'dju:plikit/',3),(27,'/upload-dir/audio/20250517_073958_failure.mp3','failure','/upload-dir/image/20250517_073958_failure.jpg','(n): hỏng, thiếu, yếu, trượt, thất bại, bất thành',7,'Your failure to inform us about the changed password cost the company a day\'s work','/\'feiljə/',3),(28,'/upload-dir/audio/20250517_073958_figure_out.mp3','figure out','/upload-dir/image/20250517_073958_figure_out.jpg',' (v): tìm hiểu, đoán ra, tính toán ra, giải ra',8,'By examining all of the errors, the technicians figured out how to fix the problem','/ˈfɪɡə/ /aʊt/',3),(29,'/upload-dir/audio/20250517_073958_ignore.mp3','ignore','/upload-dir/image/20250517_073958_ignore.jpg','(v): bỏ qua, phớt lờ, không để ý tới',9,'He ignored all the \'No Smoking\' signs and lit up a cigarette','/ig\'nɔ:/',3),(30,'/upload-dir/audio/20250517_073958_search.mp3','search','/upload-dir/image/20250517_073958_search.jpg',' (n, v): (n) tìm kiếm, tìm hiểu; điều tra, thăm dò; (v) tìm',10,' Our search of the database produced very little information','/sə:tʃ/',3);
/*!40000 ALTER TABLE `vocabulary_lesson_content` ENABLE KEYS */;
UNLOCK TABLES;
/*!40103 SET TIME_ZONE=@OLD_TIME_ZONE */;

/*!40101 SET SQL_MODE=@OLD_SQL_MODE */;
/*!40014 SET FOREIGN_KEY_CHECKS=@OLD_FOREIGN_KEY_CHECKS */;
/*!40014 SET UNIQUE_CHECKS=@OLD_UNIQUE_CHECKS */;
/*!40101 SET CHARACTER_SET_CLIENT=@OLD_CHARACTER_SET_CLIENT */;
/*!40101 SET CHARACTER_SET_RESULTS=@OLD_CHARACTER_SET_RESULTS */;
/*!40101 SET COLLATION_CONNECTION=@OLD_COLLATION_CONNECTION */;
/*!40111 SET SQL_NOTES=@OLD_SQL_NOTES */;

-- Dump completed on 2025-05-17  9:15:18
