-- MySQL dump 10.13  Distrib 8.0.31, for Win64 (x86_64)
--
-- Host: localhost    Database: pbl5
-- ------------------------------------------------------
-- Server version	8.0.35

/*!40101 SET @OLD_CHARACTER_SET_CLIENT=@@CHARACTER_SET_CLIENT */;
/*!40101 SET @OLD_CHARACTER_SET_RESULTS=@@CHARACTER_SET_RESULTS */;
/*!40101 SET @OLD_COLLATION_CONNECTION=@@COLLATION_CONNECTION */;
/*!50503 SET NAMES utf8 */;
/*!40103 SET @OLD_TIME_ZONE=@@TIME_ZONE */;
/*!40103 SET TIME_ZONE='+00:00' */;
/*!40014 SET @OLD_UNIQUE_CHECKS=@@UNIQUE_CHECKS, UNIQUE_CHECKS=0 */;
/*!40014 SET @OLD_FOREIGN_KEY_CHECKS=@@FOREIGN_KEY_CHECKS, FOREIGN_KEY_CHECKS=0 */;
/*!40101 SET @OLD_SQL_MODE=@@SQL_MODE, SQL_MODE='NO_AUTO_VALUE_ON_ZERO' */;
/*!40111 SET @OLD_SQL_NOTES=@@SQL_NOTES, SQL_NOTES=0 */;

--
-- Table structure for table `grammar_lesson`
--

DROP TABLE IF EXISTS `grammar_lesson`;
/*!40101 SET @saved_cs_client     = @@character_set_client */;
/*!50503 SET character_set_client = utf8mb4 */;
CREATE TABLE `grammar_lesson` (
  `id` bigint NOT NULL AUTO_INCREMENT,
  `content` text NOT NULL,
  `lesson_name` varchar(255) NOT NULL,
  PRIMARY KEY (`id`)
) ENGINE=InnoDB AUTO_INCREMENT=14 DEFAULT CHARSET=utf8mb4 COLLATE=utf8mb4_0900_ai_ci;
/*!40101 SET character_set_client = @saved_cs_client */;

--
-- Dumping data for table `grammar_lesson`
--

LOCK TABLES `grammar_lesson` WRITE;
/*!40000 ALTER TABLE `grammar_lesson` DISABLE KEYS */;
INSERT INTO `grammar_lesson` VALUES (1,'# ? Câu Bị Động (Passive Voice) Trong Tiếng Anh\r\n\r\n## ? 1. Định Nghĩa  \r\n**Câu bị động (Passive Voice)** được sử dụng khi chúng ta muốn nhấn mạnh vào hành động hoặc đối tượng chịu tác động, thay vì người thực hiện hành động.  \r\n\r\n? **Ví dụ:**  \r\n- **Chủ động:** *She wrote a book last year.* *(Cô ấy đã viết một cuốn sách năm ngoái.)*  \r\n- **Bị động:** *A book was written (by her) last year.* *(Một cuốn sách đã được viết vào năm ngoái.)*  \r\n\r\n---\r\n\r\n## ? 2. Công Thức Chung  \r\nS + be + V3/ed (+ by O)\r\n\r\n- Chủ ngữ **S** (người/vật chịu tác động).  \r\n- **Be** chia theo thì của câu chủ động.  \r\n- Động từ chính chia ở dạng **V3/ed**.  \r\n- **\"by O\"** (người thực hiện hành động) có thể lược bỏ nếu không cần thiết.  \r\n\r\n---\r\n\r\n## ? 3. Các Thì Trong Câu Bị Động  \r\n| **Thì**                          | **Câu Chủ Động**                          | **Câu Bị Động**                            |\r\n|----------------------------------|--------------------------------|--------------------------------|\r\n| **Hiện tại đơn** (Present Simple)  | She **writes** a letter. | A letter **is written**. |\r\n| **Hiện tại tiếp diễn** (Present Continuous) | She **is writing** a letter. | A letter **is being written**. |\r\n| **Hiện tại hoàn thành** (Present Perfect) | She **has written** a letter. | A letter **has been written**. |\r\n| **Quá khứ đơn** (Past Simple) | She **wrote** a letter. | A letter **was written**. |\r\n| **Quá khứ tiếp diễn** (Past Continuous) | She **was writing** a letter. | A letter **was being written**. |\r\n| **Quá khứ hoàn thành** (Past Perfect) | She **had written** a letter. | A letter **had been written**. |\r\n| **Tương lai đơn** (Future Simple) | She **will write** a letter. | A letter **will be written**. |\r\n| **Tương lai gần** (Near Future) | She **is going to write** a letter. | A letter **is going to be written**. |\r\n\r\n---\r\n\r\n## ? 4. Cách Chuyển Đổi Câu Chủ Động → Câu Bị Động  \r\n✅ **Bước 1:** Xác định **tân ngữ** trong câu chủ động để chuyển thành **chủ ngữ** trong câu bị động.  \r\n✅ **Bước 2:** Xác định thì của câu chủ động, chia động từ **\"to be\"** theo thì đó.  \r\n✅ **Bước 3:** Chuyển động từ chính sang **quá khứ phân từ (V3/ed)**.  \r\n✅ **Bước 4:** Nếu cần thiết, thêm **\"by + O\"** để chỉ người thực hiện hành động.  \r\n\r\n? **Ví dụ:**  \r\n- **Chủ động:** *They clean the room every day.* *(Họ dọn phòng mỗi ngày.)*  \r\n- **Bị động:** *The room is cleaned every day.* *(Căn phòng được dọn mỗi ngày.)*  \r\n\r\n---\r\n\r\n## ? 5. Một Số Trường Hợp Đặc Biệt  \r\n\r\n### ? 5.1. Động từ có 2 tân ngữ  \r\n? Khi động từ có 2 tân ngữ, ta có thể viết câu bị động theo **2 cách**:  \r\n**Chủ động:**  \r\nS + V + O1 + O2\r\n\r\n? **Ví dụ:**  \r\n- **They gave me a present.** *(Họ đã tặng tôi một món quà.)*  \r\n\r\n? **Bị động:**  \r\n- *I was given a present (by them).*  \r\n- *A present was given to me (by them).*  \r\n\r\n---\r\n\r\n### ? 5.2. Động từ không dùng ở bị động  \r\nMột số động từ **không có tân ngữ trực tiếp**, **không thể chuyển sang bị động**, ví dụ:  \r\n✅ **Happen, seem, appear, exist, belong, consist of, lack, resemble...**  \r\n\r\n? **Ví dụ:**  \r\n- ❌ *A mistake was happened.* (*SAI*)  \r\n- ✅ *A mistake happened.* (*ĐÚNG*)  \r\n\r\n---\r\n\r\n### ? 5.3. Động từ nguyên mẫu trong câu bị động  \r\n? Nếu câu chủ động có động từ khuyết thiếu (**can, must, should, have to, need to**...), công thức chuyển sang bị động như sau:  \r\nS + modal verb + be + V3/ed\r\n\r\n? **Ví dụ:**  \r\n- *You must finish this task today.* → *This task must be finished today.*  \r\n- *She can do it.* → *It can be done.*  \r\n\r\n---\r\n\r\n## ? 6. Bài Tập Luyện Tập ?  \r\n### ✏️ Bài Tập 1: Chuyển câu chủ động sang bị động  \r\n1. They **painted** the house last week.  \r\n2. She **has finished** the report.  \r\n3. They **are making** a cake now.  \r\n4. People **speak** English worldwide.  \r\n\r\n✍ **Đáp Án:**  \r\n1. The house **was painted** last week.  \r\n2. The report **has been finished**.  \r\n3. A cake **is being made** now.  \r\n4. English **is spoken** worldwide.  \r\n\r\n---\r\n\r\n## ? 7. Video Hướng Dẫn ?  \r\n? **Xem video dưới đây để hiểu rõ hơn:**  \r\n[![Passive Voice](https://img.youtube.com/vi/a9GnbpR96Ow&t=15s/0.jpg)](https://www.youtube.com/watch?v=a9GnbpR96Ow&t=15s)\r\n\r\n---\r\n\r\n## ? 8. Kết Luận  \r\nCâu bị động giúp câu văn trở nên linh hoạt hơn, đặc biệt khi muốn nhấn mạnh vào **kết quả của hành động** thay vì **người thực hiện hành động**. Hãy luyện tập thường xuyên để sử dụng thành thạo nhé! ?\r\n\r\n---','Câu Bị Động (Passive Voice)'),(2,'# ? Câu Điều Kiện (Conditional Sentences) Trong Tiếng Anh\r\n\r\n## ? 1. Định Nghĩa  \r\n**Câu điều kiện (Conditional Sentences)** là câu diễn tả một giả định và kết quả có thể xảy ra dựa trên điều kiện đó. Chúng thường có hai mệnh đề:  \r\n✅ **Mệnh đề If** (mệnh đề điều kiện)  \r\n✅ **Mệnh đề chính** (mệnh đề kết quả)  \r\n\r\n? **Ví dụ:**  \r\n- *If it rains, we will stay at home.* *(Nếu trời mưa, chúng tôi sẽ ở nhà.)*  \r\n- *If I had studied harder, I would have passed the exam.* *(Nếu tôi học chăm hơn, tôi đã đậu kỳ thi.)*  \r\n\r\n---\r\n\r\n## ? 2. Các Loại Câu Điều Kiện  \r\nCâu điều kiện được chia thành **4 loại chính**, mỗi loại diễn tả một tình huống khác nhau.  \r\n\r\n### ? 2.1. Câu Điều Kiện Loại 0 (Zero Conditional)  \r\n? **Dùng để diễn tả sự thật hiển nhiên, quy luật tự nhiên.**  \r\n\r\n**Công thức:**  \r\nIf + S + V (hiện tại đơn), S + V (hiện tại đơn).\r\n\r\n✅ **Ví dụ:**  \r\n- *If you heat water to 100°C, it boils.*  \r\n  *(Nếu bạn đun nước đến 100°C, nó sẽ sôi.)*  \r\n- *If the sun sets, it gets dark.*  \r\n  *(Nếu mặt trời lặn, trời sẽ tối.)*  \r\n\r\n---\r\n\r\n### ? 2.2. Câu Điều Kiện Loại 1 (First Conditional)  \r\n? **Dùng để diễn tả hành động có thể xảy ra trong tương lai.**  \r\n\r\n**Công thức:**  \r\nIf + S + V (hiện tại đơn), S + will + V (nguyên mẫu).\r\n\r\n✅ **Ví dụ:**  \r\n- *If you study hard, you will pass the exam.*  \r\n  *(Nếu bạn học chăm, bạn sẽ đậu kỳ thi.)*  \r\n- *If it rains, we will stay at home.*  \r\n  *(Nếu trời mưa, chúng tôi sẽ ở nhà.)*  \r\n\r\n---\r\n\r\n### ? 2.3. Câu Điều Kiện Loại 2 (Second Conditional)  \r\n? **Dùng để diễn tả giả thuyết không có thật hoặc khó xảy ra trong hiện tại.**  \r\n\r\n**Công thức:**  \r\nIf + S + V (quá khứ đơn), S + would + V (nguyên mẫu).\r\n\r\n✅ **Ví dụ:**  \r\n- *If I were you, I would take the job.*  \r\n  *(Nếu tôi là bạn, tôi sẽ nhận công việc đó.)*  \r\n- *If she had more money, she would travel the world.*  \r\n  *(Nếu cô ấy có nhiều tiền hơn, cô ấy sẽ đi du lịch khắp thế giới.)*  \r\n\r\n? **Lưu ý:** Với **\"to be\"**, luôn dùng **\"were\"** cho tất cả các ngôi.  \r\n❌ *If I was you, I would take the job.* (SAI)  \r\n✅ *If I were you, I would take the job.* (ĐÚNG)  \r\n\r\n---\r\n\r\n### ? 2.4. Câu Điều Kiện Loại 3 (Third Conditional)  \r\n? **Dùng để diễn tả một điều kiện KHÔNG có thật trong quá khứ.**  \r\n\r\n**Công thức:**  \r\nIf + S + had + V3/ed, S + would have + V3/ed.\r\n\r\n✅ **Ví dụ:**  \r\n- *If I had studied harder, I would have passed the exam.*  \r\n  *(Nếu tôi học chăm hơn, tôi đã đậu kỳ thi.)*  \r\n- *If she had left earlier, she wouldn’t have missed the train.*  \r\n  *(Nếu cô ấy rời đi sớm hơn, cô ấy đã không lỡ chuyến tàu.)*  \r\n\r\n---\r\n\r\n## ? 3. Một Số Cấu Trúc Đặc Biệt  \r\n\r\n### ? 3.1. Unless = If not  \r\n? **Unless** có nghĩa là **\"nếu không\"**, có thể thay thế **\"If … not\"**.  \r\n\r\n✅ **Ví dụ:**  \r\n- *If you don’t hurry, you will miss the bus.*  \r\n  → *Unless you hurry, you will miss the bus.*  \r\n  *(Nếu bạn không nhanh lên, bạn sẽ lỡ xe buýt.)*  \r\n\r\n---\r\n\r\n### ? 3.2. Câu Điều Kiện Hỗn Hợp (Mixed Conditional)  \r\n? **Dùng để kết hợp các loại câu điều kiện để diễn tả tình huống phức tạp hơn.**  \r\n\r\n✅ **Ví dụ:**  \r\n- *If she had studied harder, she would be a doctor now.*  \r\n  *(Nếu cô ấy học chăm hơn, bây giờ cô ấy đã là bác sĩ.)*  \r\n- *If I were rich, I would have bought that car.*  \r\n  *(Nếu tôi giàu, tôi đã mua chiếc xe đó.)*  \r\n\r\n---\r\n\r\n## ? 4. Bài Tập Luyện Tập ?  \r\n### ✏️ Bài Tập 1: Điền động từ vào chỗ trống  \r\n1. If he (be) ______ taller, he (become) ______ a basketball player.  \r\n2. If you (study) ______ harder, you (pass) ______ the exam.  \r\n3. If she (not leave) ______ early, she (miss) ______ the bus.  \r\n\r\n✍ **Đáp Án:**  \r\n1. *If he were taller, he would become a basketball player.*  \r\n2. *If you study harder, you will pass the exam.*  \r\n3. *If she doesn’t leave early, she will miss the bus.*  \r\n\r\n---\r\n\r\n## ? 5. Video Hướng Dẫn ?  \r\n? **Xem video dưới đây để hiểu rõ hơn:**  \r\n[![Conditional Sentences](https://img.youtube.com/vi/_X-u0Rh07Jc/0.jpg)](https://www.youtube.com/watch?v=_X-u0Rh07Jc)  \r\n\r\n---\r\n\r\n## ? 6. Kết Luận  \r\nCâu điều kiện rất quan trọng trong tiếng Anh, giúp bạn diễn tả các giả định và kết quả một cách chính xác. Hãy luyện tập thật nhiều để thành thạo nhé! ?\r\n\r\n---','Câu Điều Kiện (Conditional Sentences)'),(3,'# Câu Điều Kiện Loại 1 (First Conditional)\r\n\r\nCâu điều kiện loại 1 dùng để diễn tả những tình huống **có thật hoặc có thể xảy ra** trong tương lai nếu điều kiện được đáp ứng.\r\n\r\n---\r\n\r\n## ? 1. Cấu Trúc\r\nIf + S + V (hiện tại đơn), S + will + V (nguyên mẫu).\r\n\r\n? **Ví dụ:**  \r\n- If it **rains**, we **will stay** at home. *(Nếu trời mưa, chúng tôi sẽ ở nhà.)*\r\n- If she **studies** hard, she **will pass** the exam. *(Nếu cô ấy học chăm chỉ, cô ấy sẽ đỗ kỳ thi.)*\r\n- If you **don’t hurry**, you **will miss** the train. *(Nếu bạn không nhanh lên, bạn sẽ lỡ tàu.)*\r\n\r\n---\r\n\r\n## ? 2. Cách Sử Dụng\r\n✅ **Diễn tả điều kiện có thể xảy ra trong tương lai**  \r\n- If you **eat** too much, you **will get** fat. *(Nếu bạn ăn quá nhiều, bạn sẽ béo lên.)*\r\n- If we **go** to the beach, we **will have** a great time. *(Nếu chúng ta đi biển, chúng ta sẽ có khoảng thời gian tuyệt vời.)*\r\n\r\n✅ **Dùng để đưa ra lời khuyên hoặc cảnh báo**  \r\n- If you **touch** that wire, you **will get** an electric shock. *(Nếu bạn chạm vào dây điện, bạn sẽ bị giật điện.)*\r\n- If you **don’t wear** a jacket, you **will catch** a cold. *(Nếu bạn không mặc áo khoác, bạn sẽ bị cảm lạnh.)*\r\n\r\n✅ **Diễn tả sự thỏa thuận, yêu cầu**  \r\n- If you **help** me, I **will help** you. *(Nếu bạn giúp tôi, tôi sẽ giúp bạn.)*\r\n- If she **invites** me, I **will come** to her party. *(Nếu cô ấy mời tôi, tôi sẽ đến dự tiệc.)*\r\n\r\n---\r\n\r\n## ? 3. Dấu Hiệu Nhận Biết\r\nCác trạng từ thời gian thường xuất hiện trong câu điều kiện loại 1:\r\n\r\n| Từ/Cụm từ      | Nghĩa            | Ví dụ |\r\n|---------------|----------------|------------------------------------|\r\n| **If**       | Nếu            | If it rains, I will stay home. |\r\n| **Unless**   | Trừ khi        | Unless you study, you will fail. |\r\n| **When**     | Khi nào         | When you arrive, I will call you. |\r\n| **As soon as** | Ngay khi      | As soon as I finish, I will go out. |\r\n\r\n---\r\n\r\n## ? 4. Câu Điều Kiện Với \"Unless\"\r\n- **Unless = If not** *(Trừ khi/Nếu không)*\r\nUnless + S + V (hiện tại đơn), S + will + V (nguyên mẫu).\r\n\r\n? **Ví dụ:**  \r\n- Unless you **study**, you **will fail** the exam. *(Trừ khi bạn học bài, bạn sẽ trượt kỳ thi.)*\r\n- Unless it **rains**, we **will go** to the park. *(Trừ khi trời mưa, chúng ta sẽ đi công viên.)*\r\n\r\n---\r\n\r\n## ? 5. Bài Tập Luyện Tập\r\n? **Điền vào chỗ trống với động từ đúng:**\r\n1. If she __________ (come) to the party, she __________ (have) fun.\r\n2. If you __________ (not hurry), you __________ (be) late.\r\n3. If we __________ (take) a taxi, we __________ (arrive) on time.\r\n4. Unless you __________ (study), you __________ (not pass) the test.\r\n\r\n✍ **Đáp án:**\r\n1. comes - will have\r\n2. do not hurry - will be\r\n3. take - will arrive\r\n4. study - will not pass\r\n\r\n---\r\n\r\n## ? 6. Video Giải Thích Chi Tiết ?\r\n? **Xem video dưới đây để hiểu rõ hơn:**  \r\n[![First Conditional](https://img.youtube.com/vi/XbR4qRNeWWo/0.jpg)](https://www.youtube.com/watch?v=XbR4qRNeWWo)\r\n\r\n---\r\n\r\n## ? 7. Kết Luận\r\nCâu điều kiện loại 1 rất quan trọng trong giao tiếp và thi cử. Hãy luyện tập thường xuyên để sử dụng chính xác trong các tình huống thực tế! ?\r\n\r\n---','Câu Điều Kiện Loại 1 (First Conditional)'),(4,'# Câu Gián Tiếp (Reported Speech)\r\n\r\n## 1. Định nghĩa\r\nCâu gián tiếp (*Reported Speech*) là cách tường thuật lại lời nói của người khác mà không dùng dấu ngoặc kép `\" \"`. Khi chuyển từ câu trực tiếp sang câu gián tiếp, chúng ta cần thay đổi động từ, đại từ, và trạng từ chỉ thời gian nếu cần thiết.\r\n\r\nVí dụ:  \r\n- **Câu trực tiếp:** She said, \"I am happy.\"  \r\n- **Câu gián tiếp:** She said that she was happy.\r\n\r\n## 2. Quy tắc chuyển đổi từ câu trực tiếp sang câu gián tiếp\r\n\r\n### 2.1. Thay đổi thì của động từ\r\n| Câu trực tiếp (Direct Speech) | Câu gián tiếp (Reported Speech) |\r\n|------------------------------|--------------------------------|\r\n| Present Simple → Past Simple | \"I **like** apples,\" she said. → She said she **liked** apples. |\r\n| Present Continuous → Past Continuous | \"I **am working**,\" he said. → He said he **was working**. |\r\n| Present Perfect → Past Perfect | \"I **have finished**,\" she said. → She said she **had finished**. |\r\n| Past Simple → Past Perfect | \"I **went** to the park,\" he said. → He said he **had gone** to the park. |\r\n\r\n### 2.2. Thay đổi đại từ\r\n| Câu trực tiếp | Câu gián tiếp |\r\n|--------------|--------------|\r\n| \"I like it.\" | He said **he** liked it. |\r\n| \"We will go.\" | They said **they** would go. |\r\n| \"You must help me.\" | She said **I** must help **her**. |\r\n\r\n### 2.3. Thay đổi trạng từ chỉ thời gian và nơi chốn\r\n| Trực tiếp | Gián tiếp |\r\n|-----------|----------|\r\n| now → then | \"I am busy **now**.\" → He said he was busy **then**. |\r\n| today → that day | \"I will do it **today**.\" → She said she would do it **that day**. |\r\n| yesterday → the day before | \"I went there **yesterday**.\" → He said he had gone there **the day before**. |\r\n| tomorrow → the next day | \"I will call you **tomorrow**.\" → She said she would call me **the next day**. |\r\n\r\n## 3. Các loại câu gián tiếp\r\n\r\n### 3.1. Câu kể (*Statement*)\r\nCấu trúc:\r\nS + said (that) + S + V (lùi thì nếu cần)\r\n\r\nVí dụ:\r\nShe said, \"I love coffee.\" → She said that she loved coffee.\r\n\r\n### 3.2. Câu hỏi (*Questions*)\r\n#### Câu hỏi Yes/No:\r\nS + asked + if/whether + S + V\r\n\r\nVí dụ:\r\nHe asked, \"Do you like pizza?\" → He asked if I liked pizza.\r\n\r\n#### Câu hỏi Wh-:\r\nS + asked + wh-word + S + V\r\n\r\nVí dụ:\r\nShe asked, \"Where do you live?\" → She asked where I lived.\r\n\r\n### 3.3. Câu mệnh lệnh (*Commands*)\r\nS + told/asked + O + to/not to + V\r\n\r\nVí dụ:\r\n\"Close the door!\" → He told me to close the door. \"Don\'t be late!\" → She told me not to be late.\r\n\r\n## 4. Video hướng dẫn\r\n[![Xem video về câu gián tiếp](https://img.youtube.com/vi/8cm8hn4oVbU/0.jpg)](https://www.youtube.com/watch?v=8cm8hn4oVbU)\r\n\r\n## 5. Bài tập thực hành\r\n**Chuyển các câu sau sang câu gián tiếp:**\r\n1. He said, \"I am studying now.\"\r\n2. She asked, \"Where do you come from?\"\r\n3. They said, \"We will visit Ha Long Bay tomorrow.\"\r\n\r\n### ? Đáp án\r\n<details>\r\n<summary>Bấm để xem đáp án</summary>\r\n\r\n1. He said that he was studying then.  \r\n2. She asked where I came from.  \r\n3. They said that they would visit Ha Long Bay the next day.\r\n\r\n</details>\r\n\r\n---','Câu Gián Tiếp (Reported Speech)'),(5,'# Động từ khuyết thiếu (Modal Verbs)\r\n\r\n## 1. Định nghĩa\r\n**Động từ khuyết thiếu (Modal Verbs)** là nhóm động từ đặc biệt, dùng để bổ sung ý nghĩa cho động từ chính trong câu. Chúng không có dạng nguyên thể, không chia theo thì và không đi kèm với “s” ở ngôi thứ ba số ít.\r\n\r\n? **Ví dụ:**  \r\n- You **must** wear a seatbelt.  \r\n- She **can** play the guitar very well.  \r\n\r\n---\r\n\r\n## 2. Các động từ khuyết thiếu phổ biến\r\n\r\n| Động từ | Nghĩa | Cách dùng |\r\n|---------|---------|----------|\r\n| **Can** | Có thể | Khả năng, sự cho phép, yêu cầu |\r\n| **Could** | Có thể (quá khứ của can) | Khả năng trong quá khứ, lời đề nghị lịch sự |\r\n| **May** | Có thể | Khả năng xảy ra, xin phép lịch sự |\r\n| **Might** | Có lẽ | Khả năng thấp hơn may |\r\n| **Must** | Phải | Sự bắt buộc mạnh, phỏng đoán chắc chắn |\r\n| **Shall** | Sẽ (ít dùng) | Gợi ý, đề xuất (thường dùng với I, We) |\r\n| **Should** | Nên | Lời khuyên, dự đoán, nghĩa vụ nhẹ |\r\n| **Will** | Sẽ | Diễn tả tương lai, lời hứa, dự đoán |\r\n| **Would** | Sẽ (quá khứ của will) | Lời đề nghị lịch sự, thói quen trong quá khứ |\r\n| **Ought to** | Nên | Nghĩa vụ, lời khuyên mạnh hơn should |\r\n| **Need** | Cần | Dùng như modal verb khi phủ định hoặc nghi vấn |\r\n| **Dare** | Dám | Chủ yếu dùng trong phủ định và nghi vấn |\r\n\r\n---\r\n\r\n## 3. Cách dùng động từ khuyết thiếu\r\n\r\n### 3.1. **Diễn tả khả năng (Ability)**\r\n- **Can** được dùng để diễn tả khả năng ở hiện tại.\r\n- **Could** diễn tả khả năng trong quá khứ.\r\n\r\n? **Ví dụ:**  \r\n- I **can** swim. (Tôi có thể bơi.)  \r\n- She **could** ride a bike when she was 5. (Cô ấy có thể đi xe đạp khi 5 tuổi.)  \r\n\r\n---\r\n\r\n### 3.2. **Diễn tả sự cho phép (Permission)**\r\n- **Can, Could, May, Might** dùng để xin hoặc cho phép.\r\n- **May** trang trọng hơn **Can**, còn **Might** mang sắc thái ít chắc chắn hơn.\r\n\r\n? **Ví dụ:**  \r\n- **Can** I leave early today? (Tôi có thể về sớm hôm nay không?)  \r\n- **May** I borrow your book? (Tôi có thể mượn sách của bạn không?)  \r\n\r\n---\r\n\r\n### 3.3. **Diễn tả sự bắt buộc (Obligation)**\r\n- **Must** thể hiện sự bắt buộc mạnh mẽ.  \r\n- **Have to** cũng diễn tả nghĩa tương tự, nhưng mang tính khách quan hơn.  \r\n\r\n? **Ví dụ:**  \r\n- You **must** wear a uniform at school. (Bạn phải mặc đồng phục ở trường.)  \r\n- I **have to** finish this report by Monday. (Tôi phải hoàn thành báo cáo này trước thứ Hai.)  \r\n\r\n---\r\n\r\n### 3.4. **Diễn tả lời khuyên (Advice)**\r\n- **Should, Ought to, Had better** dùng để đưa ra lời khuyên.  \r\n- **Should** và **Ought to** gần như tương đương nhau, còn **Had better** mạnh hơn một chút.\r\n\r\n? **Ví dụ:**  \r\n- You **should** sleep early. (Bạn nên ngủ sớm.)  \r\n- You **ought to** apologize to her. (Bạn nên xin lỗi cô ấy.)  \r\n- You **had better** take an umbrella. (Bạn nên mang ô.)  \r\n\r\n---\r\n\r\n### 3.5. **Diễn tả khả năng xảy ra (Probability & Possibility)**\r\n- **May, Might, Could** diễn tả một điều có thể xảy ra.\r\n- **Must** diễn tả một điều gần như chắc chắn.\r\n\r\n? **Ví dụ:**  \r\n- She **may** be at home. (Cô ấy có thể ở nhà.)  \r\n- He **might** come to the party. (Anh ấy có lẽ sẽ đến bữa tiệc.)  \r\n- He **must** be the new teacher. (Anh ấy chắc chắn là giáo viên mới.)  \r\n\r\n---\r\n\r\n### 3.6. **Diễn tả thói quen trong quá khứ (Past Habit)**\r\n- **Would** và **Used to** dùng để chỉ thói quen trong quá khứ.\r\n\r\n? **Ví dụ:**  \r\n- When I was a child, I **would** play outside all day.  \r\n- She **used to** live in London.  \r\n\r\n---\r\n\r\n## 4. Động từ khuyết thiếu ở thể phủ định và nghi vấn\r\n? **Công thức chung:**  \r\n> **S + modal verb + not + V (nguyên thể)**  \r\n> **Modal verb + S + V (nguyên thể)?**  \r\n\r\n? **Ví dụ:**  \r\n- You **should not** go out now. (Bạn không nên ra ngoài bây giờ.)  \r\n- **Can** you help me? (Bạn có thể giúp tôi không?)  \r\n\r\n---\r\n\r\n## 5. Video hướng dẫn  \r\n[![Động từ khuyết thiếu trong tiếng Anh](https://img.youtube.com/vi/kE8PZX0eJw0/0.jpg)](https://www.youtube.com/watch?v=kE8PZX0eJw0)  \r\n\r\n---\r\n\r\n## 6. Bài tập thực hành  \r\n✍ **Chọn động từ khuyết thiếu phù hợp:**  \r\n1. You ______ be quiet in the library. (must / may / should)  \r\n2. He ______ swim when he was five. (can / could / may)  \r\n3. I think it ______ rain tomorrow. (can / might / must)  \r\n4. You ______ smoke here. It’s a non-smoking area. (must / mustn’t / should)  \r\n5. If you don’t understand, you ______ ask the teacher. (must / can / should)  \r\n\r\n### ? Đáp án  \r\n<details>\r\n<summary>Bấm để xem đáp án</summary>\r\n\r\n1. You **must** be quiet in the library.  \r\n2. He **could** swim when he was five.  \r\n3. I think it **might** rain tomorrow.  \r\n4. You **mustn’t** smoke here. It’s a non-smoking area.  \r\n5. If you don’t understand, you **should** ask the teacher.  \r\n\r\n</details>\r\n\r\n---','Động từ khuyết thiếu (Modal Verbs)'),(6,'# So sánh nhất (Superlative Comparison)\r\n\r\n## 1. Định nghĩa  \r\n**So sánh nhất** dùng để so sánh một người, một vật hoặc một sự việc với tất cả những người, vật hoặc sự việc khác trong một nhóm.  \r\n\r\n? **Ví dụ:**  \r\n- This is **the most beautiful** city I have ever visited.  \r\n- He is **the tallest** student in the class.  \r\n\r\n---\r\n\r\n## 2. Công thức  \r\n\r\n### 2.1. **Tính từ ngắn (1 âm tiết hoặc 2 âm tiết kết thúc bằng -y, -er, -ow, -le)**  \r\n> **S + be + the + adj-est + N**  \r\n\r\n? **Ví dụ:**  \r\n- This house is **the smallest** in the neighborhood.  \r\n- She is **the fastest** runner in the team.  \r\n\r\n? **Quy tắc đặc biệt:**  \r\n- Nếu tính từ kết thúc bằng **e**, chỉ cần thêm **-st**.  \r\n  - Ex: large → **the largest**  \r\n- Nếu tính từ có một nguyên âm đứng trước một phụ âm, gấp đôi phụ âm cuối rồi thêm **-est**.  \r\n  - Ex: big → **the biggest**  \r\n- Nếu tính từ kết thúc bằng **y**, đổi **y** thành **i** rồi thêm **-est**.  \r\n  - Ex: happy → **the happiest**  \r\n\r\n---\r\n\r\n### 2.2. **Tính từ dài (từ 2 âm tiết trở lên)**  \r\n> **S + be + the most + adj + N**  \r\n\r\n? **Ví dụ:**  \r\n- This hotel is **the most expensive** in the city.  \r\n- She is **the most intelligent** student in the school.  \r\n\r\n---\r\n\r\n### 2.3. **Trạng từ ngắn & dài**  \r\n? **Trạng từ ngắn (không có -ly)**  \r\n> **S + V + the adv-est**  \r\n\r\nVí dụ:  \r\n- He runs **the fastest** in the team.  \r\n- She sings **the loudest** at the party.  \r\n\r\n? **Trạng từ dài (có -ly)**  \r\n> **S + V + the most + adv**  \r\n\r\nVí dụ:  \r\n- He speaks **the most fluently** in the class.  \r\n- She dances **the most beautifully** in the group.  \r\n\r\n---\r\n\r\n## 3. Một số tính từ/trạng từ bất quy tắc  \r\n\r\n| Tính từ/Trạng từ | So sánh hơn | So sánh nhất |\r\n|------------------|------------|-------------|\r\n| good/well       | better     | **the best** |\r\n| bad/badly       | worse      | **the worst** |\r\n| far             | farther/further | **the farthest/furthest** |\r\n| little          | less       | **the least** |\r\n| many/much       | more       | **the most** |\r\n\r\n? **Ví dụ:**  \r\n- This is **the best** book I have ever read.  \r\n- He is **the worst** player on the team.  \r\n- This is **the farthest** place I’ve ever traveled to.  \r\n\r\n---\r\n\r\n## 4. Cách dùng  \r\n\r\n### 4.1. **Dùng để so sánh một đối tượng với nhiều đối tượng khác**  \r\n? **Ví dụ:**  \r\n- This is **the most interesting** movie of the year.  \r\n- He is **the tallest** boy in the class.  \r\n\r\n---\r\n\r\n### 4.2. **Thường đi kèm với \"in\", \"of\" để xác định phạm vi so sánh**  \r\n? **Ví dụ:**  \r\n- She is **the smartest** student **in the class**.  \r\n- This is **the most expensive** hotel **of all**.  \r\n\r\n---\r\n\r\n### 4.3. **Dùng với \"one of the\" để chỉ một trong số những thứ tốt nhất**  \r\n? **Ví dụ:**  \r\n- This is **one of the most popular** songs this year.  \r\n- She is **one of the best** doctors in the hospital.  \r\n\r\n---\r\n\r\n## 5. Dấu hiệu nhận biết  \r\n? **Thường đi kèm với:**  \r\n- **The + adj-est** (tính từ ngắn)  \r\n- **The most + adj** (tính từ dài)  \r\n- **The least + adj** (đối lập với \"the most\")  \r\n- **Of all / in + danh từ chỉ nhóm**  \r\n\r\n? **Ví dụ:**  \r\n- She is **the tallest** girl **in the class**.  \r\n- This is **the most beautiful** city **of all**.  \r\n\r\n---\r\n\r\n## 6. Lỗi sai thường gặp  \r\n\r\n? **1. Thiếu \"the\" trước dạng so sánh nhất**  \r\n? Sai: This is **most difficult** question.  \r\n✅ Đúng: This is **the most difficult** question.  \r\n\r\n? **2. Nhầm giữa So sánh hơn và So sánh nhất**  \r\n? Sai: This book is **better** than all.  \r\n✅ Đúng: This book is **the best** of all.  \r\n\r\n? **3. Nhầm giữa \"more\" và \"most\" với tính từ dài**  \r\n? Sai: This is **more interesting** movie of all.  \r\n✅ Đúng: This is **the most interesting** movie of all.  \r\n\r\n---\r\n\r\n## 7. Bài tập thực hành  \r\n\r\n**Bài 1: Điền dạng đúng của tính từ trong ngoặc vào chỗ trống.**  \r\n1. This is ______ (good) restaurant in town.  \r\n2. Who is ______ (intelligent) student in your class?  \r\n3. This house is ______ (big) in the neighborhood.  \r\n4. He is ______ (funny) person I have ever met.  \r\n5. This test was ______ (difficult) of all.  \r\n\r\n**Bài 2: Viết lại câu sử dụng dạng so sánh nhất.**  \r\n1. This mountain is higher than all the others.  \r\n→ This is _________________________.  \r\n2. No other student in the class is more hardworking than John.  \r\n→ John is _________________________.  \r\n3. This painting is more beautiful than all the others in the gallery.  \r\n→ This is _________________________.  \r\n\r\n---\r\n\r\n## 8. Video tham khảo  \r\n? [Superlative Adjectives | English Grammar](https://www.youtube.com/watch?v=XYZ123)  \r\n\r\n---','Mệnh đề quan hệ (Relative Clauses)'),(7,'# Thì Hiện Tại Đơn (Present Simple Tense)\r\n\r\n## 1. Định nghĩa\r\n**Thì Hiện Tại Đơn (Present Simple Tense)** là thì dùng để diễn tả một hành động hoặc sự việc xảy ra thường xuyên, theo thói quen, một chân lý hoặc một sự thật hiển nhiên.  \r\n\r\n? **Ví dụ:**  \r\n- The sun **rises** in the east. (Mặt trời mọc ở phía đông.)  \r\n- She **goes** to school every day. (Cô ấy đi học mỗi ngày.)  \r\n\r\n---\r\n\r\n## 2. Công thức  \r\n\r\n### ? **Câu khẳng định**  \r\n> **S + V(s/es) + O** (với He/She/It/danh từ số ít)  \r\n> **S + V (nguyên thể) + O** (với I/You/We/They/danh từ số nhiều)  \r\n\r\n? **Ví dụ:**  \r\n- He **plays** soccer every weekend. (Anh ấy chơi bóng đá mỗi cuối tuần.)  \r\n- They **work** in a big company. (Họ làm việc trong một công ty lớn.)  \r\n\r\n### ? **Câu phủ định**  \r\n> **S + do/does + not + V (nguyên thể) + O**  \r\n\r\n? **Ví dụ:**  \r\n- She **does not** like coffee. (Cô ấy không thích cà phê.)  \r\n- We **do not** live in Hanoi. (Chúng tôi không sống ở Hà Nội.)  \r\n\r\n### ? **Câu nghi vấn**  \r\n> **Do/Does + S + V (nguyên thể) + O?**  \r\n\r\n? **Ví dụ:**  \r\n- **Do** you like ice cream? (Bạn có thích kem không?)  \r\n- **Does** he play football? (Anh ấy có chơi bóng đá không?)  \r\n\r\n---\r\n\r\n## 3. Cách dùng\r\n\r\n### 3.1. **Diễn tả một thói quen hoặc hành động lặp đi lặp lại**\r\nThường đi kèm với các trạng từ: **always, often, usually, sometimes, rarely, never, every day, once a week**,...  \r\n\r\n? **Ví dụ:**  \r\n- She **usually** gets up at 6 a.m. (Cô ấy thường dậy lúc 6 giờ sáng.)  \r\n- I **go** to the gym twice a week. (Tôi đến phòng gym hai lần một tuần.)  \r\n\r\n---\r\n\r\n### 3.2. **Diễn tả một sự thật hiển nhiên hoặc chân lý**\r\n? **Ví dụ:**  \r\n- The Earth **orbits** the Sun. (Trái đất quay quanh Mặt trời.)  \r\n- Water **boils** at 100°C. (Nước sôi ở 100°C.)  \r\n\r\n---\r\n\r\n### 3.3. **Diễn tả lịch trình cố định, thời gian biểu**\r\n? **Ví dụ:**  \r\n- The train **leaves** at 7 p.m. (Chuyến tàu rời đi lúc 7 giờ tối.)  \r\n- My class **starts** at 8 a.m. (Lớp học của tôi bắt đầu lúc 8 giờ sáng.)  \r\n\r\n---\r\n\r\n## 4. Dấu hiệu nhận biết\r\nCác trạng từ chỉ tần suất hoặc thời gian thường gặp:  \r\n\r\n? **Always, usually, often, sometimes, rarely, never**  \r\n? **Every day, every week, every month**  \r\n? **On Mondays, in the morning, at night**  \r\n\r\n? **Ví dụ:**  \r\n- I **always** drink coffee in the morning.  \r\n- The shop **closes** at 10 p.m. **every day**.  \r\n\r\n---\r\n\r\n## 5. Video hướng dẫn  \r\n[![Thì Hiện tại đơn](https://img.youtube.com/vi/Uv2UepC8T_M/0.jpg)](https://www.youtube.com/watch?v=Uv2UepC8T_M)  \r\n\r\n---\r\n\r\n## 6. Bài tập thực hành  \r\n✍ **Chia động từ trong ngoặc đúng dạng:**  \r\n1. She **(go)** to school every morning.  \r\n2. They **(not/watch)** TV in the evening.  \r\n3. **(you/play)** football on Sundays?  \r\n4. The sun **(rise)** in the east.  \r\n5. My brother **(study)** English every day.  \r\n\r\n### ? Đáp án  \r\n<details>\r\n<summary>Bấm để xem đáp án</summary>\r\n\r\n1. She **goes** to school every morning.  \r\n2. They **do not watch** TV in the evening.  \r\n3. **Do** you **play** football on Sundays?  \r\n4. The sun **rises** in the east.  \r\n5. My brother **studies** English every day.  \r\n\r\n</details>\r\n\r\n---','Thì Hiện tại đơn (Present Simple Tense)'),(8,'# Thì Hiện Tại Hoàn Thành (Present Perfect Tense)\r\n\r\nThì **Hiện Tại Hoàn Thành** là một trong những thì quan trọng trong tiếng Anh, thường được dùng để diễn tả một hành động đã xảy ra trong quá khứ nhưng vẫn có liên quan đến hiện tại.\r\n\r\n## ? 1. Cấu Trúc\r\n### ✅ Câu khẳng định:\r\nS + have/has + V3/ed + ...\r\n\r\n- **I have finished** my homework. *(Tôi đã hoàn thành bài tập về nhà.)*\r\n- **She has lived** here for 5 years. *(Cô ấy đã sống ở đây được 5 năm.)*\r\n\r\n### ❌ Câu phủ định:\r\nS + have/has + not + V3/ed + ...\r\n\r\n- **I have not seen** that movie. *(Tôi chưa xem bộ phim đó.)*\r\n- **He has not finished** his work. *(Anh ấy chưa hoàn thành công việc.)*\r\n\r\n### ❓ Câu nghi vấn:\r\nHave/Has + S + V3/ed + ...?\r\n\r\n- **Have you ever been** to Paris? *(Bạn đã từng đến Paris chưa?)*\r\n- **Has she finished** her homework? *(Cô ấy đã làm xong bài tập chưa?)*\r\n\r\n---\r\n\r\n## ? 2. Cách Sử Dụng\r\n### ? 2.1. Hành động bắt đầu trong quá khứ và kéo dài đến hiện tại\r\n? **Sử dụng \"for\" và \"since\"** để chỉ khoảng thời gian.\r\n- **I have lived** in Hanoi **since** 2010. *(Tôi đã sống ở Hà Nội từ năm 2010.)*\r\n- **She has worked** here **for** 3 years. *(Cô ấy đã làm việc ở đây được 3 năm.)*\r\n\r\n### ? 2.2. Hành động đã xảy ra nhưng không nói rõ thời điểm\r\n- **I have seen** that movie. *(Tôi đã xem bộ phim đó.)*\r\n- **He has visited** Japan twice. *(Anh ấy đã đến Nhật hai lần.)*\r\n\r\n### ? 2.3. Hành động xảy ra trong quá khứ nhưng ảnh hưởng đến hiện tại\r\n- **She has lost** her keys, so she can\'t open the door. *(Cô ấy đã làm mất chìa khóa nên không thể mở cửa.)*\r\n- **I have broken** my phone, so I need a new one. *(Tôi đã làm vỡ điện thoại nên tôi cần một cái mới.)*\r\n\r\n---\r\n\r\n## ? 3. Dấu Hiệu Nhận Biết\r\nNhững từ và cụm từ thường xuất hiện trong thì **Hiện Tại Hoàn Thành**:\r\n| Từ/Cụm từ      | Nghĩa            | Ví dụ |\r\n|---------------|----------------|------------------------------------|\r\n| **Just**     | Vừa mới         | I have just finished my work. |\r\n| **Already**  | Đã, rồi         | She has already gone home. |\r\n| **Yet**      | Chưa            | Have you done your homework yet? |\r\n| **Ever**     | Từng, đã từng   | Have you ever been to Japan? |\r\n| **Never**    | Chưa từng       | I have never seen that movie. |\r\n| **Since**    | Kể từ khi       | He has lived here since 2010. |\r\n| **For**      | Trong khoảng    | I have worked here for 5 years. |\r\n\r\n---\r\n\r\n## ? 4. So Sánh \"Hiện Tại Hoàn Thành\" & \"Quá Khứ Đơn\"\r\n| **Tiêu chí**                     | **Hiện Tại Hoàn Thành** | **Quá Khứ Đơn** |\r\n|----------------------------------|------------------------|------------------|\r\n| **Thời điểm xảy ra**              | Không rõ thời điểm      | Xác định rõ thời điểm |\r\n| **Tác động đến hiện tại**         | Có ảnh hưởng            | Không ảnh hưởng |\r\n| **Dấu hiệu nhận biết**             | Just, Already, Yet, Ever, Never | Yesterday, Last week, In 2010 |\r\n\r\n? **Ví dụ so sánh:**\r\n- **I have seen** that movie. *(Tôi đã xem bộ phim đó.) → Không rõ khi nào.*\r\n- **I saw** that movie last night. *(Tôi đã xem bộ phim đó tối qua.) → Có thời điểm rõ ràng.*\r\n\r\n---\r\n\r\n## ? 5. Bài Tập Luyện Tập\r\n? **Điền từ thích hợp vào chỗ trống (have/has + V3/ed):**\r\n1. She ______ (never/eat) sushi before.\r\n2. I ______ (just/finish) my homework.\r\n3. They ______ (not/see) that movie yet.\r\n4. ______ you ever ______ (be) to New York?\r\n5. He ______ (already/visit) his grandmother.\r\n\r\n✍ **Đáp án:**\r\n1. has never eaten\r\n2. have just finished\r\n3. have not seen\r\n4. Have – been\r\n5. has already visited\r\n\r\n---\r\n\r\n## ? 6. Video Giải Thích Chi Tiết ?\r\n? **Xem video dưới đây để hiểu rõ hơn:**  \r\n[![Present Perfect Tense](https://img.youtube.com/vi/C1lA9iPQXSo/0.jpg)](https://www.youtube.com/watch?v=C1lA9iPQXSo)\r\n\r\n---\r\n\r\n## ? 7. Kết Luận\r\nThì **Hiện Tại Hoàn Thành** rất quan trọng trong tiếng Anh. Hãy nhớ các **cấu trúc, dấu hiệu nhận biết và cách sử dụng** để áp dụng vào giao tiếp và bài thi hiệu quả nhé! ?\r\n\r\n---','Thì Hiện Tại Hoàn Thành (Present Perfect Tense)'),(9,'# Thì Hiện Tại Tiếp Diễn (Present Continuous Tense)\r\n\r\n## 1. Định nghĩa  \r\n**Thì Hiện Tại Tiếp Diễn (Present Continuous Tense)** được sử dụng để diễn tả hành động đang diễn ra ngay tại thời điểm nói hoặc trong một khoảng thời gian nhất định ở hiện tại.  \r\n\r\n? **Ví dụ:**  \r\n- She **is studying** for the exam now. (Cô ấy đang học bài cho kỳ thi ngay bây giờ.)  \r\n- They **are playing** football at the moment. (Họ đang chơi bóng đá vào lúc này.)  \r\n\r\n---\r\n\r\n## 2. Công thức  \r\n\r\n### ? **Câu khẳng định**  \r\n> **S + am/is/are + V-ing + O**  \r\n\r\n? **Ví dụ:**  \r\n- I **am watching** TV.  \r\n- He **is reading** a book.  \r\n- We **are having** dinner now.  \r\n\r\n---\r\n\r\n### ? **Câu phủ định**  \r\n> **S + am/is/are + not + V-ing + O**  \r\n\r\n? **Ví dụ:**  \r\n- She **is not (isn’t) sleeping**.  \r\n- They **are not (aren’t) playing** football.  \r\n- I **am not studying** now.  \r\n\r\n---\r\n\r\n### ? **Câu nghi vấn**  \r\n> **Am/Is/Are + S + V-ing + O?**  \r\n\r\n? **Ví dụ:**  \r\n- **Are** you **listening** to me? (Bạn có đang nghe tôi không?)  \r\n- **Is** she **cooking** now? (Cô ấy có đang nấu ăn không?)  \r\n- **Am** I **disturbing** you? (Tôi có đang làm phiền bạn không?)  \r\n\r\n---\r\n\r\n## 3. Cách dùng  \r\n\r\n### 3.1. **Diễn tả hành động đang xảy ra ngay lúc nói**  \r\n? **Ví dụ:**  \r\n- She **is talking** on the phone.  \r\n- The baby **is crying**.  \r\n\r\n---\r\n\r\n### 3.2. **Diễn tả hành động đang diễn ra trong một khoảng thời gian ở hiện tại**  \r\n? **Ví dụ:**  \r\n- I **am learning** English these days.  \r\n- They **are working** on a new project.  \r\n\r\n---\r\n\r\n### 3.3. **Diễn tả kế hoạch chắc chắn trong tương lai gần**  \r\n? **Ví dụ:**  \r\n- We **are meeting** Tom at 6 PM.  \r\n- She **is traveling** to Paris next week.  \r\n\r\n---\r\n\r\n## 4. Dấu hiệu nhận biết  \r\nCác từ thường đi kèm với thì hiện tại tiếp diễn:  \r\n? **Now, right now, at the moment, at present, currently, these days, today**  \r\n\r\n? **Ví dụ:**  \r\n- She **is doing** her homework **at the moment**.  \r\n- They **are studying** hard **these days**.  \r\n\r\n---\r\n\r\n## 5. Video hướng dẫn  \r\n[![Thì Hiện Tại Tiếp Diễn](https://img.youtube.com/vi/5hJ1k9E3-Lk/0.jpg)](https://www.youtube.com/watch?v=5hJ1k9E3-Lk)  \r\n\r\n---\r\n\r\n## 6. Bài tập thực hành  \r\n✍ **Chia động từ trong ngoặc đúng dạng:**  \r\n1. He **(watch)** TV now.  \r\n2. They **(not/play)** football at the moment.  \r\n3. **(you/work)** on your project now?  \r\n4. She **(travel)** to Hanoi this week.  \r\n5. We **(have)** lunch at the moment.  \r\n\r\n### ? Đáp án  \r\n<details>\r\n<summary>Bấm để xem đáp án</summary>\r\n\r\n1. He **is watching** TV now.  \r\n2. They **are not playing** football at the moment.  \r\n3. **Are** you **working** on your project now?  \r\n4. She **is traveling** to Hanoi this week.  \r\n5. We **are having** lunch at the moment.  \r\n\r\n</details>\r\n\r\n---\r\n','Thì Hiện Tại Tiếp Diễn (Present Continuous Tense)'),(10,'# Thì Quá Khứ Đơn (Past Simple Tense)\r\n\r\n## 1. Định nghĩa  \r\n**Thì Quá Khứ Đơn (Past Simple Tense)** được sử dụng để diễn tả một hành động hoặc sự việc đã xảy ra và kết thúc trong quá khứ.  \r\n\r\n? **Ví dụ:**  \r\n- I **visited** my grandparents last weekend. (Tôi đã thăm ông bà vào cuối tuần trước.)  \r\n- She **bought** a new dress yesterday. (Cô ấy đã mua một chiếc váy mới hôm qua.)  \r\n\r\n---\r\n\r\n## 2. Công thức  \r\n\r\n### ? **Câu khẳng định**  \r\n> **S + V2/ed + O**  \r\n\r\n? **Ví dụ:**  \r\n- He **went** to the cinema last night. (Anh ấy đã đi xem phim tối qua.)  \r\n- We **played** football yesterday. (Chúng tôi đã chơi bóng đá hôm qua.)  \r\n\r\n---\r\n\r\n### ? **Câu phủ định**  \r\n> **S + did not (didn’t) + V (nguyên thể) + O**  \r\n\r\n? **Ví dụ:**  \r\n- She **didn’t study** for the test. (Cô ấy đã không học bài cho bài kiểm tra.)  \r\n- They **didn’t go** to the party. (Họ đã không đến bữa tiệc.)  \r\n\r\n---\r\n\r\n### ? **Câu nghi vấn**  \r\n> **Did + S + V (nguyên thể) + O?**  \r\n\r\n? **Ví dụ:**  \r\n- **Did** you **watch** the movie? (Bạn đã xem phim chưa?)  \r\n- **Did** she **call** you yesterday? (Cô ấy đã gọi cho bạn hôm qua chưa?)  \r\n\r\n---\r\n\r\n## 3. Cách dùng  \r\n\r\n### 3.1. **Diễn tả một hành động đã xảy ra và kết thúc trong quá khứ**  \r\n? **Ví dụ:**  \r\n- I **met** her two days ago. (Tôi đã gặp cô ấy hai ngày trước.)  \r\n- We **lived** in Paris for five years. (Chúng tôi đã sống ở Paris trong 5 năm.)  \r\n\r\n---\r\n\r\n### 3.2. **Diễn tả một chuỗi hành động liên tiếp trong quá khứ**  \r\n? **Ví dụ:**  \r\n- She **woke up**, **brushed** her teeth, and **went** to work. (Cô ấy thức dậy, đánh răng và đi làm.)  \r\n- He **entered** the room, **sat** down, and **started** working. (Anh ấy bước vào phòng, ngồi xuống và bắt đầu làm việc.)  \r\n\r\n---\r\n\r\n### 3.3. **Diễn tả một thói quen trong quá khứ (không còn tiếp diễn ở hiện tại)**  \r\n? **Ví dụ:**  \r\n- I **played** soccer when I was a kid. (Tôi đã chơi bóng đá khi còn nhỏ.)  \r\n- She **wrote** a diary every day. (Cô ấy đã viết nhật ký mỗi ngày.)  \r\n\r\n---\r\n\r\n## 4. Dấu hiệu nhận biết  \r\nCác từ chỉ thời gian thường gặp:  \r\n\r\n? **Yesterday (hôm qua), last night (tối qua), last week (tuần trước), last month (tháng trước), last year (năm trước)**  \r\n? **Ago (cách đây), in 2010 (vào năm 2010), when I was a child (khi tôi còn nhỏ)**  \r\n\r\n? **Ví dụ:**  \r\n- I **saw** her **yesterday**.  \r\n- They **moved** to New York **last year**.  \r\n\r\n---\r\n\r\n## 5. Video hướng dẫn  \r\n[![Thì Quá Khứ Đơn](https://img.youtube.com/vi/TfVYxR37WnM/0.jpg)](https://www.youtube.com/watch?v=TfVYxR37WnM)  \r\n\r\n---\r\n\r\n## 6. Bài tập thực hành  \r\n✍ **Chia động từ trong ngoặc đúng dạng:**  \r\n1. He **(go)** to school yesterday.  \r\n2. They **(not/eat)** lunch at home.  \r\n3. **(you/watch)** the film last night?  \r\n4. She **(buy)** a new car last week.  \r\n5. We **(play)** football two days ago.  \r\n\r\n### ? Đáp án  \r\n<details>\r\n<summary>Bấm để xem đáp án</summary>\r\n\r\n1. He **went** to school yesterday.  \r\n2. They **did not eat** lunch at home.  \r\n3. **Did** you **watch** the film last night?  \r\n4. She **bought** a new car last week.  \r\n5. We **played** football two days ago.  \r\n\r\n</details>\r\n\r\n---\r\n','Thì Quá Khứ Đơn (Past Simple Tense)'),(11,'# Thì Quá Khứ Tiếp Diễn (Past Continuous Tense)\r\n\r\n## 1. Định nghĩa  \r\n**Thì Quá Khứ Tiếp Diễn (Past Continuous Tense)** được sử dụng để diễn tả một hành động đang xảy ra tại một thời điểm xác định trong quá khứ hoặc một hành động đang diễn ra thì có hành động khác xen vào.  \r\n\r\n? **Ví dụ:**  \r\n- I **was watching** TV at 8 PM yesterday. (Tôi đang xem TV lúc 8 giờ tối qua.)  \r\n- She **was cooking** when I arrived. (Cô ấy đang nấu ăn thì tôi đến.)  \r\n\r\n---\r\n\r\n## 2. Công thức  \r\n\r\n### ? **Câu khẳng định**  \r\n> **S + was/were + V-ing + O**  \r\n\r\n? **Ví dụ:**  \r\n- I **was reading** a book.  \r\n- They **were playing** football.  \r\n- She **was studying** all night.  \r\n\r\n---\r\n\r\n### ? **Câu phủ định**  \r\n> **S + was/were + not + V-ing + O**  \r\n\r\n? **Ví dụ:**  \r\n- I **was not (wasn’t) sleeping**.  \r\n- They **were not (weren’t) working**.  \r\n- She **was not (wasn’t) watching** TV.  \r\n\r\n---\r\n\r\n### ? **Câu nghi vấn**  \r\n> **Was/Were + S + V-ing + O?**  \r\n\r\n? **Ví dụ:**  \r\n- **Were** you **listening** to music? (Bạn có đang nghe nhạc không?)  \r\n- **Was** she **studying** when you called? (Cô ấy có đang học khi bạn gọi không?)  \r\n- **Were** they **playing** football at 5 PM? (Họ có đang chơi bóng lúc 5 giờ không?)  \r\n\r\n---\r\n\r\n## 3. Cách dùng  \r\n\r\n### 3.1. **Diễn tả một hành động đang xảy ra tại một thời điểm trong quá khứ**  \r\n? **Ví dụ:**  \r\n- At 10 PM last night, I **was sleeping**.  \r\n- They **were having** dinner at 7 PM.  \r\n\r\n---\r\n\r\n### 3.2. **Diễn tả một hành động đang diễn ra thì có hành động khác xen vào**  \r\n? **Ví dụ:**  \r\n- She **was cooking** when I arrived.  \r\n- I **was watching TV** when the power went out.  \r\n\r\n---\r\n\r\n### 3.3. **Diễn tả hai hành động cùng xảy ra song song trong quá khứ**  \r\n? **Ví dụ:**  \r\n- While I **was studying**, my sister **was playing** games.  \r\n- He **was driving** while she **was sleeping**.  \r\n\r\n---\r\n\r\n## 4. Dấu hiệu nhận biết  \r\nCác từ thường đi kèm với thì quá khứ tiếp diễn:  \r\n? **At that time, at that moment, at + giờ + last night/yesterday, while, when**  \r\n\r\n? **Ví dụ:**  \r\n- I **was studying** **at 8 PM yesterday**.  \r\n- She **was cooking** **when I called her**.  \r\n\r\n---\r\n\r\n## 5. Video hướng dẫn  \r\n[![Thì Quá Khứ Tiếp Diễn](https://img.youtube.com/vi/H7_1SZzFlLY/0.jpg)](https://www.youtube.com/watch?v=H7_1SZzFlLY)  \r\n\r\n---\r\n\r\n## 6. Bài tập thực hành  \r\n✍ **Chia động từ trong ngoặc đúng dạng:**  \r\n1. He **(watch)** TV at 9 PM yesterday.  \r\n2. They **(not/play)** football when I saw them.  \r\n3. **(you/work)** at that time?  \r\n4. She **(sleep)** while her mother **(cook)**.  \r\n5. I **(walk)** home when it started raining.  \r\n\r\n### ? Đáp án  \r\n<details>\r\n<summary>Bấm để xem đáp án</summary>\r\n\r\n1. He **was watching** TV at 9 PM yesterday.  \r\n2. They **were not playing** football when I saw them.  \r\n3. **Were** you **working** at that time?  \r\n4. She **was sleeping** while her mother **was cooking**.  \r\n5. I **was walking** home when it started raining.  \r\n\r\n</details>\r\n\r\n---','Thì Quá Khứ Tiếp Diễn (Past Continuous Tense)'),(12,'# Thì Trong Tiếng Anh (Tenses in English)\r\n\r\n## 1. Định nghĩa\r\nThì trong tiếng Anh (*Tenses in English*) là hệ thống ngữ pháp giúp chúng ta diễn đạt thời gian của hành động hoặc trạng thái. Tiếng Anh có **12 thì cơ bản**, được chia thành 3 nhóm chính:\r\n\r\n- **Thì hiện tại (Present Tenses)**\r\n- **Thì quá khứ (Past Tenses)**\r\n- **Thì tương lai (Future Tenses)**\r\n\r\n---\r\n\r\n## 2. Bảng tóm tắt 12 thì trong tiếng Anh\r\n\r\n| Thì | Công thức | Cách dùng | Ví dụ |\r\n|------|----------|-----------|-------|\r\n| **Hiện tại đơn (Present Simple)** | S + V(s/es) | Thói quen, sự thật hiển nhiên | She **drinks** coffee every morning. |\r\n| **Hiện tại tiếp diễn (Present Continuous)** | S + am/is/are + V-ing | Hành động đang diễn ra | I **am studying** now. |\r\n| **Hiện tại hoàn thành (Present Perfect)** | S + have/has + V3/ed | Hành động đã xảy ra và còn liên quan đến hiện tại | They **have visited** Japan twice. |\r\n| **Hiện tại hoàn thành tiếp diễn (Present Perfect Continuous)** | S + have/has been + V-ing | Hành động kéo dài từ quá khứ đến hiện tại | She **has been working** here for 5 years. |\r\n| **Quá khứ đơn (Past Simple)** | S + V2/ed | Hành động xảy ra trong quá khứ | He **went** to Paris last year. |\r\n| **Quá khứ tiếp diễn (Past Continuous)** | S + was/were + V-ing | Hành động đang diễn ra tại một thời điểm quá khứ | They **were watching** TV at 8 PM. |\r\n| **Quá khứ hoàn thành (Past Perfect)** | S + had + V3/ed | Hành động xảy ra trước một hành động khác trong quá khứ | I **had finished** my homework before he arrived. |\r\n| **Quá khứ hoàn thành tiếp diễn (Past Perfect Continuous)** | S + had been + V-ing | Hành động kéo dài trước một thời điểm trong quá khứ | She **had been waiting** for 2 hours before the train came. |\r\n| **Tương lai đơn (Future Simple)** | S + will + V | Dự đoán, lời hứa | I **will help** you tomorrow. |\r\n| **Tương lai tiếp diễn (Future Continuous)** | S + will be + V-ing | Hành động đang diễn ra ở tương lai | This time next week, I **will be traveling**. |\r\n| **Tương lai hoàn thành (Future Perfect)** | S + will have + V3/ed | Hành động hoàn thành trước một thời điểm tương lai | By 2025, he **will have graduated**. |\r\n| **Tương lai hoàn thành tiếp diễn (Future Perfect Continuous)** | S + will have been + V-ing | Hành động đã kéo dài đến một thời điểm tương lai | By next month, she **will have been working** here for 10 years. |\r\n\r\n---\r\n\r\n## 3. Cách sử dụng chi tiết từng thì\r\n\r\n### 3.1. **Thì Hiện Tại Đơn (Present Simple)**\r\n? **Công thức:**  \r\n- **Khẳng định:** S + V(s/es)  \r\n- **Phủ định:** S + do/does + not + V  \r\n- **Nghi vấn:** Do/Does + S + V?  \r\n\r\n? **Cách dùng:**  \r\n✅ Diễn tả thói quen, sự thật hiển nhiên, lịch trình cố định.  \r\n? **Ví dụ:**  \r\n- The sun **rises** in the east.  \r\n- She **does not like** spicy food.  \r\n- **Does** he **play** football?  \r\n\r\n---\r\n\r\n### 3.2. **Thì Hiện Tại Tiếp Diễn (Present Continuous)**\r\n? **Công thức:**  \r\n- **Khẳng định:** S + am/is/are + V-ing  \r\n- **Phủ định:** S + am/is/are + not + V-ing  \r\n- **Nghi vấn:** Am/Is/Are + S + V-ing?  \r\n\r\n? **Cách dùng:**  \r\n✅ Hành động đang diễn ra tại thời điểm nói hoặc tương lai gần.  \r\n? **Ví dụ:**  \r\n- She **is studying** English now.  \r\n- They **are not working** today.  \r\n- **Is** he **coming** to the party?  \r\n\r\n---\r\n\r\n### 3.3. **Thì Quá Khứ Đơn (Past Simple)**\r\n? **Công thức:**  \r\n- **Khẳng định:** S + V2/ed  \r\n- **Phủ định:** S + did + not + V  \r\n- **Nghi vấn:** Did + S + V?  \r\n\r\n? **Cách dùng:**  \r\n✅ Hành động xảy ra và kết thúc trong quá khứ.  \r\n? **Ví dụ:**  \r\n- I **visited** New York last summer.  \r\n- He **did not call** me.  \r\n- **Did** they **watch** the movie?  \r\n\r\n---\r\n\r\n## 4. Video hướng dẫn\r\n[![Học 12 Thì Tiếng Anh](https://img.youtube.com/vi/8F3gOFCsdFY/0.jpg)](https://www.youtube.com/watch?v=8F3gOFCsdFY)\r\n\r\n---\r\n\r\n## 5. Bài tập thực hành\r\n✍ **Chia động từ đúng dạng cho các câu sau:**  \r\n1. She (go) __________ to school every day.  \r\n2. They (watch) __________ TV when I arrived.  \r\n3. By next year, he (graduate) __________.  \r\n\r\n### ? Đáp án\r\n<details>\r\n<summary>Bấm để xem đáp án</summary>\r\n\r\n1. She **goes** to school every day.  \r\n2. They **were watching** TV when I arrived.  \r\n3. By next year, he **will have graduated**.  \r\n\r\n</details>\r\n\r\n---\r\n','Thì trong tiếng Anh (Tenses in English)'),(13,'# So sánh nhất (Superlative Comparison)\r\n\r\n## 1. Định nghĩa  \r\n**So sánh nhất** dùng để so sánh một người, một vật hoặc một sự việc với tất cả những người, vật hoặc sự việc khác trong một nhóm.  \r\n\r\n? **Ví dụ:**  \r\n- This is **the most beautiful** city I have ever visited.  \r\n- He is **the tallest** student in the class.  \r\n\r\n---\r\n\r\n## 2. Công thức  \r\n\r\n### 2.1. **Tính từ ngắn (1 âm tiết hoặc 2 âm tiết kết thúc bằng -y, -er, -ow, -le)**  \r\n> **S + be + the + adj-est + N**  \r\n\r\n? **Ví dụ:**  \r\n- This house is **the smallest** in the neighborhood.  \r\n- She is **the fastest** runner in the team.  \r\n\r\n? **Quy tắc đặc biệt:**  \r\n- Nếu tính từ kết thúc bằng **e**, chỉ cần thêm **-st**.  \r\n  - Ex: large → **the largest**  \r\n- Nếu tính từ có một nguyên âm đứng trước một phụ âm, gấp đôi phụ âm cuối rồi thêm **-est**.  \r\n  - Ex: big → **the biggest**  \r\n- Nếu tính từ kết thúc bằng **y**, đổi **y** thành **i** rồi thêm **-est**.  \r\n  - Ex: happy → **the happiest**  \r\n\r\n---\r\n\r\n### 2.2. **Tính từ dài (từ 2 âm tiết trở lên)**  \r\n> **S + be + the most + adj + N**  \r\n\r\n? **Ví dụ:**  \r\n- This hotel is **the most expensive** in the city.  \r\n- She is **the most intelligent** student in the school.  \r\n\r\n---\r\n\r\n### 2.3. **Trạng từ ngắn & dài**  \r\n? **Trạng từ ngắn (không có -ly)**  \r\n> **S + V + the adv-est**  \r\n\r\nVí dụ:  \r\n- He runs **the fastest** in the team.  \r\n- She sings **the loudest** at the party.  \r\n\r\n? **Trạng từ dài (có -ly)**  \r\n> **S + V + the most + adv**  \r\n\r\nVí dụ:  \r\n- He speaks **the most fluently** in the class.  \r\n- She dances **the most beautifully** in the group.  \r\n\r\n---\r\n\r\n## 3. Một số tính từ/trạng từ bất quy tắc  \r\n\r\n| Tính từ/Trạng từ | So sánh hơn | So sánh nhất |\r\n|------------------|------------|-------------|\r\n| good/well       | better     | **the best** |\r\n| bad/badly       | worse      | **the worst** |\r\n| far             | farther/further | **the farthest/furthest** |\r\n| little          | less       | **the least** |\r\n| many/much       | more       | **the most** |\r\n\r\n? **Ví dụ:**  \r\n- This is **the best** book I have ever read.  \r\n- He is **the worst** player on the team.  \r\n- This is **the farthest** place I’ve ever traveled to.  \r\n\r\n---\r\n\r\n## 4. Cách dùng  \r\n\r\n### 4.1. **Dùng để so sánh một đối tượng với nhiều đối tượng khác**  \r\n? **Ví dụ:**  \r\n- This is **the most interesting** movie of the year.  \r\n- He is **the tallest** boy in the class.  \r\n\r\n---\r\n\r\n### 4.2. **Thường đi kèm với \"in\", \"of\" để xác định phạm vi so sánh**  \r\n? **Ví dụ:**  \r\n- She is **the smartest** student **in the class**.  \r\n- This is **the most expensive** hotel **of all**.  \r\n\r\n---\r\n\r\n### 4.3. **Dùng với \"one of the\" để chỉ một trong số những thứ tốt nhất**  \r\n? **Ví dụ:**  \r\n- This is **one of the most popular** songs this year.  \r\n- She is **one of the best** doctors in the hospital.  \r\n\r\n---\r\n\r\n## 5. Dấu hiệu nhận biết  \r\n? **Thường đi kèm với:**  \r\n- **The + adj-est** (tính từ ngắn)  \r\n- **The most + adj** (tính từ dài)  \r\n- **The least + adj** (đối lập với \"the most\")  \r\n- **Of all / in + danh từ chỉ nhóm**  \r\n\r\n? **Ví dụ:**  \r\n- She is **the tallest** girl **in the class**.  \r\n- This is **the most beautiful** city **of all**.  \r\n\r\n---\r\n\r\n## 6. Lỗi sai thường gặp  \r\n\r\n? **1. Thiếu \"the\" trước dạng so sánh nhất**  \r\n? Sai: This is **most difficult** question.  \r\n✅ Đúng: This is **the most difficult** question.  \r\n\r\n? **2. Nhầm giữa So sánh hơn và So sánh nhất**  \r\n? Sai: This book is **better** than all.  \r\n✅ Đúng: This book is **the best** of all.  \r\n\r\n? **3. Nhầm giữa \"more\" và \"most\" với tính từ dài**  \r\n? Sai: This is **more interesting** movie of all.  \r\n✅ Đúng: This is **the most interesting** movie of all.  \r\n\r\n---\r\n\r\n## 7. Bài tập thực hành  \r\n\r\n**Bài 1: Điền dạng đúng của tính từ trong ngoặc vào chỗ trống.**  \r\n1. This is ______ (good) restaurant in town.  \r\n2. Who is ______ (intelligent) student in your class?  \r\n3. This house is ______ (big) in the neighborhood.  \r\n4. He is ______ (funny) person I have ever met.  \r\n5. This test was ______ (difficult) of all.  \r\n\r\n**Bài 2: Viết lại câu sử dụng dạng so sánh nhất.**  \r\n1. This mountain is higher than all the others.  \r\n→ This is _________________________.  \r\n2. No other student in the class is more hardworking than John.  \r\n→ John is _________________________.  \r\n3. This painting is more beautiful than all the others in the gallery.  \r\n→ This is _________________________.  \r\n\r\n---\r\n\r\n## 8. Video tham khảo  \r\n? [Superlative Adjectives | English Grammar](https://www.youtube.com/watch?v=XYZ123)  \r\n\r\n---','So sánh nhất (Superlative Comparison)');
/*!40000 ALTER TABLE `grammar_lesson` ENABLE KEYS */;
UNLOCK TABLES;

--
-- Table structure for table `listening_exercise`
--

DROP TABLE IF EXISTS `listening_exercise`;
/*!40101 SET @saved_cs_client     = @@character_set_client */;
/*!50503 SET character_set_client = utf8mb4 */;
CREATE TABLE `listening_exercise` (
  `id` bigint NOT NULL AUTO_INCREMENT,
  `exercise_name` varchar(255) NOT NULL,
  PRIMARY KEY (`id`)
) ENGINE=InnoDB AUTO_INCREMENT=7 DEFAULT CHARSET=utf8mb4 COLLATE=utf8mb4_0900_ai_ci;
/*!40101 SET character_set_client = @saved_cs_client */;

--
-- Dumping data for table `listening_exercise`
--

LOCK TABLES `listening_exercise` WRITE;
/*!40000 ALTER TABLE `listening_exercise` DISABLE KEYS */;
INSERT INTO `listening_exercise` VALUES (1,'Test 1'),(2,'Test 2'),(3,'Test 3'),(4,'Test 4'),(5,'Test 5'),(6,'Test 6');
/*!40000 ALTER TABLE `listening_exercise` ENABLE KEYS */;
UNLOCK TABLES;

--
-- Table structure for table `mock_exam`
--

DROP TABLE IF EXISTS `mock_exam`;
/*!40101 SET @saved_cs_client     = @@character_set_client */;
/*!50503 SET character_set_client = utf8mb4 */;
CREATE TABLE `mock_exam` (
  `id` bigint NOT NULL AUTO_INCREMENT,
  `mock_exam_name` varchar(255) NOT NULL,
  PRIMARY KEY (`id`)
) ENGINE=InnoDB DEFAULT CHARSET=utf8mb4 COLLATE=utf8mb4_0900_ai_ci;
/*!40101 SET character_set_client = @saved_cs_client */;

--
-- Dumping data for table `mock_exam`
--

LOCK TABLES `mock_exam` WRITE;
/*!40000 ALTER TABLE `mock_exam` DISABLE KEYS */;
/*!40000 ALTER TABLE `mock_exam` ENABLE KEYS */;
UNLOCK TABLES;

--
-- Table structure for table `part1`
--

DROP TABLE IF EXISTS `part1`;
/*!40101 SET @saved_cs_client     = @@character_set_client */;
/*!50503 SET character_set_client = utf8mb4 */;
CREATE TABLE `part1` (
  `id` bigint NOT NULL AUTO_INCREMENT,
  `audio_url` varchar(255) NOT NULL,
  `correct_answer` varchar(1) NOT NULL,
  `explanation` varchar(255) NOT NULL,
  `image_url` varchar(255) NOT NULL,
  `number` bigint NOT NULL,
  `option_a` varchar(255) NOT NULL,
  `option_b` varchar(255) NOT NULL,
  `option_c` varchar(255) NOT NULL,
  `option_d` varchar(255) NOT NULL,
  `listening_exercise_id` bigint DEFAULT NULL,
  `mock_exam_id` bigint DEFAULT NULL,
  PRIMARY KEY (`id`),
  KEY `FKr4un0ixr7srb8f9k8drp04c3t` (`listening_exercise_id`),
  KEY `FKqk1qensmp0w4ldggfrrnvkqrx` (`mock_exam_id`),
  CONSTRAINT `FKqk1qensmp0w4ldggfrrnvkqrx` FOREIGN KEY (`mock_exam_id`) REFERENCES `mock_exam` (`id`),
  CONSTRAINT `FKr4un0ixr7srb8f9k8drp04c3t` FOREIGN KEY (`listening_exercise_id`) REFERENCES `listening_exercise` (`id`)
) ENGINE=InnoDB AUTO_INCREMENT=31 DEFAULT CHARSET=utf8mb4 COLLATE=utf8mb4_0900_ai_ci;
/*!40101 SET character_set_client = @saved_cs_client */;

--
-- Dumping data for table `part1`
--

LOCK TABLES `part1` WRITE;
/*!40000 ALTER TABLE `part1` DISABLE KEYS */;
INSERT INTO `part1` VALUES (1,'/upload-dir/audio/20250308_194011_cau1.mp3','A','(A) Người đàn ông đang cầm một ít hải sản. \n\n(B) Người phụ nữ đang nướng cua. \n\n(C) Họ sợ cua. \n\n(D) Gia đình đang đi mua bữa sáng.','/upload-dir/image/20250308_194011_cau1.png',1,'(A)','(B)','(C)','(D)',1,NULL),(2,'/upload-dir/audio/20250308_194011_cau2.mp3','A','(A) Người phụ nữ đang nấu thịt xông khói. \n\n(B) Ngươi phụ nữ đang nướng bánh. \n\n(C) Người phụ nữ đang chuẩn bị bữa tối. \n\n(D) Người phụ nữ đang rán cá.','/upload-dir/image/20250308_194011_cau2.png',2,'(A)','(B)','(C)','(D)',1,NULL),(3,'/upload-dir/audio/20250308_194011_cau3.mp3','A','(A) Có một số bàn ghế ở ngoài trời.\n(B) Có một vài người đang ngồi ở bàn.\n(C) Có những chiếc ô nhựa trên bàn.\n(D) Có rất nhiều hoa trong vườn.','/upload-dir/image/20250308_194011_cau3.png',3,'(A)','(B)','(C)','(D)',1,NULL),(4,'/upload-dir/audio/20250308_194011_cau4.mp3','B','(A) Người đàn ông đang sử dụng tuốc nơ vít để đóng đinh vào khung tòa nhà.\n(B) Người đàn ông đang đóng cái gì đó vào khung tòa nhà.\n(C) Người đàn ông đang làm khung bằng tay.\n(D) Người đàn ông đang đeo kính bảo hộ.','/upload-dir/image/20250308_194011_cau4.png',4,'(A)','(B)','(C)','(D)',1,NULL),(5,'/upload-dir/audio/20250308_194011_cau5.mp3','D','(A) Họ đang nhìn nhau.\n(B) Người phụ nữ đang gõ máy tính.\n(C) Người đàn ông đang sử dụng máy tính.\n(D) Người đàn ông đang viết gì đó vào sổ ghi chú.','/upload-dir/image/20250308_194011_cau5.png',5,'(A)','(B)','(C)','(D)',1,NULL),(6,'/upload-dir/audio/20250308_201607_cau1.mp3','A','(A) Người phụ nữ đang nói chuyện điện thoại. \n\n(B) Người phụ nữ đang sử dụng điện thoại di động. \n\n(C) Người phụ nữ đang đánh máy tính. \n\n(D) Người phụ nữ đang viết vào sổ tay.','/upload-dir/image/20250308_201607_cau1.png',1,'(A)','(B)','(C)','(D)',2,NULL),(7,'/upload-dir/audio/20250308_201607_cau2.mp3','A','(A) The plane is docked at the airport.\n(B) There is luggage being put onto the plane.\n(C) There are many people boarding the plane.\n(D) There are maintenance workers fixing the plane.','/upload-dir/image/20250308_201607_cau2.png',2,'(A)','(B)','(C)','(D)',2,NULL),(8,'/upload-dir/audio/20250308_201607_cau3.mp3','A','(A) The woman is drinking a cup of coffee\n(B) The woman is listening to music.\n(C) The woman is talking on her cell phone.\n(D) The woman is looking at the newspaper.','/upload-dir/image/20250308_201607_cau3.png',3,'(A)','(B)','(C)','(D)',2,NULL),(9,'/upload-dir/audio/20250308_201607_cau4.mp3','B','(A) She is fixing the wheel on her bike.\n(B) She is changing the tire on her car.\n(C) She is putting oil into her car.\n(D) She is standing behind the windmill.','/upload-dir/image/20250308_201607_cau4.png',4,'(A)','(B)','(C)','(D)',2,NULL),(10,'/upload-dir/audio/20250308_201607_cau5.mp3','C','(A) They are very close to the chairlift.\n(B) They are making snow.\n(C) The people are skiing down the mountain.\n(D) All of the skiers are wearing helmets.','/upload-dir/image/20250308_201607_cau5.png',5,'(A)','(B)','(C)','(D)',2,NULL),(11,'/upload-dir/audio/20250308_222757_cau1.mp3','B','(A) The people are drinking glasses of juice.\n(B) She is giving a presentation about September’s sales figures.\n(C) All of the women are sitting down.\n(D) One of the women is giving a business presentation on a whiteboard.','/upload-dir/image/20250308_222757_cau1.png',1,'(A)','(B)','(C)','(D)',3,NULL),(12,'/upload-dir/audio/20250308_222757_cau2.mp3','D','(A) The men are adjusting headsets.\n(B) The women are wearing headsets.\n(C) The men are using a mouse with the laptop.\n(D) The women are talking to each other.','/upload-dir/image/20250308_222757_cau2.png',2,'(A)','(B)','(C)','(D)',3,NULL),(13,'/upload-dir/audio/20250308_222757_cau3.mp3','A','(A) Người đàn ông đang cầm một ít hải sản. \n\n(B) Người phụ nữ đang nướng cua. \n\n(C) Họ sợ cua. \n\n(D) Gia đình đang đi mua bữa sáng.','/upload-dir/image/20250308_222757_cau3.png',3,'(A)','(B)','(C)','(D)',3,NULL),(14,'/upload-dir/audio/20250308_222757_cau4.mp3','A','(A) Người phụ nữ đang nấu thịt xông khói. \n\n(B) Ngươi phụ nữ đang nướng bánh. \n\n(C) Người phụ nữ đang chuẩn bị bữa tối. \n\n(D) Người phụ nữ đang rán cá.','/upload-dir/image/20250308_222757_cau4.png',4,'(A)','(B)','(C)','(D)',3,NULL),(15,'/upload-dir/audio/20250308_222757_cau5.mp3','A','(A) Có một số bàn ghế ở ngoài trời.\n(B) Có một vài người đang ngồi ở bàn.\n(C) Có những chiếc ô nhựa trên bàn.\n(D) Có rất nhiều hoa trong vườn.','/upload-dir/image/20250308_222757_cau5.png',5,'(A)','(B)','(C)','(D)',3,NULL),(16,'/upload-dir/audio/20250308_222822_cau4.mp3','A','(A) Người đàn ông đang sử dụng tuốc nơ vít để đóng đinh vào khung tòa nhà.\n(B) Người đàn ông đang đóng cái gì đó vào khung tòa nhà.\n(C) Người đàn ông đang làm khung bằng tay.\n(D) Người đàn ông đang đeo kính bảo hộ.','/upload-dir/image/20250308_222822_cau4.png',1,'(A)','(B)','(C)','(D)',4,NULL),(17,'/upload-dir/audio/20250308_222822_cau5.mp3','A','(A) Họ đang nhìn nhau.\n(B) Người phụ nữ đang gõ máy tính.\n(C) Người đàn ông đang sử dụng máy tính.\n(D) Người đàn ông đang viết gì đó vào sổ ghi chú.','/upload-dir/image/20250308_222822_cau5.png',2,'(A)','(B)','(C)','(D)',4,NULL),(18,'/upload-dir/audio/20250308_222822_cau1.mp3','A','(A) Người phụ nữ đang nói chuyện điện thoại. \n\n(B) Người phụ nữ đang sử dụng điện thoại di động. \n\n(C) Người phụ nữ đang đánh máy tính. \n\n(D) Người phụ nữ đang viết vào sổ tay.','/upload-dir/image/20250308_222822_cau1.png',3,'(A)','(B)','(C)','(D)',4,NULL),(19,'/upload-dir/audio/20250308_222822_cau2.mp3','A','(A) The plane is docked at the airport.\n(B) There is luggage being put onto the plane.\n(C) There are many people boarding the plane.\n(D) There are maintenance workers fixing the plane.','/upload-dir/image/20250308_222822_cau2.png',4,'(A)','(B)','(C)','(D)',4,NULL),(20,'/upload-dir/audio/20250308_222822_cau3.mp3','A','(A) The woman is drinking a cup of coffee\n(B) The woman is listening to music.\n(C) The woman is talking on her cell phone.\n(D) The woman is looking at the newspaper.','/upload-dir/image/20250308_222822_cau3.png',5,'(A)','(B)','(C)','(D)',4,NULL),(21,'/upload-dir/audio/20250308_222845_cau4.mp3','B','(A) She is fixing the wheel on her bike.\n(B) She is changing the tire on her car.\n(C) She is putting oil into her car.\n(D) She is standing behind the windmill.','/upload-dir/image/20250308_222845_cau4.png',1,'(A)','(B)','(C)','(D)',5,NULL),(22,'/upload-dir/audio/20250308_222845_cau5.mp3','C','(A) They are very close to the chairlift.\n(B) They are making snow.\n(C) The people are skiing down the mountain.\n(D) All of the skiers are wearing helmets.','/upload-dir/image/20250308_222845_cau5.png',2,'(A)','(B)','(C)','(D)',5,NULL),(23,'/upload-dir/audio/20250308_222845_cau1.mp3','B','(A) The people are drinking glasses of juice.\n(B) She is giving a presentation about September’s sales figures.\n(C) All of the women are sitting down.\n(D) One of the women is giving a business presentation on a whiteboard.','/upload-dir/image/20250308_222845_cau1.png',3,'(A)','(B)','(C)','(D)',5,NULL),(24,'/upload-dir/audio/20250308_222845_cau2.mp3','D','(A) The men are adjusting headsets.\n(B) The women are wearing headsets.\n(C) The men are using a mouse with the laptop.\n(D) The women are talking to each other.','/upload-dir/image/20250308_222845_cau2.png',4,'(A)','(B)','(C)','(D)',5,NULL),(25,'/upload-dir/audio/20250308_222845_cau3.mp3','A','(A) Người đàn ông đang cầm một ít hải sản. \n\n(B) Người phụ nữ đang nướng cua. \n\n(C) Họ sợ cua. \n\n(D) Gia đình đang đi mua bữa sáng.','/upload-dir/image/20250308_222845_cau3.png',5,'(A)','(B)','(C)','(D)',5,NULL),(26,'/upload-dir/audio/20250308_222913_cau1.mp3','A','(A) Người đàn ông đang cầm một ít hải sản. \n\n(B) Người phụ nữ đang nướng cua. \n\n(C) Họ sợ cua. \n\n(D) Gia đình đang đi mua bữa sáng.','/upload-dir/image/20250308_222913_cau1.png',1,'(A)','(B)','(C)','(D)',6,NULL),(27,'/upload-dir/audio/20250308_222913_cau2.mp3','A','(A) Người phụ nữ đang nấu thịt xông khói. \n\n(B) Ngươi phụ nữ đang nướng bánh. \n\n(C) Người phụ nữ đang chuẩn bị bữa tối. \n\n(D) Người phụ nữ đang rán cá.','/upload-dir/image/20250308_222913_cau2.png',2,'(A)','(B)','(C)','(D)',6,NULL),(28,'/upload-dir/audio/20250308_222913_cau3.mp3','A','(A) Có một số bàn ghế ở ngoài trời.\n(B) Có một vài người đang ngồi ở bàn.\n(C) Có những chiếc ô nhựa trên bàn.\n(D) Có rất nhiều hoa trong vườn.','/upload-dir/image/20250308_222913_cau3.png',3,'(A)','(B)','(C)','(D)',6,NULL),(29,'/upload-dir/audio/20250308_222913_cau4.mp3','B','(A) Người đàn ông đang sử dụng tuốc nơ vít để đóng đinh vào khung tòa nhà.\n(B) Người đàn ông đang đóng cái gì đó vào khung tòa nhà.\n(C) Người đàn ông đang làm khung bằng tay.\n(D) Người đàn ông đang đeo kính bảo hộ.','/upload-dir/image/20250308_222913_cau4.png',4,'(A)','(B)','(C)','(D)',6,NULL),(30,'/upload-dir/audio/20250308_222913_cau5.mp3','D','(A) Họ đang nhìn nhau.\n(B) Người phụ nữ đang gõ máy tính.\n(C) Người đàn ông đang sử dụng máy tính.\n(D) Người đàn ông đang viết gì đó vào sổ ghi chú.','/upload-dir/image/20250308_222913_cau5.png',5,'(A)','(B)','(C)','(D)',6,NULL);
/*!40000 ALTER TABLE `part1` ENABLE KEYS */;
UNLOCK TABLES;

--
-- Table structure for table `part2`
--

DROP TABLE IF EXISTS `part2`;
/*!40101 SET @saved_cs_client     = @@character_set_client */;
/*!50503 SET character_set_client = utf8mb4 */;
CREATE TABLE `part2` (
  `id` bigint NOT NULL AUTO_INCREMENT,
  `audio_url` varchar(255) NOT NULL,
  `correct_answer` varchar(1) NOT NULL,
  `explanation` varchar(255) NOT NULL,
  `number` bigint NOT NULL,
  `option_a` varchar(255) NOT NULL,
  `option_b` varchar(255) NOT NULL,
  `option_c` varchar(255) NOT NULL,
  `listening_exercise_id` bigint DEFAULT NULL,
  `mock_exam_id` bigint DEFAULT NULL,
  PRIMARY KEY (`id`),
  KEY `FK7qy6y80vv2n6qainykdg9gyos` (`listening_exercise_id`),
  KEY `FKte049aug3q84xd51yx1rm786h` (`mock_exam_id`),
  CONSTRAINT `FK7qy6y80vv2n6qainykdg9gyos` FOREIGN KEY (`listening_exercise_id`) REFERENCES `listening_exercise` (`id`),
  CONSTRAINT `FKte049aug3q84xd51yx1rm786h` FOREIGN KEY (`mock_exam_id`) REFERENCES `mock_exam` (`id`)
) ENGINE=InnoDB DEFAULT CHARSET=utf8mb4 COLLATE=utf8mb4_0900_ai_ci;
/*!40101 SET character_set_client = @saved_cs_client */;

--
-- Dumping data for table `part2`
--

LOCK TABLES `part2` WRITE;
/*!40000 ALTER TABLE `part2` DISABLE KEYS */;
/*!40000 ALTER TABLE `part2` ENABLE KEYS */;
UNLOCK TABLES;

--
-- Table structure for table `part3`
--

DROP TABLE IF EXISTS `part3`;
/*!40101 SET @saved_cs_client     = @@character_set_client */;
/*!50503 SET character_set_client = utf8mb4 */;
CREATE TABLE `part3` (
  `id` bigint NOT NULL AUTO_INCREMENT,
  `audio_url` varchar(255) NOT NULL,
  `listening_exercise_id` bigint DEFAULT NULL,
  `mock_exam_id` bigint DEFAULT NULL,
  PRIMARY KEY (`id`),
  KEY `FKyp6t3qvrfq8wljohct4rrgci` (`listening_exercise_id`),
  KEY `FK19fu4gqhsck8gmibw7u1ei7lw` (`mock_exam_id`),
  CONSTRAINT `FK19fu4gqhsck8gmibw7u1ei7lw` FOREIGN KEY (`mock_exam_id`) REFERENCES `mock_exam` (`id`),
  CONSTRAINT `FKyp6t3qvrfq8wljohct4rrgci` FOREIGN KEY (`listening_exercise_id`) REFERENCES `listening_exercise` (`id`)
) ENGINE=InnoDB DEFAULT CHARSET=utf8mb4 COLLATE=utf8mb4_0900_ai_ci;
/*!40101 SET character_set_client = @saved_cs_client */;

--
-- Dumping data for table `part3`
--

LOCK TABLES `part3` WRITE;
/*!40000 ALTER TABLE `part3` DISABLE KEYS */;
/*!40000 ALTER TABLE `part3` ENABLE KEYS */;
UNLOCK TABLES;

--
-- Table structure for table `part3_question`
--

DROP TABLE IF EXISTS `part3_question`;
/*!40101 SET @saved_cs_client     = @@character_set_client */;
/*!50503 SET character_set_client = utf8mb4 */;
CREATE TABLE `part3_question` (
  `id` bigint NOT NULL AUTO_INCREMENT,
  `correct_answer` char(1) NOT NULL,
  `explanation` varchar(255) NOT NULL,
  `number` bigint NOT NULL,
  `option_a` varchar(255) NOT NULL,
  `option_b` varchar(255) NOT NULL,
  `option_c` varchar(255) NOT NULL,
  `option_d` varchar(255) NOT NULL,
  `question` varchar(255) NOT NULL,
  `part3_id` bigint NOT NULL,
  PRIMARY KEY (`id`),
  KEY `FKafo45qxu6kpbq7f37dr1tbtyf` (`part3_id`),
  CONSTRAINT `FKafo45qxu6kpbq7f37dr1tbtyf` FOREIGN KEY (`part3_id`) REFERENCES `part3` (`id`)
) ENGINE=InnoDB DEFAULT CHARSET=utf8mb4 COLLATE=utf8mb4_0900_ai_ci;
/*!40101 SET character_set_client = @saved_cs_client */;

--
-- Dumping data for table `part3_question`
--

LOCK TABLES `part3_question` WRITE;
/*!40000 ALTER TABLE `part3_question` DISABLE KEYS */;
/*!40000 ALTER TABLE `part3_question` ENABLE KEYS */;
UNLOCK TABLES;

--
-- Table structure for table `part4`
--

DROP TABLE IF EXISTS `part4`;
/*!40101 SET @saved_cs_client     = @@character_set_client */;
/*!50503 SET character_set_client = utf8mb4 */;
CREATE TABLE `part4` (
  `id` bigint NOT NULL AUTO_INCREMENT,
  `audio_url` varchar(255) NOT NULL,
  `listening_exercise_id` bigint DEFAULT NULL,
  `mock_exam_id` bigint DEFAULT NULL,
  PRIMARY KEY (`id`),
  KEY `FKj2y737fi0vonn71psa1a0l0wq` (`listening_exercise_id`),
  KEY `FK9t8mebwiqgp1qhiv5by76962x` (`mock_exam_id`),
  CONSTRAINT `FK9t8mebwiqgp1qhiv5by76962x` FOREIGN KEY (`mock_exam_id`) REFERENCES `mock_exam` (`id`),
  CONSTRAINT `FKj2y737fi0vonn71psa1a0l0wq` FOREIGN KEY (`listening_exercise_id`) REFERENCES `listening_exercise` (`id`)
) ENGINE=InnoDB DEFAULT CHARSET=utf8mb4 COLLATE=utf8mb4_0900_ai_ci;
/*!40101 SET character_set_client = @saved_cs_client */;

--
-- Dumping data for table `part4`
--

LOCK TABLES `part4` WRITE;
/*!40000 ALTER TABLE `part4` DISABLE KEYS */;
/*!40000 ALTER TABLE `part4` ENABLE KEYS */;
UNLOCK TABLES;

--
-- Table structure for table `part4_question`
--

DROP TABLE IF EXISTS `part4_question`;
/*!40101 SET @saved_cs_client     = @@character_set_client */;
/*!50503 SET character_set_client = utf8mb4 */;
CREATE TABLE `part4_question` (
  `id` bigint NOT NULL AUTO_INCREMENT,
  `correct_answer` char(1) NOT NULL,
  `explanation` varchar(255) NOT NULL,
  `number` bigint NOT NULL,
  `option_a` varchar(255) NOT NULL,
  `option_b` varchar(255) NOT NULL,
  `option_c` varchar(255) NOT NULL,
  `option_d` varchar(255) NOT NULL,
  `question` varchar(255) NOT NULL,
  `part4_id` bigint NOT NULL,
  PRIMARY KEY (`id`),
  KEY `FKancopar58rinns8xy1yueyw15` (`part4_id`),
  CONSTRAINT `FKancopar58rinns8xy1yueyw15` FOREIGN KEY (`part4_id`) REFERENCES `part4` (`id`)
) ENGINE=InnoDB DEFAULT CHARSET=utf8mb4 COLLATE=utf8mb4_0900_ai_ci;
/*!40101 SET character_set_client = @saved_cs_client */;

--
-- Dumping data for table `part4_question`
--

LOCK TABLES `part4_question` WRITE;
/*!40000 ALTER TABLE `part4_question` DISABLE KEYS */;
/*!40000 ALTER TABLE `part4_question` ENABLE KEYS */;
UNLOCK TABLES;

--
-- Table structure for table `part5`
--

DROP TABLE IF EXISTS `part5`;
/*!40101 SET @saved_cs_client     = @@character_set_client */;
/*!50503 SET character_set_client = utf8mb4 */;
CREATE TABLE `part5` (
  `id` bigint NOT NULL AUTO_INCREMENT,
  `correct_answer` varchar(1) NOT NULL,
  `explanation` varchar(255) NOT NULL,
  `number` bigint NOT NULL,
  `option_a` varchar(255) NOT NULL,
  `option_b` varchar(255) NOT NULL,
  `option_c` varchar(255) NOT NULL,
  `option_d` varchar(255) NOT NULL,
  `question` varchar(255) NOT NULL,
  `mock_exam_id` bigint DEFAULT NULL,
  `reading_exercise_id` bigint DEFAULT NULL,
  PRIMARY KEY (`id`),
  KEY `FKplvex7h3bh12u9bfunmbkhr03` (`mock_exam_id`),
  KEY `FK4c95h0v0u6o28q5fjkohn55d7` (`reading_exercise_id`),
  CONSTRAINT `FK4c95h0v0u6o28q5fjkohn55d7` FOREIGN KEY (`reading_exercise_id`) REFERENCES `reading_exercise` (`id`),
  CONSTRAINT `FKplvex7h3bh12u9bfunmbkhr03` FOREIGN KEY (`mock_exam_id`) REFERENCES `mock_exam` (`id`)
) ENGINE=InnoDB AUTO_INCREMENT=31 DEFAULT CHARSET=utf8mb4 COLLATE=utf8mb4_0900_ai_ci;
/*!40101 SET character_set_client = @saved_cs_client */;

--
-- Dumping data for table `part5`
--

LOCK TABLES `part5` WRITE;
/*!40000 ALTER TABLE `part5` DISABLE KEYS */;
INSERT INTO `part5` VALUES (1,'A','explanation',1,'(A) notify','(B) agree','(C) generate','(D) perform','The library staff posted signs to _____ patrons of the upcoming closure for renovations.',NULL,1),(2,'C','explanation',2,'(A) him','(B) himself','(C) his','(D) he','The artist sent _____ best pieces to the gallery to be reviewed by the owner',NULL,1),(3,'A','explanation',3,'(A) will employ','(B) to employ','(C) has been employed','(D) employ','Ms. Morgan recruited the individuals that the company _____ for the next three months.',NULL,1),(4,'A','explanation',4,'(A) treatment','(B) treat','(C) treated','(D) treating','The free clinic was founded by a group of doctors to give_____for various medical conditions.',NULL,1),(5,'D','explanation',5,'(A) obstructs','(B) obstructed','(C) obstruction','(D) obstructing','For optimal safety on the road, avoid _____ the view of the rear window and side-view mirrors.',NULL,1),(6,'B','explanation',1,'(A) In addition to','(B) The fact that','(C) As long as','(D) In keeping with','_____ sales of junk food have been steadily declining indicates that consumers are becoming more health-conscious.',NULL,2),(7,'C','explanation',2,'(A) himself','(B) he','(C) who','(D) which','Mr. Ross, _____is repainting the interior of the lobby, was recommended by a friend of the building manager.',NULL,2),(8,'A','explanation',3,'(A) mechanically','(B) mechanic','(C) mechanism','(D) mechanical','The sprinklers for the lawn’s irrigation system are _____controlled.',NULL,2),(9,'C','explanation',4,'(A) rarely','(B) tiredly','(C) openly','(D) highly','We would like to discuss this problem honestly and _____ at the next staff meeting.',NULL,2),(10,'C','explanation',5,'(A) cooperative','(B) visible','(C) essential','(D) alternative','Having proper ventilation throughout the building is _____ for protecting the health and well-being of the workers.',NULL,2),(11,'A','explanation',1,'(A) Now','(B) For','(C) As','(D) Though','_____ that the insulation has been replaced, the building is much more energy-efficient.',NULL,3),(12,'C','explanation',2,'(A) courteously','(B) initially','(C) periodically','(D) physically','The guidelines for the monthly publication are _____revised to adapt to the changing readers.',NULL,3),(13,'C','explanation',3,'(A) Then','(B) So that','(C) Before','(D) Whereas','_____Mr. Williams addressed the audience, he showed a brief video about the engine he had designed.',NULL,3),(14,'D','explanation',4,'(A) with','(B) at','(C) like','(B) at','Participants in the walking tour should gather_____ 533 Bates Road on Saturday morning.',NULL,3),(15,'B','explanation',5,'(A) strategy','(B) strategically','(C) strategies','(D) strategic','The company _____ lowered its prices to outsell its competitors and attract more customers.',NULL,3),(16,'A','explanation',1,'(A) necessitate','(B) necessarily','(C) necessary','(D) necessity','During the peak season, it is _____ to hire additional workers for the weekend shifts.',NULL,4),(17,'D','explanation',2,'(A) relevance','(B) relevantly','(C) more relevantly','(D) relevant','The figures that accompany the financial statement should be _____ to the spending category.',NULL,4),(18,'A','explanation',3,'(A) Anyone','(B) Whenever','(C) Other','(D) Fewer','_____ seeking a position at Tulare Designs must submit a portfolio of previous work.',NULL,4),(19,'A','explanation',4,'(A) In spite of','(B) Even if','(C) Whether','(D) Given that','_____ an ankle injury, the baseball player participated in the last game of the season.',NULL,4),(20,'C','explanation',5,'(A) more important','(B) importantly','(C) importance','(D) important','The company started to recognize the increasing _____ of using resources responsibly.',NULL,4),(21,'A','explanation',1,'(A) After','(B) Until','(C) Below','(D) Like','_____ restructuring several departments within the company, the majority of the problems with miscommunication have disappeared.',NULL,5),(22,'A','explanation',2,'(A) legal','(B) legalize','(C) legally','(D) legalizes','The governmental department used to provide financial aid, but now it offers _____ services only.',NULL,5),(23,'B','explanation',3,'(A) expressive','(B) reliable','(C) partial','(D) extreme','Mr. Sims needs a more _____ vehicle for commuting from his suburban home to his office downtown.',NULL,5),(24,'B','explanation',4,'(A) experience','(B) growth','(C) formula','(D) incentive','The contractor had a fifteen-percent _____ in his business after advertising in the local newspaper.',NULL,5),(25,'D','explanation',5,'(A) accessorized','(B) accessorize','(C) accessorizes','(D) accessories','The upscale boutique Jane’s Closet is known for selling the most stylish _____ for young professionals.',NULL,5),(26,'A','explanation',1,'(A) soon','(B) very','(C) that','(D) still','The store’s manager plans to put the new merchandise on display _____ to promote the line of fall fashions.',NULL,6),(27,'D','explanation',2,'(A) proceeds','(B) perspectives','(C) installments','(D) stages','The riskiest _____ of the development of new medications are the trials with human subjects.',NULL,6),(28,'C','explanation',3,'(A) quote','(B) graduation','(C) request','(D) dispute','At the guest’s _____ , an extra set of towels and complimentary soaps were brought to the room.',NULL,6),(29,'B','explanation',4,'(A) yet','(B) just','(C) few','(D) still','The building owner purchased the property _____ three months ago, but she has already spent a great deal of money on renovations.',NULL,6),(30,'B','explanation',5,'(A) fix','(B) write','(C) send','(D) direct','When filling out the order form, please _____ your address clearly to prevent delays.',NULL,6);
/*!40000 ALTER TABLE `part5` ENABLE KEYS */;
UNLOCK TABLES;

--
-- Table structure for table `part6`
--

DROP TABLE IF EXISTS `part6`;
/*!40101 SET @saved_cs_client     = @@character_set_client */;
/*!50503 SET character_set_client = utf8mb4 */;
CREATE TABLE `part6` (
  `id` bigint NOT NULL AUTO_INCREMENT,
  `script` text NOT NULL,
  `mock_exam_id` bigint DEFAULT NULL,
  `reading_exercise_id` bigint DEFAULT NULL,
  PRIMARY KEY (`id`),
  KEY `FKorbj4xonq4hx2hdsv3tsqdpti` (`mock_exam_id`),
  KEY `FKoayyfwr3j7xqu90opynt1h965` (`reading_exercise_id`),
  CONSTRAINT `FKoayyfwr3j7xqu90opynt1h965` FOREIGN KEY (`reading_exercise_id`) REFERENCES `reading_exercise` (`id`),
  CONSTRAINT `FKorbj4xonq4hx2hdsv3tsqdpti` FOREIGN KEY (`mock_exam_id`) REFERENCES `mock_exam` (`id`)
) ENGINE=InnoDB AUTO_INCREMENT=7 DEFAULT CHARSET=utf8mb4 COLLATE=utf8mb4_0900_ai_ci;
/*!40101 SET character_set_client = @saved_cs_client */;

--
-- Dumping data for table `part6`
--

LOCK TABLES `part6` WRITE;
/*!40000 ALTER TABLE `part6` DISABLE KEYS */;
INSERT INTO `part6` VALUES (1,'To:Kitchen staff,office employees\r\nFrom:Manager, LarryPark\r\nDate:March 23\r\nSubject: Renovations\r\n\r\nTo all kitchen staff and Harmon employees,\r\n\r\nFrom Sunday, March 23 to Thursday, March 27, the employee cafeteria kitchens will undergo renovations as new appliances and equipment (1) _____ in to replace the old ones. (2) _____ Instead, the convenience shops will carry more sandwiches, prepared lunch boxes,and snacks for the employees during this time.\r\n\r\nThe renovations will increase the number of sinks, ovens, and stove tops so that a larger volume of meals can be provided (3) _____ the lunch and dinner rushes. We apologize for the inconvenience but we hope that the changes will (4) _____ the services in the cafeteria.',NULL,7),(2,'Entry Position: Gold & Slide Accounting Firm\r\n\r\nWe are looking for enthusiastic candidates with an educational background in finance or (1) _____. All candidates should have some computer experience. Job experience is not (2) _____ but preferred. Candidates with a bilingual language ability (3) _____ favored. Positions include jobs in accounting, statistics, and general office assistant. If you are interested, please visit our website at www.G&Saccountingfirm.com/employment for more information. You can send your cover letters and resumes to Karen Hill at khill@G&S.com. We will begin interviewing candidates on Monday, November 5. (4) _____',NULL,8),(3,'Thank you for shopping at Larson’s China. Our products are known for their modern and unique patterns and color combinations, as well as (1) _____ and strength. (2) _____ Please note, however, that repeated drops and rough handling will (3) _____ eventual breakage. We suggest you store them carefully and that you don’t use harsh chemicals, steel sponges, or (4) _____ scrubbing when cleaning them. Please visit our website at www.larsonchina.com for information about handling and care or call us at 555-1234 if you have any questions or concerns.',NULL,9),(4,'Employee Spring Training\r\n\r\nLawrence Paper is dedicated to helping all of its employees fulfill their potential. That is why we have once again organized 2 days of spring training. Human Resources has put together a wide range of topics for this year’s workshops, (1) _____ sales techniques, computer skills, communication strategies, and goal setting. We still have two workshop time slots available, so if there is something you’ve been dying to learn about, please let us know. It’s quite possible we (2) _____ it into this year’s spring training. (3) _____ Feel free to (4) _____ any ideas you might have to Nancy Kensington in the human resources department.\r\nNLKensington@lawrencepaper.com',NULL,10),(5,'Vander Properties has been serving Houston for over 29 years. It is through our commitment to providing the highest degree of expertise market knowledge and (1) _______ service that we are recognized as an industry leader. We specialize in (2) _____ and corporate real estate here in the Denver area. (3) _____ you are looking to buy a new home or start a new business, we are the people you should be talking with. With our office centrally located downtown, we have our eyes on the whole city. Browse our site for listing, or give us a call today (4) _____.',NULL,11),(6,'Pizza Chef Wanted\r\nPapa Gino’s is hiring, and all (1) _____ applicants will be considered. (2) _____ Even if you have no experience, training will be provided if you meet our requirements. To meet our requirements, you must have a (3) _____ health card, reliable transportation, and be able to work evenings and weekends. Please apply in person at Papa Gino’s on state and Pine, (4) _____ look forward to meeting you.',NULL,12);
/*!40000 ALTER TABLE `part6` ENABLE KEYS */;
UNLOCK TABLES;

--
-- Table structure for table `part6_question`
--

DROP TABLE IF EXISTS `part6_question`;
/*!40101 SET @saved_cs_client     = @@character_set_client */;
/*!50503 SET character_set_client = utf8mb4 */;
CREATE TABLE `part6_question` (
  `id` bigint NOT NULL AUTO_INCREMENT,
  `correct_answer` varchar(1) NOT NULL,
  `explanation` varchar(255) NOT NULL,
  `number` bigint NOT NULL,
  `option_a` varchar(255) NOT NULL,
  `option_b` varchar(255) NOT NULL,
  `option_c` varchar(255) NOT NULL,
  `option_d` varchar(255) NOT NULL,
  `part6_id` bigint NOT NULL,
  PRIMARY KEY (`id`),
  KEY `FKocn9nbkeycv1w3g2ku5n40agj` (`part6_id`),
  CONSTRAINT `FKocn9nbkeycv1w3g2ku5n40agj` FOREIGN KEY (`part6_id`) REFERENCES `part6` (`id`)
) ENGINE=InnoDB AUTO_INCREMENT=25 DEFAULT CHARSET=utf8mb4 COLLATE=utf8mb4_0900_ai_ci;
/*!40101 SET character_set_client = @saved_cs_client */;

--
-- Dumping data for table `part6_question`
--

LOCK TABLES `part6_question` WRITE;
/*!40000 ALTER TABLE `part6_question` DISABLE KEYS */;
INSERT INTO `part6_question` VALUES (1,'D','Giải thích',1,'(A) are bringing','(B) have brought','(C) bring','(D) are brought',1),(2,'C','Giải thích',2,'(A) This will take a lot of work.','(B) As a result, the convenience shops will be closed.','(C) Because of this, hot meals will not be available for the patrons.','(D) There will be noise and chaos as a result.',1),(3,'C','Giải thích',3,'(A) before','(B) after','(C) during','(D) within',1),(4,'B','Giải thích',4,'(A) develop','(B) improve','(C) rectify','(D) recover',1),(5,'C','Giải thích',1,'(A) account','(B) accountant','(C) accounting','(D) accounted',2),(6,'D','Giải thích',2,'(A) basic','(B) decisive','(C) additional','(D) necessary',2),(7,'B','Giải thích',3,'(A) is being','(B) will be','(C) has been','(D) were being',2),(8,'B','Giải thích',4,'(A) We sincerely thank you for your interest.','(B) The positions begin the following month.','(C) Please call us for more information.','(D) We apologize for any inconvenience',2),(9,'B','Giải thích',1,'(A) durably','(B) durability','(C) durabled','(D) durable',3),(10,'D','Giải thích',2,'(A) Larson’s utensils and silverware go great with the dinnerware.','(B) Our most popular line, the Spring Flower China is sold out at most locations,','(C) Visit our store to check out our other beautiful products.','(D) They are dishwasher- and microwave-safe and we’re confident that you’ll be using them for years to come.',3),(11,'A','Giải thích',3,'(A) result in','(B) occur to','(C) ending at','(D) stop with',3),(12,'C','Giải thích',4,'(A) ambitious','(B) combative','(C) aggressive','(D) complacent',3),(13,'C','Giải thích',1,'(A) distributing','(B) locating','(C) including','(D) advancing',4),(14,'D','Giải thích',2,'(A) were incorporating','(B) should incorporate','(C) are incorporating','(D) could incorporate',4),(15,'B','Giải thích',3,'(A) If we get many suggestions, we could also hold a workshop on the following weekend, December 4th.','(B) We’ll be finalizing our choices by the end of the week.','(C) A large amount of time and energy has gone into organizing this conference.','(D) Inviting friends and family to these events is always encouraged.',4),(16,'C','Giải thích',4,'(A) create','(B) request','(C) submit','(D) transfer',4),(17,'D','Giải thích',1,'(A) personalize','(B) personalizes','(C) personalizing','(D) personalized',5),(18,'C','Giải thích',2,'(A) productive','(B) promoted','(C) residential','(D) relevant',5),(19,'A','Giải thích',3,'(A) Whether','(B) Even if','(C) Even though','(D) Whenever',5),(20,'C','Giải thích',4,'(A) Take a drive out of town and come see us today.','(B) We appreciate your assistance.','(C) Of course, drop-ins are always welcome.','(D) Our kitchen is open from eight to five daily.',5),(21,'C','Giải thích',1,'(A) qualify','(B) qualifying','(C) qualified','(D) to qualify',6),(22,'A','Giải thích',2,'(A) We are looking for candidates that have some experience in Italian food.','(B) We are looking for candidates that have experience fishing.','(C) We are looking for people who can fish.','(D) We are looking for people who want to practice.',6),(23,'A','Giải thích',3,'(A) valid','(B) working','(C) effective','(D) strong',6),(24,'C','Giải thích',4,'(A) She','(B) They','(C) We','(D) He',6);
/*!40000 ALTER TABLE `part6_question` ENABLE KEYS */;
UNLOCK TABLES;

--
-- Table structure for table `part7`
--

DROP TABLE IF EXISTS `part7`;
/*!40101 SET @saved_cs_client     = @@character_set_client */;
/*!50503 SET character_set_client = utf8mb4 */;
CREATE TABLE `part7` (
  `id` bigint NOT NULL AUTO_INCREMENT,
  `script` text NOT NULL,
  `mock_exam_id` bigint DEFAULT NULL,
  `reading_exercise_id` bigint DEFAULT NULL,
  PRIMARY KEY (`id`),
  KEY `FKr67s64xifda5qtcpnychr3ocj` (`mock_exam_id`),
  KEY `FKc52lmo9k3ei1jdrjau3m4wu6s` (`reading_exercise_id`),
  CONSTRAINT `FKc52lmo9k3ei1jdrjau3m4wu6s` FOREIGN KEY (`reading_exercise_id`) REFERENCES `reading_exercise` (`id`),
  CONSTRAINT `FKr67s64xifda5qtcpnychr3ocj` FOREIGN KEY (`mock_exam_id`) REFERENCES `mock_exam` (`id`)
) ENGINE=InnoDB DEFAULT CHARSET=utf8mb4 COLLATE=utf8mb4_0900_ai_ci;
/*!40101 SET character_set_client = @saved_cs_client */;

--
-- Dumping data for table `part7`
--

LOCK TABLES `part7` WRITE;
/*!40000 ALTER TABLE `part7` DISABLE KEYS */;
/*!40000 ALTER TABLE `part7` ENABLE KEYS */;
UNLOCK TABLES;

--
-- Table structure for table `part7_question`
--

DROP TABLE IF EXISTS `part7_question`;
/*!40101 SET @saved_cs_client     = @@character_set_client */;
/*!50503 SET character_set_client = utf8mb4 */;
CREATE TABLE `part7_question` (
  `id` bigint NOT NULL AUTO_INCREMENT,
  `correct_answer` varchar(1) NOT NULL,
  `explanation` varchar(255) NOT NULL,
  `number` bigint NOT NULL,
  `option_a` varchar(255) NOT NULL,
  `option_b` varchar(255) NOT NULL,
  `option_c` varchar(255) NOT NULL,
  `option_d` varchar(255) NOT NULL,
  `part7_id` bigint NOT NULL,
  PRIMARY KEY (`id`),
  KEY `FKqnbpcfia4797cql26n8qxwsaq` (`part7_id`),
  CONSTRAINT `FKqnbpcfia4797cql26n8qxwsaq` FOREIGN KEY (`part7_id`) REFERENCES `part7` (`id`)
) ENGINE=InnoDB DEFAULT CHARSET=utf8mb4 COLLATE=utf8mb4_0900_ai_ci;
/*!40101 SET character_set_client = @saved_cs_client */;

--
-- Dumping data for table `part7_question`
--

LOCK TABLES `part7_question` WRITE;
/*!40000 ALTER TABLE `part7_question` DISABLE KEYS */;
/*!40000 ALTER TABLE `part7_question` ENABLE KEYS */;
UNLOCK TABLES;

--
-- Table structure for table `reading_exercise`
--

DROP TABLE IF EXISTS `reading_exercise`;
/*!40101 SET @saved_cs_client     = @@character_set_client */;
/*!50503 SET character_set_client = utf8mb4 */;
CREATE TABLE `reading_exercise` (
  `id` bigint NOT NULL AUTO_INCREMENT,
  `exercise_name` varchar(255) NOT NULL,
  PRIMARY KEY (`id`)
) ENGINE=InnoDB AUTO_INCREMENT=13 DEFAULT CHARSET=utf8mb4 COLLATE=utf8mb4_0900_ai_ci;
/*!40101 SET character_set_client = @saved_cs_client */;

--
-- Dumping data for table `reading_exercise`
--

LOCK TABLES `reading_exercise` WRITE;
/*!40000 ALTER TABLE `reading_exercise` DISABLE KEYS */;
INSERT INTO `reading_exercise` VALUES (1,'Test 1'),(2,'Test 2'),(3,'Test 3'),(4,'Test 4'),(5,'Test 5'),(6,'Test 6'),(7,'Test 1'),(8,'Test 2'),(9,'Test 3'),(10,'Test 4'),(11,'Test 5'),(12,'Test 6');
/*!40000 ALTER TABLE `reading_exercise` ENABLE KEYS */;
UNLOCK TABLES;

--
-- Table structure for table `role`
--

DROP TABLE IF EXISTS `role`;
/*!40101 SET @saved_cs_client     = @@character_set_client */;
/*!50503 SET character_set_client = utf8mb4 */;
CREATE TABLE `role` (
  `id` bigint NOT NULL AUTO_INCREMENT,
  `role_name` varchar(5) DEFAULT 'USER',
  PRIMARY KEY (`id`)
) ENGINE=InnoDB AUTO_INCREMENT=3 DEFAULT CHARSET=utf8mb4 COLLATE=utf8mb4_0900_ai_ci;
/*!40101 SET character_set_client = @saved_cs_client */;

--
-- Dumping data for table `role`
--

LOCK TABLES `role` WRITE;
/*!40000 ALTER TABLE `role` DISABLE KEYS */;
INSERT INTO `role` VALUES (1,'ADMIN'),(2,'USER');
/*!40000 ALTER TABLE `role` ENABLE KEYS */;
UNLOCK TABLES;

--
-- Table structure for table `test_result`
--

DROP TABLE IF EXISTS `test_result`;
/*!40101 SET @saved_cs_client     = @@character_set_client */;
/*!50503 SET character_set_client = utf8mb4 */;
CREATE TABLE `test_result` (
  `id` int NOT NULL AUTO_INCREMENT,
  `correct_answers` int NOT NULL,
  `incorrect_answers` int NOT NULL,
  `mock_exam_id` bigint NOT NULL,
  `user_id` bigint NOT NULL,
  PRIMARY KEY (`id`),
  KEY `FKmm0ojhmejwfjojqxhd7gtttng` (`mock_exam_id`),
  KEY `FKmu7x4i4r6swolpxwqx0n21lnn` (`user_id`),
  CONSTRAINT `FKmm0ojhmejwfjojqxhd7gtttng` FOREIGN KEY (`mock_exam_id`) REFERENCES `mock_exam` (`id`),
  CONSTRAINT `FKmu7x4i4r6swolpxwqx0n21lnn` FOREIGN KEY (`user_id`) REFERENCES `user` (`id`)
) ENGINE=InnoDB DEFAULT CHARSET=utf8mb4 COLLATE=utf8mb4_0900_ai_ci;
/*!40101 SET character_set_client = @saved_cs_client */;

--
-- Dumping data for table `test_result`
--

LOCK TABLES `test_result` WRITE;
/*!40000 ALTER TABLE `test_result` DISABLE KEYS */;
/*!40000 ALTER TABLE `test_result` ENABLE KEYS */;
UNLOCK TABLES;

--
-- Table structure for table `user`
--

DROP TABLE IF EXISTS `user`;
/*!40101 SET @saved_cs_client     = @@character_set_client */;
/*!50503 SET character_set_client = utf8mb4 */;
CREATE TABLE `user` (
  `id` bigint NOT NULL AUTO_INCREMENT,
  `avatar_url` varchar(255) DEFAULT '/upload-dir/avatar.jpg',
  `email` varchar(50) NOT NULL,
  `password` varchar(255) NOT NULL,
  `username` varchar(50) NOT NULL,
  `role_id` bigint NOT NULL,
  PRIMARY KEY (`id`),
  UNIQUE KEY `UKob8kqyqqgmefl0aco34akdtpe` (`email`),
  UNIQUE KEY `UKsb8bbouer5wak8vyiiy4pf2bx` (`username`),
  KEY `FKn82ha3ccdebhokx3a8fgdqeyy` (`role_id`),
  CONSTRAINT `FKn82ha3ccdebhokx3a8fgdqeyy` FOREIGN KEY (`role_id`) REFERENCES `role` (`id`)
) ENGINE=InnoDB AUTO_INCREMENT=25 DEFAULT CHARSET=utf8mb4 COLLATE=utf8mb4_0900_ai_ci;
/*!40101 SET character_set_client = @saved_cs_client */;

--
-- Dumping data for table `user`
--

LOCK TABLES `user` WRITE;
/*!40000 ALTER TABLE `user` DISABLE KEYS */;
INSERT INTO `user` VALUES (1,'/upload-dir/avatar/admin-ava.jpg','jobhere.22t.nhat1@gmail.com','$2a$10$uX8xty2atSYsbW9AV9r29ObE54h4clLzA4cc1jTMmQsn8/idoRJ0S','admin',1),(2,'/upload-dir/avatar/default-avatar.jpg','hongtrangqn834@gmail.com','$2a$10$uX8xty2atSYsbW9AV9r29ObE54h4clLzA4cc1jTMmQsn8/idoRJ0S','HongTrang834',2),(3,'/upload-dir/avatar/thanhphuong.jpg','phuongsuga333@gmail.com','$2a$10$uX8xty2atSYsbW9AV9r29ObE54h4clLzA4cc1jTMmQsn8/idoRJ0S','TranThiThanhPhuong',2),(4,'/upload-dir/avatar/tuanloc.jpg','tuanloc782004@gmail.com','$2a$10$uX8xty2atSYsbW9AV9r29ObE54h4clLzA4cc1jTMmQsn8/idoRJ0S','leo_tulo_6',2),(5,'/upload-dir/avatar/minhquang.jpg','quangtran1106@gmail.com','$2a$10$uX8xty2atSYsbW9AV9r29ObE54h4clLzA4cc1jTMmQsn8/idoRJ0S','minhquang',2),(6,'/upload-dir/avatar/thanhhuy.jpg','hothanhhuy24062004@gmail.com','$2a$10$uX8xty2atSYsbW9AV9r29ObE54h4clLzA4cc1jTMmQsn8/idoRJ0S','thanhhuy',2),(7,'/upload-dir/avatar/dinhtoan.jpg','toanledinh76@gmail.com','$2a$10$uX8xty2atSYsbW9AV9r29ObE54h4clLzA4cc1jTMmQsn8/idoRJ0S','dinhtoan',2),(8,'/upload-dir/avatar/sithao.jpg','supersaza219@gmail.com','$2a$10$uX8xty2atSYsbW9AV9r29ObE54h4clLzA4cc1jTMmQsn8/idoRJ0S','sithao',2),(9,'/upload-dir/avatar/vanchuong.jpg','nguyenvanchuongwind@gmail.com','$2a$10$uX8xty2atSYsbW9AV9r29ObE54h4clLzA4cc1jTMmQsn8/idoRJ0S','vanchuong',2),(10,'/upload-dir/avatar/phanthanh.jpg','thanhlongtivip@gmail.com','$2a$10$uX8xty2atSYsbW9AV9r29ObE54h4clLzA4cc1jTMmQsn8/idoRJ0S','phanthanh',2),(11,'/upload-dir/avatar/banam.jpg','namnguyenba148@gmail.com','$2a$10$uX8xty2atSYsbW9AV9r29ObE54h4clLzA4cc1jTMmQsn8/idoRJ0S','banam',2),(12,'/upload-dir/avatar/lequyen.jpg','volequyen11042005@gmail.com','$2a$10$uX8xty2atSYsbW9AV9r29ObE54h4clLzA4cc1jTMmQsn8/idoRJ0S','lequyen',2),(13,'/upload-dir/avatar/tuanvu.jpg','vudoan89@gmail.com','$2a$10$uX8xty2atSYsbW9AV9r29ObE54h4clLzA4cc1jTMmQsn8/idoRJ0S','tuanvu',2),(14,'/upload-dir/avatar/default-avatar.jpg','letuan123@gmail.com','$2a$10$uX8xty2atSYsbW9AV9r29ObE54h4clLzA4cc1jTMmQsn8/idoRJ0S','anhtuan',2),(15,'/upload-dir/avatar/default-avatar.jpg','leminh678@gmail.com','$2a$10$uX8xty2atSYsbW9AV9r29ObE54h4clLzA4cc1jTMmQsn8/idoRJ0S','lemin',2),(16,'/upload-dir/avatar/default-avatar.jpg','thanhviet342@gmail.com','$2a$10$uX8xty2atSYsbW9AV9r29ObE54h4clLzA4cc1jTMmQsn8/idoRJ0S','thanhviet',2),(17,'/upload-dir/avatar/default-avatar.jpg','huongbinh888@gmail.com','$2a$10$uX8xty2atSYsbW9AV9r29ObE54h4clLzA4cc1jTMmQsn8/idoRJ0S','huongbinh',2),(18,'/upload-dir/avatar/default-avatar.jpg','khoinguyen789@gmail.com','$2a$10$uX8xty2atSYsbW9AV9r29ObE54h4clLzA4cc1jTMmQsn8/idoRJ0S','khoinguyen',2),(19,'/upload-dir/avatar/default-avatar.jpg','duytran34@gmail.com','$2a$10$uX8xty2atSYsbW9AV9r29ObE54h4clLzA4cc1jTMmQsn8/idoRJ0S','leduy',2),(20,'/upload-dir/avatar/default-avatar.jpg','tranhung230904@gmail.com','$2a$10$uX8xty2atSYsbW9AV9r29ObE54h4clLzA4cc1jTMmQsn8/idoRJ0S','dinhhung',2),(21,'/upload-dir/avatar/default-avatar.jpg','thuclqh@gmail.com','$2a$10$uX8xty2atSYsbW9AV9r29ObE54h4clLzA4cc1jTMmQsn8/idoRJ0S','hoangthuc',2),(22,'/upload-dir/avatar/default-avatar.jpg','viettu23@gmail.com','$2a$10$uX8xty2atSYsbW9AV9r29ObE54h4clLzA4cc1jTMmQsn8/idoRJ0S','viettu',2),(23,'/upload-dir/avatar/default-avatar.jpg','test1@gmail.com','$2a$10$uX8xty2atSYsbW9AV9r29ObE54h4clLzA4cc1jTMmQsn8/idoRJ0S','test1',2),(24,'/upload-dir/avatar/default-avatar.jpg','test5@gmail.com','$2a$10$uX8xty2atSYsbW9AV9r29ObE54h4clLzA4cc1jTMmQsn8/idoRJ0S','test5',2);
/*!40000 ALTER TABLE `user` ENABLE KEYS */;
UNLOCK TABLES;

--
-- Table structure for table `vocabulary_lesson`
--

DROP TABLE IF EXISTS `vocabulary_lesson`;
/*!40101 SET @saved_cs_client     = @@character_set_client */;
/*!50503 SET character_set_client = utf8mb4 */;
CREATE TABLE `vocabulary_lesson` (
  `id` bigint NOT NULL AUTO_INCREMENT,
  `lesson_name` varchar(255) NOT NULL,
  PRIMARY KEY (`id`)
) ENGINE=InnoDB AUTO_INCREMENT=12 DEFAULT CHARSET=utf8mb4 COLLATE=utf8mb4_0900_ai_ci;
/*!40101 SET character_set_client = @saved_cs_client */;

--
-- Dumping data for table `vocabulary_lesson`
--

LOCK TABLES `vocabulary_lesson` WRITE;
/*!40000 ALTER TABLE `vocabulary_lesson` DISABLE KEYS */;
INSERT INTO `vocabulary_lesson` VALUES (1,'Kế hoạch kinh doanh - Phần 1'),(2,'Kế hoạch kinh doanh - Phần 2'),(3,'Kế hoạch kinh doanh - Phần 3'),(4,'Kế hoạch kinh doanh - Phần 4'),(5,'Lương và phúc lợi - Phần 1'),(6,'Lương và phúc lợi - Phần 2'),(7,'Lương và phúc lợi - Phần 3'),(8,'Lương và phúc lợi - Phần 4'),(9,'Máy tính và Internet - Phần 1'),(10,'Máy tính và Internet - Phần 2'),(11,'Máy tính và Internet - Phần 3');
/*!40000 ALTER TABLE `vocabulary_lesson` ENABLE KEYS */;
UNLOCK TABLES;

--
-- Table structure for table `vocabulary_lesson_content`
--

DROP TABLE IF EXISTS `vocabulary_lesson_content`;
/*!40101 SET @saved_cs_client     = @@character_set_client */;
/*!50503 SET character_set_client = utf8mb4 */;
CREATE TABLE `vocabulary_lesson_content` (
  `id` bigint NOT NULL AUTO_INCREMENT,
  `audio_url` varchar(255) DEFAULT NULL,
  `content` varchar(255) NOT NULL,
  `image_url` varchar(255) DEFAULT NULL,
  `meaning` varchar(255) NOT NULL,
  `number` bigint NOT NULL,
  `sentence` text NOT NULL,
  `transcribe` varchar(255) DEFAULT NULL,
  `vocabulary_id` bigint NOT NULL,
  PRIMARY KEY (`id`),
  KEY `FK659xbx88984vbxtha128ro4du` (`vocabulary_id`),
  CONSTRAINT `FK659xbx88984vbxtha128ro4du` FOREIGN KEY (`vocabulary_id`) REFERENCES `vocabulary_lesson` (`id`)
) ENGINE=InnoDB AUTO_INCREMENT=111 DEFAULT CHARSET=utf8mb4 COLLATE=utf8mb4_0900_ai_ci;
/*!40101 SET character_set_client = @saved_cs_client */;

--
-- Dumping data for table `vocabulary_lesson_content`
--

LOCK TABLES `vocabulary_lesson_content` WRITE;
/*!40000 ALTER TABLE `vocabulary_lesson_content` DISABLE KEYS */;
INSERT INTO `vocabulary_lesson_content` VALUES (1,'/upload-dir/audio/20250304_222853_address.mp3','address','/upload-dir/image/20250304_222853_address.jpg','(n,v): (n) địa chỉ, diễn văn, bài nói chuyện, tác phong nói chuyện, sự khôn khéo; (v) trình bày',1,'Marco\'s business plan addresses the needs of small business owners','/ə\'dres/',1),(2,'/upload-dir/audio/20250304_222853_avoid.mp3','avoid','/upload-dir/image/20250304_222853_avoid.jpg','(v): tránh, tránh khỏi; hủy bỏ, bác bỏ',2,'To avoid going out of business, owners should prepare a proper business plan','/ə\'vɔid/',1),(3,'/upload-dir/audio/20250304_222853_demonstrate.mp3','demonstrate','/upload-dir/image/20250304_222853_demonstrate.jpg','(v): bày tỏ, biểu lộ, cho thấy; chứng minh, giải thích',3,'The professor demonstrated through a case study that a business plan can impress a lender','/\'demənstreit/',1),(4,'/upload-dir/audio/20250304_222853_develop.mp3','develop','/upload-dir/image/20250304_222853_develop.jpg','(v): phát triển, tiến triển, triển khai, mở rộng',4,'Lily developed her ideas into a business plan by taking a class at the community college','/di\'veləp/',1),(5,'/upload-dir/audio/20250304_222853_evaluate.mp3','evaluate','/upload-dir/image/20250304_222853_evaluate.jpg','(v): đánh giá, định giá; ước lượng',5,'It\'s important to evaluate your competition when making a business plan','/i\'væljueit/',1),(6,'/upload-dir/audio/20250304_222853_gather.mp3','gather','/upload-dir/image/20250304_222853_gather.jpg','(v): tập hợp, tụ thập, thu thập; kết luận, suy ra',6,'We gathered information for our plan from many sources','/\'gæðə/',1),(7,'/upload-dir/audio/20250304_222853_offer.mp3','offer','/upload-dir/image/20250304_222853_offer.jpg','(n,v): (n) đề xuất, đề nghị, chào mời, chào hàng, dạm, hỏi, ướm; (v) đề nghị',7,'Devon accepted our offer to write the business plan','/\'ɔfə/',1),(8,'/upload-dir/audio/20250304_222853_primarily.mp3','primarily','/upload-dir/image/20250304_222853_primarily.jpg','(adv): trước hết, đầu tiên; chính, chủ yếu, quan trọng nhất',8,'The developers are thinking primarily of how to enter the South American market','/\'praimərili/',1),(9,'/upload-dir/audio/20250304_222853_risk.mp3','risk','/upload-dir/image/20250304_222853_risk.jpg','n): nguy cơ, sự nguy hiểm, sự rủi ro',9,'The primary risk for most start-up businesses is insufficient capital','/rɪsk/',1),(10,'/upload-dir/audio/20250304_222853_strategy.mp3','strategy','/upload-dir/image/20250304_222853_strategy.jpg','(n): chiến lược, sự vạch kế hoạch hành động',10,'A business plan is a strategy for running a business and avoiding problems','/ˈstrætədʒi/',1),(11,'/upload-dir/audio/20250304_222920_address.mp3','address','/upload-dir/image/20250304_222920_address.jpg','(n,v): (n) địa chỉ, diễn văn, bài nói chuyện, tác phong nói chuyện, sự khôn khéo; (v) trình bày',1,'Marco\'s business plan addresses the needs of small business owners','/ə\'dres/',2),(12,'/upload-dir/audio/20250304_222920_avoid.mp3','avoid','/upload-dir/image/20250304_222920_avoid.jpg','(v): tránh, tránh khỏi; hủy bỏ, bác bỏ',2,'To avoid going out of business, owners should prepare a proper business plan','/ə\'vɔid/',2),(13,'/upload-dir/audio/20250304_222920_demonstrate.mp3','demonstrate','/upload-dir/image/20250304_222920_demonstrate.jpg','(v): bày tỏ, biểu lộ, cho thấy; chứng minh, giải thích',3,'The professor demonstrated through a case study that a business plan can impress a lender','/\'demənstreit/',2),(14,'/upload-dir/audio/20250304_222920_develop.mp3','develop','/upload-dir/image/20250304_222920_develop.jpg','(v): phát triển, tiến triển, triển khai, mở rộng',4,'Lily developed her ideas into a business plan by taking a class at the community college','/di\'veləp/',2),(15,'/upload-dir/audio/20250304_222920_evaluate.mp3','evaluate','/upload-dir/image/20250304_222920_evaluate.jpg','(v): đánh giá, định giá; ước lượng',5,'It\'s important to evaluate your competition when making a business plan','/i\'væljueit/',2),(16,'/upload-dir/audio/20250304_222920_gather.mp3','gather','/upload-dir/image/20250304_222920_gather.jpg','(v): tập hợp, tụ thập, thu thập; kết luận, suy ra',6,'We gathered information for our plan from many sources','/\'gæðə/',2),(17,'/upload-dir/audio/20250304_222920_offer.mp3','offer','/upload-dir/image/20250304_222920_offer.jpg','(n,v): (n) đề xuất, đề nghị, chào mời, chào hàng, dạm, hỏi, ướm; (v) đề nghị',7,'Devon accepted our offer to write the business plan','/\'ɔfə/',2),(18,'/upload-dir/audio/20250304_222920_primarily.mp3','primarily','/upload-dir/image/20250304_222920_primarily.jpg','(adv): trước hết, đầu tiên; chính, chủ yếu, quan trọng nhất',8,'The developers are thinking primarily of how to enter the South American market','/\'praimərili/',2),(19,'/upload-dir/audio/20250304_222920_risk.mp3','risk','/upload-dir/image/20250304_222920_risk.jpg','n): nguy cơ, sự nguy hiểm, sự rủi ro',9,'The primary risk for most start-up businesses is insufficient capital','/rɪsk/',2),(20,'/upload-dir/audio/20250304_222920_strategy.mp3','strategy','/upload-dir/image/20250304_222920_strategy.jpg','(n): chiến lược, sự vạch kế hoạch hành động',10,'A business plan is a strategy for running a business and avoiding problems','/ˈstrætədʒi/',2),(21,'/upload-dir/audio/20250304_222947_address.mp3','address','/upload-dir/image/20250304_222947_address.jpg','(n,v): (n) địa chỉ, diễn văn, bài nói chuyện, tác phong nói chuyện, sự khôn khéo; (v) trình bày',1,'Marco\'s business plan addresses the needs of small business owners','/ə\'dres/',3),(22,'/upload-dir/audio/20250304_222947_avoid.mp3','avoid','/upload-dir/image/20250304_222947_avoid.jpg','(v): tránh, tránh khỏi; hủy bỏ, bác bỏ',2,'To avoid going out of business, owners should prepare a proper business plan','/ə\'vɔid/',3),(23,'/upload-dir/audio/20250304_222947_demonstrate.mp3','demonstrate','/upload-dir/image/20250304_222947_demonstrate.jpg','(v): bày tỏ, biểu lộ, cho thấy; chứng minh, giải thích',3,'The professor demonstrated through a case study that a business plan can impress a lender','/\'demənstreit/',3),(24,'/upload-dir/audio/20250304_222947_develop.mp3','develop','/upload-dir/image/20250304_222947_develop.jpg','(v): phát triển, tiến triển, triển khai, mở rộng',4,'Lily developed her ideas into a business plan by taking a class at the community college','/di\'veləp/',3),(25,'/upload-dir/audio/20250304_222947_evaluate.mp3','evaluate','/upload-dir/image/20250304_222947_evaluate.jpg','(v): đánh giá, định giá; ước lượng',5,'It\'s important to evaluate your competition when making a business plan','/i\'væljueit/',3),(26,'/upload-dir/audio/20250304_222947_gather.mp3','gather','/upload-dir/image/20250304_222947_gather.jpg','(v): tập hợp, tụ thập, thu thập; kết luận, suy ra',6,'We gathered information for our plan from many sources','/\'gæðə/',3),(27,'/upload-dir/audio/20250304_222947_offer.mp3','offer','/upload-dir/image/20250304_222947_offer.jpg','(n,v): (n) đề xuất, đề nghị, chào mời, chào hàng, dạm, hỏi, ướm; (v) đề nghị',7,'Devon accepted our offer to write the business plan','/\'ɔfə/',3),(28,'/upload-dir/audio/20250304_222947_primarily.mp3','primarily','/upload-dir/image/20250304_222947_primarily.jpg','(adv): trước hết, đầu tiên; chính, chủ yếu, quan trọng nhất',8,'The developers are thinking primarily of how to enter the South American market','/\'praimərili/',3),(29,'/upload-dir/audio/20250304_222947_risk.mp3','risk','/upload-dir/image/20250304_222947_risk.jpg','n): nguy cơ, sự nguy hiểm, sự rủi ro',9,'The primary risk for most start-up businesses is insufficient capital','/rɪsk/',3),(30,'/upload-dir/audio/20250304_222947_strategy.mp3','strategy','/upload-dir/image/20250304_222947_strategy.jpg','(n): chiến lược, sự vạch kế hoạch hành động',10,'A business plan is a strategy for running a business and avoiding problems','/ˈstrætədʒi/',3),(31,'/upload-dir/audio/20250304_223015_address.mp3','address','/upload-dir/image/20250304_223015_address.jpg','(n,v): (n) địa chỉ, diễn văn, bài nói chuyện, tác phong nói chuyện, sự khôn khéo; (v) trình bày',1,'Marco\'s business plan addresses the needs of small business owners','/ə\'dres/',4),(32,'/upload-dir/audio/20250304_223015_avoid.mp3','avoid','/upload-dir/image/20250304_223015_avoid.jpg','(v): tránh, tránh khỏi; hủy bỏ, bác bỏ',2,'To avoid going out of business, owners should prepare a proper business plan','/ə\'vɔid/',4),(33,'/upload-dir/audio/20250304_223015_demonstrate.mp3','demonstrate','/upload-dir/image/20250304_223015_demonstrate.jpg','(v): bày tỏ, biểu lộ, cho thấy; chứng minh, giải thích',3,'The professor demonstrated through a case study that a business plan can impress a lender','/\'demənstreit/',4),(34,'/upload-dir/audio/20250304_223015_develop.mp3','develop','/upload-dir/image/20250304_223015_develop.jpg','(v): phát triển, tiến triển, triển khai, mở rộng',4,'Lily developed her ideas into a business plan by taking a class at the community college','/di\'veləp/',4),(35,'/upload-dir/audio/20250304_223015_evaluate.mp3','evaluate','/upload-dir/image/20250304_223015_evaluate.jpg','(v): đánh giá, định giá; ước lượng',5,'It\'s important to evaluate your competition when making a business plan','/i\'væljueit/',4),(36,'/upload-dir/audio/20250304_223015_gather.mp3','gather','/upload-dir/image/20250304_223015_gather.jpg','(v): tập hợp, tụ thập, thu thập; kết luận, suy ra',6,'We gathered information for our plan from many sources','/\'gæðə/',4),(37,'/upload-dir/audio/20250304_223015_offer.mp3','offer','/upload-dir/image/20250304_223015_offer.jpg','(n,v): (n) đề xuất, đề nghị, chào mời, chào hàng, dạm, hỏi, ướm; (v) đề nghị',7,'Devon accepted our offer to write the business plan','/\'ɔfə/',4),(38,'/upload-dir/audio/20250304_223015_primarily.mp3','primarily','/upload-dir/image/20250304_223015_primarily.jpg','(adv): trước hết, đầu tiên; chính, chủ yếu, quan trọng nhất',8,'The developers are thinking primarily of how to enter the South American market','/\'praimərili/',4),(39,'/upload-dir/audio/20250304_223015_risk.mp3','risk','/upload-dir/image/20250304_223015_risk.jpg','n): nguy cơ, sự nguy hiểm, sự rủi ro',9,'The primary risk for most start-up businesses is insufficient capital','/rɪsk/',4),(40,'/upload-dir/audio/20250304_223015_strategy.mp3','strategy','/upload-dir/image/20250304_223015_strategy.jpg','(n): chiến lược, sự vạch kế hoạch hành động',10,'A business plan is a strategy for running a business and avoiding problems','/ˈstrætədʒi/',4),(41,'/upload-dir/audio/20250304_223047_basis.mp3','basis','/upload-dir/image/20250304_223047_basis.jpg','(n): nền tảng, cơ sở, căn cứ',1,'The manager didn\'t have any basis for firing the employee','/\'beisis/',5),(42,'/upload-dir/audio/20250304_223047_benefit.mp3','benefit','/upload-dir/image/20250304_223047_benefit.jpg','(n, v): (n) chế độ đãi ngộ, lợi ích, phúc lợi; (v) được lợi',2,'Although the analyst earned a better salary at his new job, his benefits were better at his previous job','/\'benifit/',5),(43,'/upload-dir/audio/20250304_223047_compensate.mp3','compensate','/upload-dir/image/20250304_223047_compensate.jpg','(v): bù, đền bù, bồi thường',3,'The company will compensate employees for any travel expenses','/\'kɔmpenseit/',5),(44,'/upload-dir/audio/20250304_223047_delicately.mp3','delicately','/upload-dir/image/20250304_223047_delicately.jpg','(adv): ‹một cách› tinh vi, tế nhị, lịch thiệp, khôn khéo, thận trọng',4,'The manager delicately asked about the health of his client','/ˈdelɪkət/',5),(45,'/upload-dir/audio/20250304_223047_eligible.mp3','eligible','/upload-dir/image/20250304_223047_eligible.jpg','(adj): thích hợp, đủ tư cách, đủ tiêu chuẩn; có thể chọn được',5,'Some employees may be eligible for the tuition reimbursement plan','/i\'liminəbl/',5),(46,'/upload-dir/audio/20250304_223047_flexibly.mp3','flexibly','/upload-dir/image/20250304_223047_flexibly.jpg','(adv): ‹một cách› mềm dẻo, linh hoạt, linh động',6,'My manager thinks flexibly, enabling herself to solve many sticky problems','/ˈfleksəbl/',5),(47,'/upload-dir/audio/20250304_223047_negotiate.mp3','negotiate','/upload-dir/image/20250304_223047_negotiate.jpg','(v): thương lượng, đàm phán, điều đình',7,'You must know what you want and what you can accept when you negotiate a salary','/ni\'gouʃieit/',5),(48,'/upload-dir/audio/20250304_223047_raise.mp3','raise','/upload-dir/image/20250304_223047_raise.jpg','(n, v): (n) ‹sự› nâng lên, tăng lên, tăng lương; (v) nâng lên, đưa lên',8,' We need to raise the standard for timeliness','/reiz/',5),(49,'/upload-dir/audio/20250304_223047_retire.mp3','retire','/upload-dir/image/20250304_223047_retire.jpg','(v): nghỉ hưu',9,'She was forced to retire early from teaching because of ill health','/ri\'taiə/',5),(50,'/upload-dir/audio/20250304_223047_vested.mp3','vested','/upload-dir/image/20250304_223047_vested.jpg','(adj): được trao, được ban, được phong; quyền được bảo đảm',10,'The day that Ms. Weng became fully vested in the retirement plan, she gave her two weeks\' notice','/\'vestid/',5),(51,'/upload-dir/audio/20250304_223115_basis.mp3','basis','/upload-dir/image/20250304_223115_basis.jpg','(n): nền tảng, cơ sở, căn cứ',1,'The manager didn\'t have any basis for firing the employee','/\'beisis/',6),(52,'/upload-dir/audio/20250304_223115_benefit.mp3','benefit','/upload-dir/image/20250304_223115_benefit.jpg','(n, v): (n) chế độ đãi ngộ, lợi ích, phúc lợi; (v) được lợi',2,'Although the analyst earned a better salary at his new job, his benefits were better at his previous job','/\'benifit/',6),(53,'/upload-dir/audio/20250304_223115_compensate.mp3','compensate','/upload-dir/image/20250304_223115_compensate.jpg','(v): bù, đền bù, bồi thường',3,'The company will compensate employees for any travel expenses','/\'kɔmpenseit/',6),(54,'/upload-dir/audio/20250304_223115_delicately.mp3','delicately','/upload-dir/image/20250304_223115_delicately.jpg','(adv): ‹một cách› tinh vi, tế nhị, lịch thiệp, khôn khéo, thận trọng',4,'The manager delicately asked about the health of his client','/ˈdelɪkət/',6),(55,'/upload-dir/audio/20250304_223115_eligible.mp3','eligible','/upload-dir/image/20250304_223115_eligible.jpg','(adj): thích hợp, đủ tư cách, đủ tiêu chuẩn; có thể chọn được',5,'Some employees may be eligible for the tuition reimbursement plan','/i\'liminəbl/',6),(56,'/upload-dir/audio/20250304_223115_flexibly.mp3','flexibly','/upload-dir/image/20250304_223115_flexibly.jpg','(adv): ‹một cách› mềm dẻo, linh hoạt, linh động',6,'My manager thinks flexibly, enabling herself to solve many sticky problems','/ˈfleksəbl/',6),(57,'/upload-dir/audio/20250304_223115_negotiate.mp3','negotiate','/upload-dir/image/20250304_223115_negotiate.jpg','(v): thương lượng, đàm phán, điều đình',7,'You must know what you want and what you can accept when you negotiate a salary','/ni\'gouʃieit/',6),(58,'/upload-dir/audio/20250304_223115_raise.mp3','raise','/upload-dir/image/20250304_223115_raise.jpg','(n, v): (n) ‹sự› nâng lên, tăng lên, tăng lương; (v) nâng lên, đưa lên',8,' We need to raise the standard for timeliness','/reiz/',6),(59,'/upload-dir/audio/20250304_223115_retire.mp3','retire','/upload-dir/image/20250304_223115_retire.jpg','(v): nghỉ hưu',9,'She was forced to retire early from teaching because of ill health','/ri\'taiə/',6),(60,'/upload-dir/audio/20250304_223115_vested.mp3','vested','/upload-dir/image/20250304_223115_vested.jpg','(adj): được trao, được ban, được phong; quyền được bảo đảm',10,'The day that Ms. Weng became fully vested in the retirement plan, she gave her two weeks\' notice','/\'vestid/',6),(61,'/upload-dir/audio/20250304_223140_basis.mp3','basis','/upload-dir/image/20250304_223140_basis.jpg','(n): nền tảng, cơ sở, căn cứ',1,'The manager didn\'t have any basis for firing the employee','/\'beisis/',7),(62,'/upload-dir/audio/20250304_223140_benefit.mp3','benefit','/upload-dir/image/20250304_223140_benefit.jpg','(n, v): (n) chế độ đãi ngộ, lợi ích, phúc lợi; (v) được lợi',2,'Although the analyst earned a better salary at his new job, his benefits were better at his previous job','/\'benifit/',7),(63,'/upload-dir/audio/20250304_223140_compensate.mp3','compensate','/upload-dir/image/20250304_223140_compensate.jpg','(v): bù, đền bù, bồi thường',3,'The company will compensate employees for any travel expenses','/\'kɔmpenseit/',7),(64,'/upload-dir/audio/20250304_223140_delicately.mp3','delicately','/upload-dir/image/20250304_223140_delicately.jpg','(adv): ‹một cách› tinh vi, tế nhị, lịch thiệp, khôn khéo, thận trọng',4,'The manager delicately asked about the health of his client','/ˈdelɪkət/',7),(65,'/upload-dir/audio/20250304_223140_eligible.mp3','eligible','/upload-dir/image/20250304_223140_eligible.jpg','(adj): thích hợp, đủ tư cách, đủ tiêu chuẩn; có thể chọn được',5,'Some employees may be eligible for the tuition reimbursement plan','/i\'liminəbl/',7),(66,'/upload-dir/audio/20250304_223140_flexibly.mp3','flexibly','/upload-dir/image/20250304_223140_flexibly.jpg','(adv): ‹một cách› mềm dẻo, linh hoạt, linh động',6,'My manager thinks flexibly, enabling herself to solve many sticky problems','/ˈfleksəbl/',7),(67,'/upload-dir/audio/20250304_223140_negotiate.mp3','negotiate','/upload-dir/image/20250304_223140_negotiate.jpg','(v): thương lượng, đàm phán, điều đình',7,'You must know what you want and what you can accept when you negotiate a salary','/ni\'gouʃieit/',7),(68,'/upload-dir/audio/20250304_223140_raise.mp3','raise','/upload-dir/image/20250304_223140_raise.jpg','(n, v): (n) ‹sự› nâng lên, tăng lên, tăng lương; (v) nâng lên, đưa lên',8,' We need to raise the standard for timeliness','/reiz/',7),(69,'/upload-dir/audio/20250304_223140_retire.mp3','retire','/upload-dir/image/20250304_223140_retire.jpg','(v): nghỉ hưu',9,'She was forced to retire early from teaching because of ill health','/ri\'taiə/',7),(70,'/upload-dir/audio/20250304_223140_vested.mp3','vested','/upload-dir/image/20250304_223140_vested.jpg','(adj): được trao, được ban, được phong; quyền được bảo đảm',10,'The day that Ms. Weng became fully vested in the retirement plan, she gave her two weeks\' notice','/\'vestid/',7),(71,'/upload-dir/audio/20250304_223200_basis.mp3','basis','/upload-dir/image/20250304_223200_basis.jpg','(n): nền tảng, cơ sở, căn cứ',1,'The manager didn\'t have any basis for firing the employee','/\'beisis/',8),(72,'/upload-dir/audio/20250304_223200_benefit.mp3','benefit','/upload-dir/image/20250304_223200_benefit.jpg','(n, v): (n) chế độ đãi ngộ, lợi ích, phúc lợi; (v) được lợi',2,'Although the analyst earned a better salary at his new job, his benefits were better at his previous job','/\'benifit/',8),(73,'/upload-dir/audio/20250304_223200_compensate.mp3','compensate','/upload-dir/image/20250304_223200_compensate.jpg','(v): bù, đền bù, bồi thường',3,'The company will compensate employees for any travel expenses','/\'kɔmpenseit/',8),(74,'/upload-dir/audio/20250304_223200_delicately.mp3','delicately','/upload-dir/image/20250304_223200_delicately.jpg','(adv): ‹một cách› tinh vi, tế nhị, lịch thiệp, khôn khéo, thận trọng',4,'The manager delicately asked about the health of his client','/ˈdelɪkət/',8),(75,'/upload-dir/audio/20250304_223200_eligible.mp3','eligible','/upload-dir/image/20250304_223200_eligible.jpg','(adj): thích hợp, đủ tư cách, đủ tiêu chuẩn; có thể chọn được',5,'Some employees may be eligible for the tuition reimbursement plan','/i\'liminəbl/',8),(76,'/upload-dir/audio/20250304_223200_flexibly.mp3','flexibly','/upload-dir/image/20250304_223200_flexibly.jpg','(adv): ‹một cách› mềm dẻo, linh hoạt, linh động',6,'My manager thinks flexibly, enabling herself to solve many sticky problems','/ˈfleksəbl/',8),(77,'/upload-dir/audio/20250304_223200_negotiate.mp3','negotiate','/upload-dir/image/20250304_223200_negotiate.jpg','(v): thương lượng, đàm phán, điều đình',7,'You must know what you want and what you can accept when you negotiate a salary','/ni\'gouʃieit/',8),(78,'/upload-dir/audio/20250304_223200_raise.mp3','raise','/upload-dir/image/20250304_223200_raise.jpg','(n, v): (n) ‹sự› nâng lên, tăng lên, tăng lương; (v) nâng lên, đưa lên',8,' We need to raise the standard for timeliness','/reiz/',8),(79,'/upload-dir/audio/20250304_223200_retire.mp3','retire','/upload-dir/image/20250304_223200_retire.jpg','(v): nghỉ hưu',9,'She was forced to retire early from teaching because of ill health','/ri\'taiə/',8),(80,'/upload-dir/audio/20250304_223200_vested.mp3','vested','/upload-dir/image/20250304_223200_vested.jpg','(adj): được trao, được ban, được phong; quyền được bảo đảm',10,'The day that Ms. Weng became fully vested in the retirement plan, she gave her two weeks\' notice','/\'vestid/',8),(81,'/upload-dir/audio/20250304_223345_access.mp3','access','/upload-dir/image/20250304_223345_access.jpg','(n, v): (n) lối vào, đường vào, sự/quyền truy cập; (v) truy cập',1,'You can\'t gain access to the files unless you know the password','/ˈækses/',9),(82,'/upload-dir/audio/20250304_223345_allocate.mp3','allocate','/upload-dir/image/20250304_223345_allocate.jpg','(v): cấp cho, phân phối, phân phát, chia phần; chỉ định, định rõ vị trí',2,'The office manager did not allocate enough money to purchase software','/ˈæləkeɪt/',9),(83,'/upload-dir/audio/20250304_223345_compatible.mp3','compatible','/upload-dir/image/20250304_223345_compatible.jpg','(adj): tương thích, tương hợp, hợp nhau, có thể dùng được với nhau',3,'This operating system is not compatible with this model computer','/kəm\'pætəbl/',9),(84,'/upload-dir/audio/20250304_223345_delete.mp3','delete','/upload-dir/image/20250304_223345_delete.jpg',' (v): xóa đi, bỏ đi, gạch đi (to remove, to erase)',4,'The technicians deleted all the data on the disk accidentally','/di\'li:t/',9),(85,'/upload-dir/audio/20250304_223345_display.mp3','display','/upload-dir/image/20250304_223345_display.jpg','(v, n): (v) hiển thị, biểu lộ, phô bày, trình bày, trưng bày; (n) sự trưng bày',5,'The accounting program displays a current balance when opened.','/dis\'plei/',9),(86,'/upload-dir/audio/20250304_223345_duplicate.mp3','duplicate','/upload-dir/image/20250304_223345_duplicate.jpg','(v): sao lại, làm thành 2 bản, gấp đôi, nhân đôi',6,'I think the new word processing program will duplicate the success of the one introduced last year','/\'dju:plikit/',9),(87,'/upload-dir/audio/20250304_223345_failure.mp3','failure','/upload-dir/image/20250304_223345_failure.jpg','(n): hỏng, thiếu, yếu, trượt, thất bại, bất thành',7,'Your failure to inform us about the changed password cost the company a day\'s work','/\'feiljə/',9),(88,'/upload-dir/audio/20250304_223345_figure_out.mp3','figure out','/upload-dir/image/20250304_223345_figure_out.jpg',' (v): tìm hiểu, đoán ra, tính toán ra, giải ra',8,'By examining all of the errors, the technicians figured out how to fix the problem','/ˈfɪɡə/ /aʊt/',9),(89,'/upload-dir/audio/20250304_223345_ignore.mp3','ignore','/upload-dir/image/20250304_223345_ignore.jpg','(v): bỏ qua, phớt lờ, không để ý tới',9,'He ignored all the \'No Smoking\' signs and lit up a cigarette','/ig\'nɔ:/',9),(90,'/upload-dir/audio/20250304_223345_search.mp3','search','/upload-dir/image/20250304_223345_search.jpg',' (n, v): (n) tìm kiếm, tìm hiểu; điều tra, thăm dò; (v) tìm',10,' Our search of the database produced very little information','/sə:tʃ/',9),(91,'/upload-dir/audio/20250304_223409_access.mp3','access','/upload-dir/image/20250304_223409_access.jpg','(n, v): (n) lối vào, đường vào, sự/quyền truy cập; (v) truy cập',1,'You can\'t gain access to the files unless you know the password','/ˈækses/',10),(92,'/upload-dir/audio/20250304_223409_allocate.mp3','allocate','/upload-dir/image/20250304_223409_allocate.jpg','(v): cấp cho, phân phối, phân phát, chia phần; chỉ định, định rõ vị trí',2,'The office manager did not allocate enough money to purchase software','/ˈæləkeɪt/',10),(93,'/upload-dir/audio/20250304_223409_compatible.mp3','compatible','/upload-dir/image/20250304_223409_compatible.jpg','(adj): tương thích, tương hợp, hợp nhau, có thể dùng được với nhau',3,'This operating system is not compatible with this model computer','/kəm\'pætəbl/',10),(94,'/upload-dir/audio/20250304_223409_delete.mp3','delete','/upload-dir/image/20250304_223409_delete.jpg',' (v): xóa đi, bỏ đi, gạch đi (to remove, to erase)',4,'The technicians deleted all the data on the disk accidentally','/di\'li:t/',10),(95,'/upload-dir/audio/20250304_223409_display.mp3','display','/upload-dir/image/20250304_223409_display.jpg','(v, n): (v) hiển thị, biểu lộ, phô bày, trình bày, trưng bày; (n) sự trưng bày',5,'The accounting program displays a current balance when opened.','/dis\'plei/',10),(96,'/upload-dir/audio/20250304_223409_duplicate.mp3','duplicate','/upload-dir/image/20250304_223409_duplicate.jpg','(v): sao lại, làm thành 2 bản, gấp đôi, nhân đôi',6,'I think the new word processing program will duplicate the success of the one introduced last year','/\'dju:plikit/',10),(97,'/upload-dir/audio/20250304_223409_failure.mp3','failure','/upload-dir/image/20250304_223409_failure.jpg','(n): hỏng, thiếu, yếu, trượt, thất bại, bất thành',7,'Your failure to inform us about the changed password cost the company a day\'s work','/\'feiljə/',10),(98,'/upload-dir/audio/20250304_223409_figure_out.mp3','figure out','/upload-dir/image/20250304_223409_figure_out.jpg',' (v): tìm hiểu, đoán ra, tính toán ra, giải ra',8,'By examining all of the errors, the technicians figured out how to fix the problem','/ˈfɪɡə/ /aʊt/',10),(99,'/upload-dir/audio/20250304_223409_ignore.mp3','ignore','/upload-dir/image/20250304_223409_ignore.jpg','(v): bỏ qua, phớt lờ, không để ý tới',9,'He ignored all the \'No Smoking\' signs and lit up a cigarette','/ig\'nɔ:/',10),(100,'/upload-dir/audio/20250304_223409_search.mp3','search','/upload-dir/image/20250304_223409_search.jpg',' (n, v): (n) tìm kiếm, tìm hiểu; điều tra, thăm dò; (v) tìm',10,' Our search of the database produced very little information','/sə:tʃ/',10),(101,'/upload-dir/audio/20250304_223433_access.mp3','access','/upload-dir/image/20250304_223433_access.jpg','(n, v): (n) lối vào, đường vào, sự/quyền truy cập; (v) truy cập',1,'You can\'t gain access to the files unless you know the password','/ˈækses/',11),(102,'/upload-dir/audio/20250304_223433_allocate.mp3','allocate','/upload-dir/image/20250304_223433_allocate.jpg','(v): cấp cho, phân phối, phân phát, chia phần; chỉ định, định rõ vị trí',2,'The office manager did not allocate enough money to purchase software','/ˈæləkeɪt/',11),(103,'/upload-dir/audio/20250304_223433_compatible.mp3','compatible','/upload-dir/image/20250304_223433_compatible.jpg','(adj): tương thích, tương hợp, hợp nhau, có thể dùng được với nhau',3,'This operating system is not compatible with this model computer','/kəm\'pætəbl/',11),(104,'/upload-dir/audio/20250304_223433_delete.mp3','delete','/upload-dir/image/20250304_223433_delete.jpg',' (v): xóa đi, bỏ đi, gạch đi (to remove, to erase)',4,'The technicians deleted all the data on the disk accidentally','/di\'li:t/',11),(105,'/upload-dir/audio/20250304_223433_display.mp3','display','/upload-dir/image/20250304_223433_display.jpg','(v, n): (v) hiển thị, biểu lộ, phô bày, trình bày, trưng bày; (n) sự trưng bày',5,'The accounting program displays a current balance when opened.','/dis\'plei/',11),(106,'/upload-dir/audio/20250304_223433_duplicate.mp3','duplicate','/upload-dir/image/20250304_223433_duplicate.jpg','(v): sao lại, làm thành 2 bản, gấp đôi, nhân đôi',6,'I think the new word processing program will duplicate the success of the one introduced last year','/\'dju:plikit/',11),(107,'/upload-dir/audio/20250304_223433_failure.mp3','failure','/upload-dir/image/20250304_223433_failure.jpg','(n): hỏng, thiếu, yếu, trượt, thất bại, bất thành',7,'Your failure to inform us about the changed password cost the company a day\'s work','/\'feiljə/',11),(108,'/upload-dir/audio/20250304_223433_figure_out.mp3','figure out','/upload-dir/image/20250304_223433_figure_out.jpg',' (v): tìm hiểu, đoán ra, tính toán ra, giải ra',8,'By examining all of the errors, the technicians figured out how to fix the problem','/ˈfɪɡə/ /aʊt/',11),(109,'/upload-dir/audio/20250304_223433_ignore.mp3','ignore','/upload-dir/image/20250304_223433_ignore.jpg','(v): bỏ qua, phớt lờ, không để ý tới',9,'He ignored all the \'No Smoking\' signs and lit up a cigarette','/ig\'nɔ:/',11),(110,'/upload-dir/audio/20250304_223433_search.mp3','search','/upload-dir/image/20250304_223433_search.jpg',' (n, v): (n) tìm kiếm, tìm hiểu; điều tra, thăm dò; (v) tìm',10,' Our search of the database produced very little information','/sə:tʃ/',11);
/*!40000 ALTER TABLE `vocabulary_lesson_content` ENABLE KEYS */;
UNLOCK TABLES;
/*!40103 SET TIME_ZONE=@OLD_TIME_ZONE */;

/*!40101 SET SQL_MODE=@OLD_SQL_MODE */;
/*!40014 SET FOREIGN_KEY_CHECKS=@OLD_FOREIGN_KEY_CHECKS */;
/*!40014 SET UNIQUE_CHECKS=@OLD_UNIQUE_CHECKS */;
/*!40101 SET CHARACTER_SET_CLIENT=@OLD_CHARACTER_SET_CLIENT */;
/*!40101 SET CHARACTER_SET_RESULTS=@OLD_CHARACTER_SET_RESULTS */;
/*!40101 SET COLLATION_CONNECTION=@OLD_COLLATION_CONNECTION */;
/*!40111 SET SQL_NOTES=@OLD_SQL_NOTES */;

-- Dump completed on 2025-03-08 22:31:35
